file_id,company,cik,form,file_date,period_ending,location,accession
0001477932-26-002727:cctc_10ka.htm,Catalyst Crew Technologies Corp.  (CCTC)  (CIK 0001477960),0001477960,10-K/A,2026-05-04,2025-12-31,"Piso 4 Oficina 4-d, Urb Boleit",0001477932-26-002727
0001683168-26-002984:loan_i10k-123125.htm,"Loan Artificial Intelligence Corp.  (LAAI, VEST)  (CIK 0001594968)",0001594968,10-K,2026-04-15,2025-12-31,Admiralty,0001683168-26-002984
0001493152-26-027796:form10-k.htm,Artificial Intelligence Technology Solutions Inc.  (AITX)  (CIK 0001498148),0001498148,10-K,2026-06-09,2026-02-28,"Ferndale, MI",0001493152-26-027796
0001493152-26-033600:form10-ka.htm,Artificial Intelligence Technology Solutions Inc.  (AITX)  (CIK 0001498148),0001498148,10-K/A,2026-07-17,2026-02-28,"Ferndale, MI",0001493152-26-033600
0001628280-26-020560:ihamconsolidation-fy2025ex.htm,ARES CAPITAL CORP  (ARCC)  (CIK 0001287750),0001287750,10-K/A,2026-03-23,2025-12-31,"New York, NY",0001628280-26-020560
0001683168-26-004391:kinetic_i10k-123125.htm,Kinetic Seas Inc.  (KSEZ)  (CIK 0001945619),0001945619,10-K,2026-05-29,2025-12-31,"Schaumburg, IL",0001683168-26-004391
0001193125-26-114266:ck0001784700-ex99_1.htm,Varagon Capital Corp  (CIK 0001784700),0001784700,10-K,2026-03-18,2025-12-31,"New York, NY",0001193125-26-114266
0001213900-26-034538:ea0281818-10k_linkhome.htm,Linkhome Holdings Inc.  (LHAI)  (CIK 0002017758),0002017758,10-K,2026-03-26,2025-12-31,"Irvine, CA",0001213900-26-034538
0001213900-26-059081:ea0291456-10ka1_linkhome.htm,Linkhome Holdings Inc.  (LHAI)  (CIK 0002017758),0002017758,10-K/A,2026-05-19,2025-12-31,"Irvine, CA",0001213900-26-059081
0001628280-26-025356:domo-20260131.htm,"DOMO, INC.  (DOMO)  (CIK 0001505952)",0001505952,10-K,2026-04-16,2026-01-31,"American Fork, UT",0001628280-26-025356
0001193125-26-091708:rdvt-20251231.htm,"Red Violet, Inc.  (RDVT)  (CIK 0001720116)",0001720116,10-K,2026-03-04,2025-12-31,"Boca Raton, FL",0001193125-26-091708
0001018724-26-000004:amzn-20251231.htm,AMAZON COM INC  (AMZN)  (CIK 0001018724),0001018724,10-K,2026-02-06,2025-12-31,"Seattle, WA",0001018724-26-000004
0001193125-26-237024:crvl-20260331.htm,CORVEL CORP  (CRVL)  (CIK 0000874866),0000874866,10-K,2026-05-22,2026-03-31,"Portland, OR",0001193125-26-237024
0000033185-26-000010:efx-20251231.htm,EQUIFAX INC  (EFX)  (CIK 0000033185),0000033185,10-K,2026-02-19,2025-12-31,"Atlanta, GA",0000033185-26-000010
0001096906-26-000430:fccn-20251231_10k.htm,SPECTRAL CAPITAL Corp  (FCCN)  (CIK 0001131903),0001131903,10-K,2026-03-31,2025-12-31,"Seattle, WA",0001096906-26-000430
0001104659-26-020655:inod-20251231x10k.htm,INNODATA INC  (INOD)  (CIK 0000903651),0000903651,10-K,2026-02-26,2025-12-31,"Ridgefield Park, NJ",0001104659-26-020655
0001213900-26-036897:ea0283159-10k_domin.htm,Dominari Holdings Inc.  (DOMH)  (CIK 0000012239),0000012239,10-K,2026-03-31,2025-12-31,"New York, NY",0001213900-26-036897
0001691421-26-000016:lmnd-20251231.htm,"Lemonade, Inc.  (LMND)  (CIK 0001691421)",0001691421,10-K,2026-02-25,2025-12-31,"New York, NY",0001691421-26-000016
0001193125-26-067030:saia-20251231.htm,SAIA INC  (SAIA)  (CIK 0001177702),0001177702,10-K,2026-02-24,2025-12-31,"Johns Creek, GA",0001193125-26-067030
0001628280-26-013259:semr-20251231.htm,"SEMrush Holdings, Inc.  (SEMR)  (CIK 0001831840)",0001831840,10-K,2026-03-02,2025-12-31,"Boston, MA",0001628280-26-013259
0001493152-26-011691:ex10-23.htm,Odysight.ai Inc.  (ODYS)  (CIK 0001577445),0001577445,10-K,2026-03-19,2025-12-31,"Scottsdale, AZ",0001493152-26-011691
0001213900-26-073032:ea0295808-10k_medical.htm,MEDICAL EXERCISE INC.  (CIK 0002001249),0002001249,10-K,2026-06-29,2026-03-31,"North Palm Beach, FL",0001213900-26-073032
0001477932-26-002711:nbbi_10k.htm,"BMP AI Technologies, Inc.  (BMPA)  (CIK 0001130781)",0001130781,10-K,2026-05-01,2025-12-31,Las Vegas,0001477932-26-002711
0001757073-26-000011:nvst-20251231.htm,Envista Holdings Corp  (NVST)  (CIK 0001757073),0001757073,10-K,2026-02-12,2025-12-31,"Brea, CA",0001757073-26-000011
0001493152-26-020948:form10-ka.htm,OneMeta Inc.  (ONEI)  (CIK 0001388295),0001388295,10-K/A,2026-05-04,2025-12-31,"Newport Beach, CA",0001493152-26-020948
0001493152-26-016782:form10-k.htm,OneMeta Inc.  (ONEI)  (CIK 0001388295),0001388295,10-K,2026-04-15,2025-12-31,"Newport Beach, CA",0001493152-26-016782
0000021076-26-000034:clx-20260630.htm,CLOROX CO /DE/  (CLX)  (CIK 0000021076),0000021076,10-K,2026-08-07,2026-06-30,"Oakland, CA",0000021076-26-000034
0001193125-26-068600:trin-20251231.htm,"Trinity Capital Inc.  (TRIN, TRINI, TRINZ)  (CIK 0001786108)",0001786108,10-K,2026-02-25,2025-12-31,"Phoenix, AZ",0001193125-26-068600
0001493152-26-027796:ex21-1.htm,Artificial Intelligence Technology Solutions Inc.  (AITX)  (CIK 0001498148),0001498148,10-K,2026-06-09,2026-02-28,"Ferndale, MI",0001493152-26-027796
0001493152-26-033600:ex21-1.htm,Artificial Intelligence Technology Solutions Inc.  (AITX)  (CIK 0001498148),0001498148,10-K/A,2026-07-17,2026-02-28,"Ferndale, MI",0001493152-26-033600
0000012659-26-000026:hrb-20260630.htm,H&R BLOCK INC  (HRB)  (CIK 0000012659),0000012659,10-K,2026-08-14,2026-06-30,"Kansas City, MO",0000012659-26-000026
0001683168-26-002984:loan_ex3201.htm,"Loan Artificial Intelligence Corp.  (LAAI, VEST)  (CIK 0001594968)",0001594968,10-K,2026-04-15,2025-12-31,Admiralty,0001683168-26-002984
0001683168-26-002984:loan_ex3202.htm,"Loan Artificial Intelligence Corp.  (LAAI, VEST)  (CIK 0001594968)",0001594968,10-K,2026-04-15,2025-12-31,Admiralty,0001683168-26-002984
0001828108-26-000016:aur-20251231.htm,"Aurora Innovation, Inc.  (AUR, AUROW)  (CIK 0001828108)",0001828108,10-K,2026-02-11,2025-12-31,"Pittsburgh, PA",0001828108-26-000016
0001493152-26-033600:ex32-1.htm,Artificial Intelligence Technology Solutions Inc.  (AITX)  (CIK 0001498148),0001498148,10-K/A,2026-07-17,2026-02-28,"Ferndale, MI",0001493152-26-033600
0001213900-26-065803:ea0293498-10ka_spectral.htm,SPECTRAL CAPITAL Corp  (FCCN)  (CIK 0001131903),0001131903,10-K/A,2026-06-05,2024-12-31,"Seattle, WA",0001213900-26-065803
0001628280-26-006372:zws-20251231.htm,Zurn Elkay Water Solutions Corp  (ZWS)  (CIK 0001439288),0001439288,10-K,2026-02-09,2025-12-31,"Milwaukee, WI",0001628280-26-006372
0001493152-26-033600:ex32-2.htm,Artificial Intelligence Technology Solutions Inc.  (AITX)  (CIK 0001498148),0001498148,10-K/A,2026-07-17,2026-02-28,"Ferndale, MI",0001493152-26-033600
0001493152-26-027796:ex32-2.htm,Artificial Intelligence Technology Solutions Inc.  (AITX)  (CIK 0001498148),0001498148,10-K,2026-06-09,2026-02-28,"Ferndale, MI",0001493152-26-027796
0001213900-26-033427:ea0280137-10k_venhub.htm,"VenHub Global, Inc.  (VHUB)  (CIK 0001972234)",0001972234,10-K,2026-03-24,2025-12-31,"Pasadena, CA",0001213900-26-033427
0001493152-26-027796:ex32-1.htm,Artificial Intelligence Technology Solutions Inc.  (AITX)  (CIK 0001498148),0001498148,10-K,2026-06-09,2026-02-28,"Ferndale, MI",0001493152-26-027796
0001199835-26-000084:lsmg-10k.htm,"FinTrade Sherpa, Inc.  (FTSP)  (CIK 0001319643)",0001319643,10-K,2026-03-31,2025-12-31,"Cypress, TX",0001199835-26-000084
0001390777-26-000033:bk-20251231_d2.htm,"Bank of New York Mellon Corp  (BK, BK-PK)  (CIK 0001390777)",0001390777,10-K,2026-02-25,2025-12-31,"New York, NY",0001390777-26-000033
0001193125-26-356919:jbss-ex19.htm,SANFILIPPO JOHN B & SON INC  (JBSS)  (CIK 0000880117),0000880117,10-K,2026-08-19,2026-06-25,"Elgin, IL",0001193125-26-356919
0001493152-26-014362:form10-k.htm,BLUSKY AI INC.  (BSAI)  (CIK 0001416090),0001416090,10-K,2026-03-31,2025-12-31,"Murray, UT",0001493152-26-014362
0001628280-26-016543:voyg-20251231.htm,"Voyager Technologies, Inc./DE  (VOYG)  (CIK 0001788060)",0001788060,10-K,2026-03-10,2025-12-31,"Denver, CO",0001628280-26-016543
0001437749-26-009176:ovtz20251231_10k.htm,OCULUS INC.  (OVTZ)  (CIK 0001107280),0001107280,10-K,2026-03-20,2025-12-31,Vancouver,0001437749-26-009176
0001213900-26-029223:ea0281075-10k_gaxos.htm,GAXOS.AI INC.  (GXAI)  (CIK 0001895618),0001895618,10-K,2026-03-17,2025-12-31,"Roseland, NJ",0001213900-26-029223
0000860731-26-000016:tyl-20251231.htm,TYLER TECHNOLOGIES INC  (TYL)  (CIK 0000860731),0000860731,10-K,2026-02-18,2025-12-31,"Plano, TX",0000860731-26-000016
0001842563-26-000006:gogo_10k2026.htm,"Go Go Buyers, Inc.  (CIK 0001842563)",0001842563,10-K,2026-04-14,2025-12-31,"Las Vegas, NV",0001842563-26-000006
0001477932-26-002294:cctc_10k.htm,Catalyst Crew Technologies Corp.  (CCTC)  (CIK 0001477960),0001477960,10-K,2026-04-16,2025-12-31,"Piso 4 Oficina 4-d, Urb Boleit",0001477932-26-002294
0001654954-26-001943:inuvo_10k.htm,"Inuvo, Inc.  (INUV)  (CIK 0000829323)",0000829323,10-K,2026-03-05,2025-12-31,"Little Rock, AR",0001654954-26-001943
0001683168-26-002984:loan_ex3101.htm,"Loan Artificial Intelligence Corp.  (LAAI, VEST)  (CIK 0001594968)",0001594968,10-K,2026-04-15,2025-12-31,Admiralty,0001683168-26-002984
0001493152-26-027796:ex31-1.htm,Artificial Intelligence Technology Solutions Inc.  (AITX)  (CIK 0001498148),0001498148,10-K,2026-06-09,2026-02-28,"Ferndale, MI",0001493152-26-027796
0001493152-26-033600:ex31-2.htm,Artificial Intelligence Technology Solutions Inc.  (AITX)  (CIK 0001498148),0001498148,10-K/A,2026-07-17,2026-02-28,"Ferndale, MI",0001493152-26-033600
0001493152-26-027796:ex31-2.htm,Artificial Intelligence Technology Solutions Inc.  (AITX)  (CIK 0001498148),0001498148,10-K,2026-06-09,2026-02-28,"Ferndale, MI",0001493152-26-027796
0001493152-26-033600:ex31-1.htm,Artificial Intelligence Technology Solutions Inc.  (AITX)  (CIK 0001498148),0001498148,10-K/A,2026-07-17,2026-02-28,"Ferndale, MI",0001493152-26-033600
0001193125-26-054739:bmi-20251231.htm,BADGER METER INC  (BMI)  (CIK 0000009092),0000009092,10-K,2026-02-17,2025-12-31,"Milwaukee, WI",0001193125-26-054739
0001079973-26-000405:duos_10k-123125.htm,"DUOS TECHNOLOGIES GROUP, INC.  (DUOT)  (CIK 0001396536)",0001396536,10-K,2026-03-31,2025-12-31,"Jacksonville, FL",0001079973-26-000405
0001683168-26-002984:loan_ex3102.htm,"Loan Artificial Intelligence Corp.  (LAAI, VEST)  (CIK 0001594968)",0001594968,10-K,2026-04-15,2025-12-31,Admiralty,0001683168-26-002984
0001493152-26-013205:form10-k.htm,Viewbix Inc.  (VBIX)  (CIK 0000797542),0000797542,10-K,2026-03-27,2025-12-31,Tel Aviv,0001493152-26-013205
0001193125-26-046377:hxl-20251231.htm,HEXCEL CORP /DE/  (HXL)  (CIK 0000717605),0000717605,10-K,2026-02-11,2025-12-31,"Stamford, CT",0001193125-26-046377
0001193125-26-083277:slde-20251231.htm,"Slide Insurance Holdings, Inc.  (SLDE)  (CIK 0001886428)",0001886428,10-K,2026-03-02,2025-12-31,"Tampa, FL",0001193125-26-083277
0001193125-26-112845:mhh-20251231.htm,"Mastech Digital, Inc.  (MHH)  (CIK 0001437226)",0001437226,10-K,2026-03-18,2025-12-31,"Moon Township, PA",0001193125-26-112845
0001484778-26-000007:tdup-20251231.htm,ThredUp Inc.  (TDUP)  (CIK 0001484778),0001484778,10-K,2026-03-02,2025-12-31,"Oakland, CA",0001484778-26-000007
0001437749-26-007742:bwen20251231_10k.htm,"BROADWIND, INC.  (BWEN)  (CIK 0001120370)",0001120370,10-K,2026-03-11,2025-12-31,"Cicero, IL",0001437749-26-007742
0000094845-26-000008:lvis-20251130.htm,LEVI STRAUSS & CO  (LEVI)  (CIK 0000094845),0000094845,10-K,2026-01-28,2025-11-30,"San Francisco, CA",0000094845-26-000008
0001573221-26-000010:real-20251231.htm,"TheRealReal, Inc.  (REAL)  (CIK 0001573221)",0001573221,10-K,2026-02-26,2025-12-31,"San Francisco, CA",0001573221-26-000010
0001104659-26-023486:mlr-20251231x10k.htm,MILLER INDUSTRIES INC /TN/  (MLR)  (CIK 0000924822),0000924822,10-K,2026-03-04,2025-12-31,"Ooltewah, TN",0001104659-26-023486
0001193125-26-076548:ftdr-20251231.htm,"Frontdoor, Inc.  (FTDR)  (CIK 0001727263)",0001727263,10-K,2026-02-26,2025-12-31,"Memphis, TN",0001193125-26-076548
0001493152-26-014181:form10-k.htm,Safe Pro Group Inc.  (SPAI)  (CIK 0002011208),0002011208,10-K,2026-03-31,2025-12-31,"Aventura, FL",0001493152-26-014181
0002057381-26-000004:reavantag10k2025amend.htm,Readvantage Corp.  (CIK 0002057381),0002057381,10-K/A,2026-02-11,2025-06-30,"Houston, TX",0002057381-26-000004
0001493152-26-013838:form10-k.htm,"Cocrystal Pharma, Inc.  (COCP)  (CIK 0001412486)",0001412486,10-K,2026-03-31,2025-12-31,"Bothell, WA",0001493152-26-013838
0001628280-26-016429:exhibit105-amendedandresta.htm,"Groupon, Inc.  (GRPN)  (CIK 0001490281)",0001490281,10-K,2026-03-10,2025-12-31,"Chicago, IL",0001628280-26-016429
0001628280-26-011413:ares-20251231.htm,"Ares Management Corp  (ARES, ARES-PB)  (CIK 0001176948)",0001176948,10-K,2026-02-25,2025-12-31,"Los Angeles, CA",0001628280-26-011413
0000027419-26-000016:tgt-20260131.htm,TARGET CORP  (TGT)  (CIK 0000027419),0000027419,10-K,2026-03-11,2026-01-31,"Minneapolis, MN",0000027419-26-000016
0001819142-26-000010:ses-20251231x10k.htm,"SES AI Corp  (SES, SES-WT)  (CIK 0001819142)",0001819142,10-K,2026-03-04,2025-12-31,"Woburn, MA",0001819142-26-000010
0000077360-26-000007:pnr-20251231.htm,PENTAIR plc  (PNR)  (CIK 0000077360),0000077360,10-K,2026-02-24,2025-12-31,"London, X0",0000077360-26-000007
0001740797-26-000017:avai_10k2026.htm,"AVAI BIO, INC.  (AVAI)  (CIK 0001740797)",0001740797,10-K,2026-07-14,2026-03-31,"Las Vegas, NV",0001740797-26-000017
0001213900-26-036474:ea0283138-10k_avalon.htm,Avalon GloboCare Corp.  (ALBT)  (CIK 0001630212),0001630212,10-K,2026-03-30,2025-12-31,"Freehold, NJ",0001213900-26-036474
0001213900-26-037484:ea0283745-10k_rankone.htm,Rank One Computing Corp  (ROC)  (CIK 0002077709),0002077709,10-K,2026-03-31,2025-12-31,"Denver, CO",0001213900-26-037484
0001156375-26-000009:cme-20251231.htm,CME GROUP INC.  (CME)  (CIK 0001156375),0001156375,10-K,2026-02-26,2025-12-31,"Chicago, IL",0001156375-26-000009
0000935703-26-000025:dltr-20260131.htm,"DOLLAR TREE, INC.  (DLTR)  (CIK 0000935703)",0000935703,10-K,2026-03-16,2026-01-31,"Chesapeake, VA",0000935703-26-000025
0001104659-26-018142:pfsi-20251231x10k.htm,"PennyMac Financial Services, Inc.  (PFSI)  (CIK 0001745916)",0001745916,10-K,2026-02-20,2025-12-31,"Westlake Village, CA",0001104659-26-018142
0001477932-26-000103:imth_10k.htm,"AnTix Holdings, Inc.  (IMTH)  (CIK 0001331612)",0001331612,10-K,2026-01-08,2025-06-30,"Blue Island, IL",0001477932-26-000103
0001628280-26-011296:cava-20251228.htm,"CAVA GROUP, INC.  (CAVA)  (CIK 0001639438)",0001639438,10-K,2026-02-25,2025-12-28,"Washington, DC",0001628280-26-011296
0001319947-26-000022:dsw-20260131.htm,Designer Brands Inc.  (DBI)  (CIK 0001319947),0001319947,10-K,2026-03-30,2026-01-31,"Columbus, OH",0001319947-26-000022
0001628280-26-022454:goco-20251231.htm,"GoHealth, Inc.  (GOCO)  (CIK 0001808220)",0001808220,10-K,2026-03-31,2025-12-31,"Chicago, IL",0001628280-26-022454
0001628280-26-018182:kltr-20251231.htm,KALTURA INC  (KLTR)  (CIK 0001432133),0001432133,10-K,2026-03-16,2025-12-31,"New York, NY",0001628280-26-018182
0000798354-26-000009:fi-20251231.htm,FISERV INC  (FISV)  (CIK 0000798354),0000798354,10-K,2026-02-19,2025-12-31,"Milwaukee, WI",0000798354-26-000009
0001477932-26-001906:fstj_10k.htm,First America Resources Corp  (FSTJ)  (CIK 0001525306),0001525306,10-K,2026-04-01,2025-12-31,"Morris, IL",0001477932-26-001906
0001493152-26-016808:ex14-1.htm,Arrive AI Inc.  (ARAI)  (CIK 0001818274),0001818274,10-K,2026-04-15,2025-12-31,"Indianapolis, IN",0001493152-26-016808
0001628280-26-013098:exhibit211.htm,Brookfield Asset Management Ltd.  (BAM)  (CIK 0001937926),0001937926,10-K,2026-03-02,2025-12-31,"New York, NY",0001628280-26-013098
0001171520-26-000041:eps12516_utkn.htm,Universal Token  (UTKN)  (CIK 0001919182),0001919182,10-K,2026-03-31,2025-12-31,San Salvador,0001171520-26-000041
0001628280-26-018698:oklo-20251231.htm,Oklo Inc.  (OKLO)  (CIK 0001849056),0001849056,10-K,2026-03-17,2025-12-31,"Santa Clara, CA",0001628280-26-018698
0001701478-26-000013:aztr-20251231.htm,"Azitra, Inc.  (AZTR)  (CIK 0001701478)",0001701478,10-K,2026-02-27,2025-12-31,"Branford, CT",0001701478-26-000013
0001193125-26-059602:thrm-20251231.htm,Gentherm Inc  (THRM)  (CIK 0000903129),0000903129,10-K,2026-02-19,2025-12-31,"Novi, MI",0001193125-26-059602
0001104659-26-024877:mass-20251231x10k.htm,908 Devices Inc.  (MASS)  (CIK 0001555279),0001555279,10-K,2026-03-09,2025-12-31,"Burlington, MA",0001104659-26-024877
0002031750-26-000015:aci-20251231.htm,Ares Core Infrastructure Fund  (CIK 0002031750),0002031750,10-K,2026-03-05,2025-12-31,"Los Angeles, CA",0002031750-26-000015
0001493152-26-014326:form10-k.htm,"Tevogen Bio Holdings Inc.  (TVGN, TVGNW)  (CIK 0001860871)",0001860871,10-K,2026-03-31,2025-12-31,"Warren, NJ",0001493152-26-014326
0001071739-26-000049:cnc-20251231.htm,CENTENE CORP  (CNC)  (CIK 0001071739),0001071739,10-K,2026-02-17,2025-12-31,"St Louis, MO",0001071739-26-000049
0000096021-26-000033:syy-20260627.htm,SYSCO CORP  (SYY)  (CIK 0000096021),0000096021,10-K,2026-08-21,2026-06-27,"Houston, TX",0000096021-26-000033
0001869198-26-000010:lth-20251231.htm,"Life Time Group Holdings, Inc.  (LTH)  (CIK 0001869198)",0001869198,10-K,2026-02-24,2025-12-31,"Chanhassen, MN",0001869198-26-000010
0000070866-26-000006:ncr-20251231.htm,"NCR Voyix Corp  (VYX, NCRRP)  (CIK 0000070866)",0000070866,10-K,2026-02-26,2025-12-31,"Atlanta, GA",0000070866-26-000006
0001493152-26-009909:form10-k.htm,Syra Health Corp  (SYRA)  (CIK 0001922335),0001922335,10-K,2026-03-12,2025-12-31,"Carmel, IN",0001493152-26-009909
0001193125-26-085697:gecc-20251231.htm,"Great Elm Capital Corp.  (GECC, GECCG, GECCH, GECCI, GECCO)  (CIK 0001675033)",0001675033,10-K,2026-03-02,2025-12-31,"Palm Beach Gardens, FL",0001193125-26-085697
0001830043-26-000027:bmbl-20251231.htm,Bumble Inc.  (BMBL)  (CIK 0001830043),0001830043,10-K,2026-03-16,2025-12-31,"Austin, TX",0001830043-26-000027
0001878848-26-000052:iren-20260630.htm,IREN Ltd  (IREN)  (CIK 0001878848),0001878848,10-K,2026-08-27,2026-06-30,Sydney,0001878848-26-000052
0001828105-26-000008:hippo-20251231.htm,"Hippo Holdings Inc.  (HIPO, HIPOW)  (CIK 0001828105)",0001828105,10-K,2026-03-05,2025-12-31,"San Jose, CA",0001828105-26-000008
0001628280-26-012333:figs-20251231.htm,"FIGS, Inc.  (FIGS)  (CIK 0001846576)",0001846576,10-K,2026-02-26,2025-12-31,"Santa Monica, CA",0001628280-26-012333
0001628280-26-009869:mir-20251231.htm,"Mirion Technologies, Inc.  (MIR)  (CIK 0001809987)",0001809987,10-K,2026-02-19,2025-12-31,"Atlanta, GA",0001628280-26-009869
0001499275-26-000004:groo_ex1005.htm,"GROOVY COMPANY, INC.  (CIK 0001499275)",0001499275,10-K,2026-03-17,2025-12-31,"Fairfield, NJ",0001499275-26-000004
0001005229-26-000022:cmco-20260331.htm,COLUMBUS MCKINNON CORP  (CMCO)  (CIK 0001005229),0001005229,10-K,2026-06-08,2026-03-31,"Charlotte, NC",0001005229-26-000022
0001104659-26-070962:gsit-20260331x10k.htm,GSI TECHNOLOGY INC  (GSIT)  (CIK 0001126741),0001126741,10-K,2026-06-05,2026-03-31,"Sunnyvale, CA",0001104659-26-070962
0001944048-26-000030:kvue-20251228.htm,Kenvue Inc.  (KVUE)  (CIK 0001944048),0001944048,10-K,2026-02-20,2025-12-28,"Summit, NJ",0001944048-26-000030
0001104659-26-014319:oi-20251231x10k.htm,"O-I Glass, Inc. /DE/  (OI)  (CIK 0000812074)",0000812074,10-K,2026-02-12,2025-12-31,"Perrysburg, OH",0001104659-26-014319
0001637873-26-000011:acva-20251231.htm,ACV Auctions Inc.  (ACVA)  (CIK 0001637873),0001637873,10-K,2026-02-23,2025-12-31,"Buffalo, NY",0001637873-26-000011
0001493152-26-011691:form10-k.htm,Odysight.ai Inc.  (ODYS)  (CIK 0001577445),0001577445,10-K,2026-03-19,2025-12-31,"Scottsdale, AZ",0001493152-26-011691
0001213900-26-040480:ea0280197-10k_elvictor.htm,"Elvictor Group, Inc.  (ELVG, ELVGD)  (CIK 0001741489)",0001741489,10-K,2026-04-06,2025-12-31,"Attiki, J3",0001213900-26-040480
0001193125-26-084820:grc-20251231.htm,GORMAN RUPP CO  (GRC)  (CIK 0000042682),0000042682,10-K,2026-03-02,2025-12-31,"Mansfield, OH",0001193125-26-084820
0001628280-26-012013:vcel-20251231.htm,Vericel Corp  (VCEL)  (CIK 0000887359),0000887359,10-K,2026-02-26,2025-12-31,"Cambridge, MA",0001628280-26-012013
0001628280-26-012828:gnw-20251231.htm,GENWORTH FINANCIAL INC  (GNW)  (CIK 0001276520),0001276520,10-K,2026-02-27,2025-12-31,"Glen Allen, VA",0001628280-26-012828
0001819796-26-000010:gcm-20251231.htm,GCM Grosvenor Inc.  (GCMG)  (CIK 0001819796),0001819796,10-K,2026-02-19,2025-12-31,"Chicago, IL",0001819796-26-000010
0000055135-26-000053:kelya-20251228.htm,"KELLY SERVICES INC  (KELYA, KELYB)  (CIK 0000055135)",0000055135,10-K,2026-02-12,2025-12-28,"Troy, MI",0000055135-26-000053
0001571949-26-000004:ice-20251231.htm,"Intercontinental Exchange, Inc.  (ICE)  (CIK 0001571949)",0001571949,10-K,2026-02-05,2025-12-31,"Atlanta, GA",0001571949-26-000004
0001839839-26-000006:jbi-20260103.htm,"Janus International Group, Inc.  (JBI)  (CIK 0001839839)",0001839839,10-K,2026-03-04,2026-01-03,"Temple, GA",0001839839-26-000006
0001091818-26-000026:grhi12312510k.htm,"GOLD ROCK HOLDINGS, INC.  (GRHI)  (CIK 0000894501)",0000894501,10-K,2026-03-27,2025-12-31,"Virginia Beach, VA",0001091818-26-000026
0001213900-26-083383:ea0298653-10k_marwynn.htm,"Marwynn Holdings, Inc.  (MWYN)  (CIK 0002030522)",0002030522,10-K,2026-07-30,2026-04-30,"Irvine, CA",0001213900-26-083383
0001437749-26-007634:rcky20251231_10k.htm,"ROCKY BRANDS, INC.  (RCKY)  (CIK 0000895456)",0000895456,10-K,2026-03-11,2025-12-31,"Nelsonville, OH",0001437749-26-007634
0001628280-26-011278:hyln-20251231.htm,Hyliion Holdings Corp.  (HYLN)  (CIK 0001759631),0001759631,10-K,2026-02-25,2025-12-31,"Cedar Park, TX",0001628280-26-011278
0001166928-26-000010:wtba-20251231.htm,WEST BANCORPORATION INC  (WTBA)  (CIK 0001166928),0001166928,10-K,2026-02-26,2025-12-31,"West Des Moines, IA",0001166928-26-000010
0001047127-26-000014:amkr-20251231.htm,"AMKOR TECHNOLOGY, INC.  (AMKR)  (CIK 0001047127)",0001047127,10-K,2026-02-20,2025-12-31,"Tempe, AZ",0001047127-26-000014
0000097216-26-000035:tex-20251231.htm,TEREX CORP  (TEX)  (CIK 0000097216),0000097216,10-K,2026-02-13,2025-12-31,"Norwalk, CT",0000097216-26-000035
0001437749-26-029621:ex_978719.htm,LSI INDUSTRIES INC  (LYTS)  (CIK 0000763532),0000763532,10-K,2026-09-03,2026-06-30,"Cincinnati, OH",0001437749-26-029621
0000773840-26-000013:hon-20251231.htm,HONEYWELL INTERNATIONAL INC  (HON)  (CIK 0000773840),0000773840,10-K,2026-02-17,2025-12-31,"Charlotte, NC",0000773840-26-000013
0001056288-26-000007:fhi-20251231.htm,"FEDERATED HERMES, INC.  (FHI)  (CIK 0001056288)",0001056288,10-K,2026-02-27,2025-12-31,"Pittsburgh, PA",0001056288-26-000007
0001628280-26-006635:acre-20251231.htm,Ares Commercial Real Estate Corp  (ACRE)  (CIK 0001529377),0001529377,10-K,2026-02-10,2025-12-31,"New York, NY",0001628280-26-006635
0001628280-26-022508:a2026codeofbusinessconduct.htm,PATRIOT NATIONAL BANCORP INC  (PNBK)  (CIK 0001098146),0001098146,10-K,2026-03-31,2025-12-31,"Stamford, CT",0001628280-26-022508
0001628280-26-052243:ex141code_ofxbusinessxcond.htm,"BROADRIDGE FINANCIAL SOLUTIONS, INC.  (BR)  (CIK 0001383312)",0001383312,10-K,2026-08-04,2026-06-30,"Lake Success, NY",0001628280-26-052243
0002074652-26-000011:venyra_10k2026.htm,Venyra Corp  (CIK 0002074652),0002074652,10-K,2026-07-29,2026-04-30,"Sheridan, WY",0002074652-26-000011
0001193125-26-076739:rlay-20251231.htm,"Relay Therapeutics, Inc.  (RLAY)  (CIK 0001812364)",0001812364,10-K,2026-02-26,2025-12-31,"Cambridge, MA",0001193125-26-076739
0001104659-26-020063:bwb-20251231x10k.htm,"Bridgewater Bancshares Inc  (BWB, BWBBP)  (CIK 0001341317)",0001341317,10-K,2026-02-26,2025-12-31,"St. Louis Park, MN",0001104659-26-020063
0000077476-26-000007:pep-20251227.htm,PEPSICO INC  (PEP)  (CIK 0000077476),0000077476,10-K,2026-02-03,2025-12-27,"Purchase, NY",0000077476-26-000007
0001534969-26-000009:sera-20251231.htm,"SERA PROGNOSTICS, INC.  (SERA)  (CIK 0001534969)",0001534969,10-K,2026-03-18,2025-12-31,"Salt Lake City, UT",0001534969-26-000009
0001600641-26-000007:dibs-20251231.htm,"1stdibs.com, Inc.  (DIBS)  (CIK 0001600641)",0001600641,10-K,2026-02-27,2025-12-31,"New York, NY",0001600641-26-000007
0001422930-26-000010:pubm-20251231.htm,"PubMatic, Inc.  (PUBM)  (CIK 0001422930)",0001422930,10-K,2026-02-26,2025-12-31,"Redwood City, CA",0001422930-26-000010
0001171843-26-002094:poai20251231_10k.htm,Axe Compute Inc.  (AGPU)  (CIK 0001446159),0001446159,10-K,2026-03-31,2025-12-31,"Pittsburgh, PA",0001171843-26-002094
0001017386-26-000016:scth_form10k2025.htm,"Securetech Innovations, Inc.  (SCTH)  (CIK 0001703157)",0001703157,10-K,2026-03-25,2025-12-31,"Roseville, MN",0001017386-26-000016
0000827187-26-000014:snbr-20260103.htm,Sleep Number Corp  (SNBR)  (CIK 0000827187),0000827187,10-K,2026-03-12,2026-01-03,"Minneapolis, MN",0000827187-26-000014
0001628280-26-008608:nvt-20251231.htm,nVent Electric plc  (NVT)  (CIK 0001720635),0001720635,10-K,2026-02-17,2025-12-31,London,0001628280-26-008608
0001493152-26-013579:form10-k.htm,"Ainos, Inc.  (AIMD, AIMDW)  (CIK 0001014763)",0001014763,10-K,2026-03-30,2025-12-31,"Houston, TX",0001493152-26-013579
0001817358-26-000031:aso-20260131.htm,"Academy Sports & Outdoors, Inc.  (ASO)  (CIK 0001817358)",0001817358,10-K,2026-03-17,2026-01-31,"Katy, TX",0001817358-26-000031
0001628280-26-012614:www-20260103.htm,WOLVERINE WORLD WIDE INC /DE/  (WWW)  (CIK 0000110471),0000110471,10-K,2026-02-27,2026-01-03,"Rockford, MI",0001628280-26-012614
0001104659-26-043782:kala-20251231x10k.htm,"KALA BIO, Inc.  (KALA)  (CIK 0001479419)",0001479419,10-K,2026-04-15,2025-12-31,"Arlington, MA",0001104659-26-043782
0001493152-26-011644:form10-k.htm,"BullFrog AI Holdings, Inc.  (BFRG, BFRGW)  (CIK 0001829247)",0001829247,10-K,2026-03-19,2025-12-31,"Gaithersburg, MD",0001493152-26-011644
0001628280-26-033617:ea-20260331.htm,ELECTRONIC ARTS INC.  (EA)  (CIK 0000712515),0000712515,10-K,2026-05-11,2026-03-31,"Redwood City, CA",0001628280-26-033617
0000779152-26-000067:jkhy-20260630.htm,JACK HENRY & ASSOCIATES INC  (JKHY)  (CIK 0000779152),0000779152,10-K,2026-08-28,2026-06-30,"Monett, MO",0000779152-26-000067
0001944831-26-000004:wt-20251231.htm,Willow Tree Capital Corp  (CIK 0001944831),0001944831,10-K,2026-03-24,2025-12-31,"New York, NY",0001944831-26-000004
0001193125-26-066960:ck0001743415-20251231.htm,SCP Private Credit Income BDC LLC  (CIK 0001743415),0001743415,10-K,2026-02-24,2025-12-31,"New York, NY",0001193125-26-066960
0001193125-26-088638:ck0002020354-20251231.htm,West Bay BDC LLC  (CIK 0002020354),0002020354,10-K,2026-03-03,2025-12-31,"New York, NY",0001193125-26-088638
0001820144-26-000007:grnd-20251231.htm,Grindr Inc.  (GRND)  (CIK 0001820144),0001820144,10-K,2026-03-02,2025-12-31,"West Hollywood, CA",0001820144-26-000007
0001493152-26-016954:form10-k.htm,"Brand Engagement Network Inc.  (BNAI, BNAIW)  (CIK 0001838163)",0001838163,10-K,2026-04-16,2025-12-31,"Wilmington, DE",0001493152-26-016954
0001395942-26-000006:opln-20251231.htm,"OPENLANE, Inc.  (OPLN)  (CIK 0001395942)",0001395942,10-K,2026-02-18,2025-12-31,"Carmel, IN",0001395942-26-000006
0001193125-26-102079:acu-20251231.htm,ACME UNITED CORP  (ACU)  (CIK 0000002098),0000002098,10-K,2026-03-11,2025-12-31,"Shelton, CT",0001193125-26-102079
0001504776-26-000006:wrby-20251231.htm,Warby Parker Inc.  (WRBY)  (CIK 0001504776),0001504776,10-K,2026-02-26,2025-12-31,"New York, NY",0001504776-26-000006
0001193125-26-059853:zbh-20251231.htm,"ZIMMER BIOMET HOLDINGS, INC.  (ZBH)  (CIK 0001136869)",0001136869,10-K,2026-02-20,2025-12-31,"Warsaw, IN",0001193125-26-059853
0000879526-26-000036:wnc-20251231.htm,WABASH NATIONAL Corp  (WNC)  (CIK 0000879526),0000879526,10-K,2026-02-18,2025-12-31,"Lafayette, IN",0000879526-26-000036
0001193125-26-062456:osw-20251231.htm,ONESPAWORLD HOLDINGS Ltd  (OSW)  (CIK 0001758488),0001758488,10-K,2026-02-23,2025-12-31,"Nassau, C5",0001193125-26-062456
0000093556-26-000009:swk-20260103.htm,"STANLEY BLACK & DECKER, INC.  (SWK)  (CIK 0000093556)",0000093556,10-K,2026-02-24,2026-01-03,"New Britain, CT",0000093556-26-000009
0001628280-26-009514:mdgl-20251231.htm,"MADRIGAL PHARMACEUTICALS, INC.  (MDGL)  (CIK 0001157601)",0001157601,10-K,2026-02-19,2025-12-31,"West Conshohocken, PA",0001628280-26-009514
0000086312-26-000065:trv-20251231.htm,"TRAVELERS COMPANIES, INC.  (TRV)  (CIK 0000086312)",0000086312,10-K,2026-02-12,2025-12-31,"Saint Paul, MN",0000086312-26-000065
0001493152-26-010305:form10-k.htm,Eva Live Inc  (GOAI)  (CIK 0001983736),0001983736,10-K,2026-03-16,2025-12-31,"Los Angeles, CA",0001493152-26-010305
0000921738-26-000008:penn-20251231.htm,"PENN Entertainment, Inc.  (PENN)  (CIK 0000921738)",0000921738,10-K,2026-02-26,2025-12-31,"Wyomissing, PA",0000921738-26-000008
0001628280-26-011393:din-20251228.htm,"Dine Brands Global, Inc.  (DIN)  (CIK 0000049754)",0000049754,10-K,2026-02-25,2025-12-28,"Pasadena, CA",0001628280-26-011393
0001477932-26-001994:totaligent_10k.htm,"Totaligent, Inc.  (TGNT)  (CIK 0000846377)",0000846377,10-K,2026-04-03,2025-12-31,"Boca Raton, FL",0001477932-26-001994
0001654954-26-003625:daio_10k.htm,DATA I/O CORP  (DAIO)  (CIK 0000351998),0000351998,10-K,2026-04-16,2025-12-31,"Redmond, WA",0001654954-26-003625
0001017386-26-000101:scth_form10ka12312025.htm,"Securetech Innovations, Inc.  (SCTH)  (CIK 0001703157)",0001703157,10-K/A,2026-08-06,2025-12-31,"Roseville, MN",0001017386-26-000101
0001628280-26-008116:aon-20251231.htm,Aon plc  (AON)  (CIK 0000315293),0000315293,10-K,2026-02-13,2025-12-31,"Dublin 2, L2",0001628280-26-008116
0001628280-26-048138:angiodynamicscodeconduct.htm,ANGIODYNAMICS INC  (ANGO)  (CIK 0001275187),0001275187,10-K,2026-07-14,2026-05-31,"Latham, NY",0001628280-26-048138
0001193125-26-088636:ck0001674760-20251231.htm,Silver Capital Holdings LLC  (CIK 0001674760),0001674760,10-K,2026-03-03,2025-12-31,"New York, NY",0001193125-26-088636
0001193125-26-057041:pmt-20251231.htm,"PennyMac Mortgage Investment Trust  (PMT, PMTU, PMTV, PMTW, PMT-PA, PMT-PB, PMT-PC)  (CIK 0001464423)",0001464423,10-K,2026-02-18,2025-12-31,"Westlake Village, CA",0001193125-26-057041
0001493152-26-006817:form10-k.htm,CIMG Inc.  (IMG)  (CIK 0001527613),0001527613,10-K,2026-02-13,2025-09-30,Hong Kong,0001493152-26-006817
0001493152-26-025669:form10-k.htm,"Global AI, Inc.  (GLAI)  (CIK 0001473490)",0001473490,10-K,2026-05-28,2025-12-31,"Jupiter, FL",0001493152-26-025669
0001437749-26-006094:esca20251231_10k.htm,ESCALADE INC  (ESCA)  (CIK 0000033488),0000033488,10-K,2026-02-27,2025-12-31,"Evansville, IN",0001437749-26-006094
0001519449-26-000015:skwd-20251231.htm,"Skyward Specialty Insurance Group, Inc.  (SKWD)  (CIK 0001519449)",0001519449,10-K,2026-03-02,2025-12-31,"Houston, TX",0001519449-26-000015
0001493152-26-009872:ex10-40.htm,"CareCloud, Inc.  (CCLD, CCLDO)  (CIK 0001582982)",0001582982,10-K,2026-03-12,2025-12-31,"Somerset, NJ",0001493152-26-009872
0001829126-26-002840:cxappinc_10k.htm,"CXApp Inc.  (CXAI, CXAIW)  (CIK 0001820875)",0001820875,10-K,2026-03-30,2025-12-31,"Palo Alto, CA",0001829126-26-002840
0001654954-26-006919:aehr_10k.htm,AEHR TEST SYSTEMS  (AEHR)  (CIK 0001040470),0001040470,10-K,2026-07-27,2026-05-29,"Fremont, CA",0001654954-26-006919
0001628280-26-013337:rdnt-20251231.htm,"RadNet, Inc.  (RDNT)  (CIK 0000790526)",0000790526,10-K,2026-03-02,2025-12-31,"Los Angeles, CA",0001628280-26-013337
0001193125-26-066958:ck0001932591-20251231.htm,SLR Private Credit BDC II LLC  (CIK 0001932591),0001932591,10-K,2026-02-24,2025-12-31,"New York, NY",0001193125-26-066958
0001518715-26-000026:hmst-20251231.htm,Mechanics Bancorp  (MCHB)  (CIK 0001518715),0001518715,10-K,2026-03-17,2025-12-31,"Walnut Creek, CA",0001518715-26-000026
0001213900-26-034211:ea0283147-10k_health.htm,"Health In Tech, Inc.  (HIT)  (CIK 0002019505)",0002019505,10-K,2026-03-25,2025-12-31,"Stuart, FL",0001213900-26-034211
0001213900-26-044671:ea0286705-10ka1_healthcare.htm,"Healthcare Triangle, Inc.  (HCTI)  (CIK 0001839285)",0001839285,10-K/A,2026-04-16,2025-12-31,"Pleasanton, CA",0001213900-26-044671
0000707179-26-000010:onb-20251231.htm,"OLD NATIONAL BANCORP /IN/  (ONB, ONBPO, ONBPP)  (CIK 0000707179)",0000707179,10-K,2026-02-19,2025-12-31,"Evansville, IN",0000707179-26-000010
0001493152-26-016495:form10-k.htm,LANDMARK BANCORP INC  (LARK)  (CIK 0001141688),0001141688,10-K,2026-04-14,2025-12-31,"Manhattan, KS",0001493152-26-016495
0001628280-26-015438:aire-20251231.htm,ARES INDUSTRIAL REAL ESTATE INCOME TRUST Inc.  (CIK 0001625941),0001625941,10-K,2026-03-06,2025-12-31,"Denver, CO",0001628280-26-015438
0001193125-26-106084:d71061d10k.htm,"Blackstone Private Equity Strategies Fund L.P.  (CIK 0001930054), Blackstone Private Equity Strategies Fund (TE) L.P.  (CIK 0001953940)","0001930054, 0001953940",10-K,2026-03-13,2025-12-31,"New York, NY, New York, NY",0001193125-26-106084
0000046080-26-000011:has-20251228.htm,"HASBRO, INC.  (HAS)  (CIK 0000046080)",0000046080,10-K,2026-02-25,2025-12-28,"Pawtucket, RI",0000046080-26-000011
0001336920-26-000030:ldos-20260102.htm,"Leidos Holdings, Inc.  (LDOS)  (CIK 0001336920)",0001336920,10-K,2026-02-17,2026-01-02,"Reston, VA",0001336920-26-000030
0001193125-26-066954:ck0001832148-20251231.htm,SLR HC BDC LLC  (CIK 0001832148),0001832148,10-K,2026-02-24,2025-12-31,"New York, NY",0001193125-26-066954
0001026214-26-000021:a4q2510kexhibit141.htm,"FEDERAL HOME LOAN MORTGAGE CORP  (FMCC, FMCCG, FMCCI, FMCCJ, FMCCL, FMCCN, FMCCO, FMCCS, FMCCT, FMCKI, FMCKL, FMCKN, FREJN, FREJO)  (CIK 0001026214)",0001026214,10-K,2026-02-12,2025-12-31,"Mclean, VA",0001026214-26-000021
0001104659-26-020439:iboc-20251231x10k.htm,INTERNATIONAL BANCSHARES CORP  (IBOC)  (CIK 0000315709),0000315709,10-K,2026-02-26,2025-12-31,"Laredo, TX",0001104659-26-020439
0001493152-26-014020:form10-k.htm,"Quarta-Rad, Inc.  (QURT)  (CIK 0001549631)",0001549631,10-K,2026-03-31,2025-12-31,"Wilmington, DE",0001493152-26-014020
0001628280-26-012703:hfwa-20251231.htm,HERITAGE FINANCIAL CORP /WA/  (HFWA)  (CIK 0001046025),0001046025,10-K,2026-02-27,2025-12-31,"Olympia, WA",0001628280-26-012703
0001493152-26-003967:form10-k.htm,Crisp Momentum Inc.  (CRSF)  (CIK 0000924396),0000924396,10-K,2026-01-28,2025-07-31,"New York, NY",0001493152-26-003967
0001104659-26-033891:giii-20260131x10k.htm,G III APPAREL GROUP LTD /DE/  (GIII)  (CIK 0000821002),0000821002,10-K,2026-03-24,2026-01-31,"New York, NY",0001104659-26-033891
0001628280-26-005092:kref-20251231.htm,"KKR Real Estate Finance Trust Inc.  (KREF, KREF-PA)  (CIK 0001631596)",0001631596,10-K,2026-02-03,2025-12-31,"New York, NY",0001628280-26-005092
0001534254-26-000003:cion-20251231.htm,"CION Investment Corp  (CICB, CICC, CION)  (CIK 0001534254)",0001534254,10-K,2026-03-12,2025-12-31,"New York, NY",0001534254-26-000003
0001437749-26-007797:apt20251231_10k.htm,ALPHA PRO TECH LTD  (APT)  (CIK 0000884269),0000884269,10-K,2026-03-11,2025-12-31,Aurora,0001437749-26-007797
0001193125-26-259683:ntap-20260424.htm,"NetApp, Inc.  (NTAP)  (CIK 0001002047)",0001002047,10-K,2026-06-05,2026-04-24,"San Jose, CA",0001193125-26-259683
0001731122-26-000053:e7181_10-k.htm,Global Innovative Platforms Inc.  (GIPL)  (CIK 0001837774),0001837774,10-K,2026-01-13,2025-09-30,"Maitland, FL",0001731122-26-000053
0001628280-26-015437:are-20251231.htm,Ares Real Estate Income Trust Inc.  (ZARE)  (CIK 0001327978),0001327978,10-K,2026-03-06,2025-12-31,"Denver, CO",0001628280-26-015437
0001173514-26-000049:hy-20251231.htm,"HYSTER-YALE, INC.  (HY)  (CIK 0001173514)",0001173514,10-K,2026-03-03,2025-12-31,"Cleveland, OH",0001173514-26-000049
0000011544-26-000005:wrb-20251231.htm,"BERKLEY W R CORP  (WRB, WRB-PE, WRB-PF, WRB-PG, WRB-PH)  (CIK 0000011544)",0000011544,10-K,2026-02-27,2025-12-31,"Greenwich, CT",0000011544-26-000005
0002038564-26-000004:alpga-20251130_10k.htm,Alphega Innovations Corp  (CIK 0002038564),0002038564,10-K,2026-02-06,2025-11-30,"Sheridan, WY",0002038564-26-000004
0001493152-26-019010:form10-ka.htm,Syra Health Corp  (SYRA)  (CIK 0001922335),0001922335,10-K/A,2026-04-27,2025-12-31,"Carmel, IN",0001493152-26-019010
0001193125-26-076849:xper-20251231.htm,Xperi Inc.  (XPER)  (CIK 0001788999),0001788999,10-K,2026-02-26,2025-12-31,"San Jose, CA",0001193125-26-076849
0000916365-26-000014:tsco-20251227.htm,TRACTOR SUPPLY CO /DE/  (TSCO)  (CIK 0000916365),0000916365,10-K,2026-02-19,2025-12-27,"Brentwood, TN",0000916365-26-000014
0001582961-26-000019:docn-20251231.htm,"DigitalOcean Holdings, Inc.  (DOCN)  (CIK 0001582961)",0001582961,10-K,2026-02-24,2025-12-31,"Broomfield, CO",0001582961-26-000019
0001104659-26-019145:expi-20251231xex10d13.htm,"eXp World Holdings, Inc.  (EXPI)  (CIK 0001495932)",0001495932,10-K,2026-02-24,2025-12-31,"Bellingham, WA",0001104659-26-019145
0001213900-26-033808:ea0282879-10k_spectral.htm,"Spectral AI, Inc.  (MDAI, MDAIW)  (CIK 0001833498)",0001833498,10-K,2026-03-25,2025-12-31,"Dallas, TX",0001213900-26-033808
0001493152-26-016808:form10-k.htm,Arrive AI Inc.  (ARAI)  (CIK 0001818274),0001818274,10-K,2026-04-15,2025-12-31,"Indianapolis, IN",0001493152-26-016808
0001628280-26-003952:tsla-20251231.htm,"Tesla, Inc.  (TSLA)  (CIK 0001318605)",0001318605,10-K,2026-01-29,2025-12-31,"Austin, TX",0001628280-26-003952
0001104659-26-020540:acrs-20251231x10k.htm,"Aclaris Therapeutics, Inc.  (ACRS)  (CIK 0001557746)",0001557746,10-K,2026-02-26,2025-12-31,"Wayne, PA",0001104659-26-020540
0001145765-26-000002:c765-20251231x10k.htm,GLOBAL MACRO TRUST  (CIK 0001145765),0001145765,10-K,2026-03-31,2025-12-31,"Greenwich, CT",0001145765-26-000002
0001334036-26-000006:crox-20251231.htm,"Crocs, Inc.  (CROX)  (CIK 0001334036)",0001334036,10-K,2026-02-12,2025-12-31,"Broomfield, CO",0001334036-26-000006
0001193125-26-055414:oge-20251231.htm,"OGE ENERGY CORP.  (OGE)  (CIK 0001021635), OKLAHOMA GAS & ELECTRIC CO  (CIK 0000074145)","0001021635, 0000074145",10-K,2026-02-18,2025-12-31,"Oklahoma City, OK, Oklahoma City, OK",0001193125-26-055414
0001641489-26-000010:vtvt-20251231.htm,vTv Therapeutics Inc.  (VTVT)  (CIK 0001641489),0001641489,10-K,2026-03-10,2025-12-31,"High Point, NC",0001641489-26-000010
0001437749-26-018573:amix20260331_10k.htm,"Autonomix Medical, Inc.  (AMIX)  (CIK 0001617867)",0001617867,10-K,2026-05-27,2026-03-31,"The Woodlands, TX",0001437749-26-018573
0001606757-26-000032:ke-20260630.htm,"Kimball Electronics, Inc.  (KE)  (CIK 0001606757)",0001606757,10-K,2026-08-19,2026-06-30,"Jasper, IN",0001606757-26-000032
0001193125-26-126253:vrm-20251231.htm,"Vroom, Inc.  (VRM, VRMWW)  (CIK 0001580864)",0001580864,10-K,2026-03-26,2025-12-31,"Houston, TX",0001193125-26-126253
0001437749-26-006636:hrzn20251231_10k.htm,"Horizon Technology Finance Corp  (HRZN, HTFC)  (CIK 0001487428)",0001487428,10-K,2026-03-03,2025-12-31,"Farmington, CT",0001437749-26-006636
0000888471-26-000002:c471-20251231x10k.htm,NESTOR PARTNERS  (CIK 0000888471),0000888471,10-K,2026-03-31,2025-12-31,"Greenwich, CT",0000888471-26-000002
0001493152-26-011249:form10-k.htm,"TEN Holdings, Inc.  (XHLD)  (CIK 0002030954)",0002030954,10-K,2026-03-18,2025-12-31,"Langhorne, PA",0001493152-26-011249
0001104659-26-023812:pmts-20251231x10k.htm,CPI Card Group Inc.  (PMTS)  (CIK 0001641614),0001641614,10-K,2026-03-05,2025-12-31,"Littleton, CO",0001104659-26-023812
0001193125-26-096557:ck0002017636-20251231.htm,"CCS IX Portfolio Holdings, LLC  (CIK 0002017636)",0002017636,10-K,2026-03-06,2025-12-31,"Los Angeles, CA",0001193125-26-096557
0001437749-26-005376:dmlp20251231_10k.htm,"DORCHESTER MINERALS, L.P.  (DMLP)  (CIK 0001172358)",0001172358,10-K,2026-02-24,2025-12-31,"Dallas, TX",0001437749-26-005376
0001320414-26-000007:sem-20251231.htm,SELECT MEDICAL HOLDINGS CORP  (SEM)  (CIK 0001320414),0001320414,10-K,2026-02-19,2025-12-31,"Mechanicsburg, PA",0001320414-26-000007
0001104659-26-021531:qcrh-20251231x10k.htm,QCR HOLDINGS INC  (QCRH)  (CIK 0000906465),0000906465,10-K,2026-02-27,2025-12-31,"Moline, IL",0001104659-26-021531
0001140361-26-008268:ef20060826_10k.htm,"DONEGAL GROUP INC  (DGICA, DGICB)  (CIK 0000800457)",0000800457,10-K,2026-03-06,2025-12-31,"Marietta, PA",0001140361-26-008268
0001773751-26-000022:hims-20251231.htm,"Hims & Hers Health, Inc.  (HIMS)  (CIK 0001773751)",0001773751,10-K,2026-02-23,2025-12-31,"San Francisco, CA",0001773751-26-000022
0001104659-26-027052:acxp-20251231x10k.htm,"Acurx Pharmaceuticals, Inc.  (ACXP)  (CIK 0001736243)",0001736243,10-K,2026-03-12,2025-12-31,"Staten Island, NY",0001104659-26-027052
0001096343-26-000020:mkl-20251231.htm,MARKEL GROUP INC.  (MKL)  (CIK 0001096343),0001096343,10-K,2026-02-26,2025-12-31,"Glen Allen, VA",0001096343-26-000020
0001437749-26-007976:atlo20251231_10k.htm,AMES NATIONAL CORP  (ATLO)  (CIK 0001132651),0001132651,10-K,2026-03-12,2025-12-31,"Ames, IA",0001437749-26-007976
0001104659-26-043813:ctrn-20260131x10k.htm,Citi Trends Inc  (CTRN)  (CIK 0001318484),0001318484,10-K,2026-04-15,2026-01-31,"Savannah, GA",0001104659-26-043813
0001193125-26-071556:qs-20251231.htm,QuantumScape Corp  (QS)  (CIK 0001811414),0001811414,10-K,2026-02-25,2025-12-31,"San Jose, CA",0001193125-26-071556
0000798359-26-000014:csr-20251231.htm,CENTERSPACE  (CSR)  (CIK 0000798359),0000798359,10-K,2026-02-17,2025-12-31,"Minot, ND",0000798359-26-000014
0000707549-26-000037:lrcx-20260628.htm,LAM RESEARCH CORP  (LRCX)  (CIK 0000707549),0000707549,10-K,2026-08-07,2026-06-28,"Fremont, CA",0000707549-26-000037
0001437749-26-009993:stly20251231_10k.htm,"HG Holdings, Inc.  (STLY)  (CIK 0000797465)",0000797465,10-K,2026-03-27,2025-12-31,"Tallahassee, FL",0001437749-26-009993
0001628280-26-058018:chrn-20260531.htm,ChronoScale Holdings Corp  (CHRN)  (CIK 0001549084),0001549084,10-K,2026-08-19,2026-05-31,"Dallas, TX",0001628280-26-058018
0001437749-26-014268:flnt20261231_10ka.htm,"Fluent, Inc.  (FLNT)  (CIK 0001460329)",0001460329,10-K/A,2026-04-30,2025-12-31,"New York, NY",0001437749-26-014268
0000056701-26-000034:koss-20260630x10k.htm,KOSS CORP  (KOSS)  (CIK 0000056701),0000056701,10-K,2026-08-28,2026-06-30,"Milwaukee, WI",0000056701-26-000034
0001193125-26-060760:kim-20251231.htm,"KIMCO REALTY CORP  (KIM, KIM-PL, KIM-PM, KIM-PN)  (CIK 0000879101), Kimco Realty OP, LLC  (CIK 0001959472)","0000879101, 0001959472",10-K,2026-02-20,2025-12-31,"Jericho, NY, Jericho, NY",0001193125-26-060760
0001026655-26-000009:cmt-20251231.htm,CORE MOLDING TECHNOLOGIES INC  (CMT)  (CIK 0001026655),0001026655,10-K,2026-03-10,2025-12-31,"Columbus, OH",0001026655-26-000009
0000920427-26-000012:unty-20251231x10k.htm,UNITY BANCORP INC /NJ/  (UNTY)  (CIK 0000920427),0000920427,10-K,2026-03-04,2025-12-31,"Clinton, NJ",0000920427-26-000012
0001437749-26-029621:lyts20260630d_10k.htm,LSI INDUSTRIES INC  (LYTS)  (CIK 0000763532),0000763532,10-K,2026-09-03,2026-06-30,"Cincinnati, OH",0001437749-26-029621
0001104659-26-037927:bcli-20251231x10k.htm,BRAINSTORM CELL THERAPEUTICS INC.  (BCLI)  (CIK 0001137883),0001137883,10-K,2026-03-31,2025-12-31,"New York, NY",0001104659-26-037927
0001193125-26-367160:qnst-20260630.htm,"QUINSTREET, INC  (QNST)  (CIK 0001117297)",0001117297,10-K,2026-08-26,2026-06-30,"Foster City, CA",0001193125-26-367160
0001193125-26-088656:ck0001948368-20251231.htm,Phillip Street Middle Market Lending Fund LLC  (CIK 0001948368),0001948368,10-K,2026-03-03,2025-12-31,"New York, NY",0001193125-26-088656
0001628280-26-013305:core-20251231.htm,"Core Scientific, Inc./tx  (CORZ, CORZR, CORZW, CORZZ)  (CIK 0001839341)",0001839341,10-K,2026-03-02,2025-12-31,"Dover, DE",0001628280-26-013305
0001568100-26-000012:pd-20260131.htm,"PagerDuty, Inc.  (PD)  (CIK 0001568100)",0001568100,10-K,2026-03-12,2026-01-31,"San Francisco, CA",0001568100-26-000012
0001423869-26-000006:pcb-20251231.htm,PCB BANCORP  (PCB)  (CIK 0001423869),0001423869,10-K,2026-03-16,2025-12-31,"Los Angeles, CA",0001423869-26-000006
0001178913-26-001208:zk2634619.htm,Lifeward Ltd.  (LFWD)  (CIK 0001607962),0001607962,10-K,2026-03-18,2025-12-31,"Marlborough, MA",0001178913-26-001208
0001794669-26-000010:four-20251231.htm,"Shift4 Payments, Inc.  (FOUR, FOUR-PA)  (CIK 0001794669)",0001794669,10-K,2026-02-27,2025-12-31,"Center Valley, PA",0001794669-26-000010
0001437749-26-008956:plbc20251231_10k.htm,PLUMAS BANCORP  (PLBC)  (CIK 0001168455),0001168455,10-K,2026-03-19,2025-12-31,"Reno, NV",0001437749-26-008956
0001193125-26-088646:ck0001772704-20251231.htm,Goldman Sachs Private Middle Market Credit II LLC  (CIK 0001772704),0001772704,10-K,2026-03-03,2025-12-31,"New York, NY",0001193125-26-088646
0000899923-26-000018:mygn-20251231.htm,MYRIAD GENETICS INC  (MYGN)  (CIK 0000899923),0000899923,10-K,2026-02-24,2025-12-31,"Salt Lake City, UT",0000899923-26-000018
0000075288-26-000026:oxm-20260131.htm,OXFORD INDUSTRIES INC  (OXM)  (CIK 0000075288),0000075288,10-K,2026-03-27,2026-01-31,"Atlanta, GA",0000075288-26-000026
0001213900-26-035630:ea0281725-10k_gdculture.htm,GD Culture Group Ltd  (GDC)  (CIK 0001641398),0001641398,10-K,2026-03-27,2025-12-31,"Jersey City, NJ",0001213900-26-035630
0001193125-26-066979:ck0001418076-20251231.htm,SLR Investment Corp.  (SLRC)  (CIK 0001418076),0001418076,10-K,2026-02-24,2025-12-31,"New York, NY",0001193125-26-066979
0000898174-26-000006:rga-20251231.htm,"REINSURANCE GROUP OF AMERICA INC  (RGA, RZB, RZC)  (CIK 0000898174)",0000898174,10-K,2026-02-20,2025-12-31,"Chesterfield, MO",0000898174-26-000006
0001493152-26-012927:form10-k.htm,SKYX Platforms Corp.  (SKYX)  (CIK 0001598981),0001598981,10-K,2026-03-26,2025-12-31,"Pompano Beach, FL",0001493152-26-012927
0001096906-26-000615:gdlg-20260131_10k.htm,Glidelogic Corp.  (GDLG)  (CIK 0001848672),0001848672,10-K,2026-04-27,2026-01-31,"Las Vegas, NV",0001096906-26-000615
0001039399-26-000009:form-20251227.htm,FORMFACTOR INC  (FORM)  (CIK 0001039399),0001039399,10-K,2026-02-20,2025-12-27,"Livermore, CA",0001039399-26-000009
0001718939-26-000024:idai-20251231.htm,T Stamp Inc  (IDAI)  (CIK 0001718939),0001718939,10-K,2026-03-31,2025-12-31,"Atlanta, GA",0001718939-26-000024
0001628280-26-012494:duol-20251231.htm,"Duolingo, Inc.  (DUOL)  (CIK 0001562088)",0001562088,10-K,2026-02-27,2025-12-31,"Pittsburgh, PA",0001628280-26-012494
0001493152-26-013612:form10-k.htm,Lantern Pharma Inc.  (LTRN)  (CIK 0001763950),0001763950,10-K,2026-03-30,2025-12-31,"Dallas, TX",0001493152-26-013612
0001323885-26-000007:exhibit14-codeofconductf.htm,"AtriCure, Inc.  (ATRC)  (CIK 0001323885)",0001323885,10-K,2026-02-19,2025-12-31,"Mason, OH",0001323885-26-000007
0001336917-26-000073:ua-20260331.htm,"Under Armour, Inc.  (UA, UAA)  (CIK 0001336917)",0001336917,10-K,2026-05-19,2026-03-31,"Baltimore, MD",0001336917-26-000073
0001104659-26-020487:payo-20251231x10k.htm,Payoneer Global Inc.  (PAYO)  (CIK 0001845815),0001845815,10-K,2026-02-26,2025-12-31,"New York, NY",0001104659-26-020487
0001171843-26-001337:cmpx20251231_10k.htm,"Compass Therapeutics, Inc.  (CMPX)  (CIK 0001738021)",0001738021,10-K,2026-03-05,2025-12-31,"Boston, MA",0001171843-26-001337
0001828791-26-000019:dsp-20251231.htm,Viant Technology Inc.  (DSP)  (CIK 0001828791),0001828791,10-K,2026-03-11,2025-12-31,"Irvine, CA",0001828791-26-000019
0001493152-26-013205:ex4-32.htm,Viewbix Inc.  (VBIX)  (CIK 0000797542),0000797542,10-K,2026-03-27,2025-12-31,Tel Aviv,0001493152-26-013205
0000703351-26-000029:eat-20260624.htm,"BRINKER INTERNATIONAL, INC  (EAT)  (CIK 0000703351)",0000703351,10-K,2026-08-19,2026-06-24,"Dallas, TX",0000703351-26-000029
0001193125-26-082508:expo-20260102.htm,EXPONENT INC  (EXPO)  (CIK 0000851520),0000851520,10-K,2026-02-27,2026-01-02,"Menlo Park, CA",0001193125-26-082508
0001140361-26-009238:ef20064326_10k.htm,TRANSACT TECHNOLOGIES INC  (TACT)  (CIK 0001017303),0001017303,10-K,2026-03-12,2025-12-31,"Hamden, CT",0001140361-26-009238
0000712534-26-000022:frme-20251231.htm,"FIRST MERCHANTS CORP  (FRME, FRMEP)  (CIK 0000712534)",0000712534,10-K,2026-02-25,2025-12-31,"Muncie, IN",0000712534-26-000022
0001193125-26-132860:icmb-20251231.htm,"Investcorp Credit Management BDC, Inc.  (ICMB)  (CIK 0001578348)",0001578348,10-K,2026-03-31,2025-12-31,"New York, NY",0001193125-26-132860
0001193125-26-137916:urbn-20260131.htm,URBAN OUTFITTERS INC  (URBN)  (CIK 0000912615),0000912615,10-K,2026-04-01,2026-01-31,"Philadelphia, PA",0001193125-26-137916
0001628280-26-011965:pzza-20251228.htm,PAPA JOHNS INTERNATIONAL INC  (PZZA)  (CIK 0000901491),0000901491,10-K,2026-02-26,2025-12-28,"Louisville, KY",0001628280-26-011965
0001398344-26-005654:fp0097947-1_10kixbrl.htm,"Partners Group Lending Fund, LLC  (CIK 0001938649)",0001938649,10-K,2026-03-26,2025-12-31,"New York, NY",0001398344-26-005654
0001193125-26-103134:cadl-20251231.htm,"Candel Therapeutics, Inc.  (CADL)  (CIK 0001841387)",0001841387,10-K,2026-03-12,2025-12-31,"Needham, MA",0001193125-26-103134
0000927066-26-000012:dva-20251231.htm,DAVITA INC.  (DVA)  (CIK 0000927066),0000927066,10-K,2026-02-11,2025-12-31,"Denver, CO",0000927066-26-000012
0001213900-26-044078:ea0284191-10k_healthcare.htm,"Healthcare Triangle, Inc.  (HCTI)  (CIK 0001839285)",0001839285,10-K,2026-04-15,2025-12-31,"Pleasanton, CA",0001213900-26-044078
0001104659-26-036878:prpo-20251231x10k.htm,"Precipio, Inc.  (PRPO)  (CIK 0001043961)",0001043961,10-K,2026-03-30,2025-12-31,"New Haven, CT",0001104659-26-036878
0001628280-26-007668:zbra-20251231.htm,ZEBRA TECHNOLOGIES CORP  (ZBRA)  (CIK 0000877212),0000877212,10-K,2026-02-12,2025-12-31,"Lincolnshire, IL",0001628280-26-007668
0001628280-26-016522:espr-20251231.htm,"Esperion Therapeutics, Inc.  (ESPR)  (CIK 0001434868)",0001434868,10-K,2026-03-10,2025-12-31,"Ann Arbor, MI",0001628280-26-016522
0001462418-26-000019:asps-20251231.htm,"ALTISOURCE PORTFOLIO SOLUTIONS S.A.  (ASPS, ASPSW, ASPSZ)  (CIK 0001462418)",0001462418,10-K,2026-03-04,2025-12-31,"Grand Duchy of Luxembourg, N4",0001462418-26-000019
0001767042-26-000012:kgs-20251231.htm,"Kodiak Gas Services, Inc.  (KGS)  (CIK 0001767042)",0001767042,10-K,2026-02-26,2025-12-31,"The Woodlands, TX",0001767042-26-000012
0001628280-26-043303:crdo-20260502.htm,Credo Technology Group Holding Ltd  (CRDO)  (CIK 0001807794),0001807794,10-K,2026-06-15,2026-05-02,"Grand Cayman, E9",0001628280-26-043303
0001193125-26-045495:psn-20251231.htm,PARSONS CORP  (PSN)  (CIK 0000275880),0000275880,10-K,2026-02-11,2025-12-31,"Centreville, VA",0001193125-26-045495
0001795815-26-000005:bcal-20251231.htm,California BanCorp \ CA  (BCAL)  (CIK 0001795815),0001795815,10-K,2026-03-13,2025-12-31,"San Diego, CA",0001795815-26-000005
0001437749-26-006820:alrs20251231_10k.htm,ALERUS FINANCIAL CORP  (ALRS)  (CIK 0000903419),0000903419,10-K,2026-03-04,2025-12-31,"Grand Forks, ND",0001437749-26-006820
0001193125-26-103932:ck0002011498-20251231.htm,AGL Private Credit Income Fund  (CIK 0002011498),0002011498,10-K,2026-03-12,2025-12-31,"New York, NY",0001193125-26-103932
0001701541-26-000009:bdtx-20251231.htm,"Black Diamond Therapeutics, Inc.  (BDTX)  (CIK 0001701541)",0001701541,10-K,2026-03-16,2025-12-31,"Cambridge, MA",0001701541-26-000009
0001193125-26-076528:rgen-20251231.htm,REPLIGEN CORP  (RGEN)  (CIK 0000730272),0000730272,10-K,2026-02-26,2025-12-31,"Waltham, MA",0001193125-26-076528
0001437749-26-005316:plow20251231_10k.htm,"DOUGLAS DYNAMICS, INC  (PLOW)  (CIK 0001287213)",0001287213,10-K,2026-02-24,2025-12-31,"Milwaukee, WI",0001437749-26-005316
0001193125-26-371257:lfvn-20260630.htm,Lifevantage Corp  (LFVN)  (CIK 0000849146),0000849146,10-K,2026-08-27,2026-06-30,"Lehi, UT",0001193125-26-371257
0001628280-26-049834:csbr-20260430.htm,"CHAMPIONS ONCOLOGY, INC.  (CSBR)  (CIK 0000771856)",0000771856,10-K,2026-07-27,2026-04-30,"Baltimore, MD",0001628280-26-049834
0001997859-26-000028:wbtn-20251231.htm,WEBTOON Entertainment Inc.  (WBTN)  (CIK 0001997859),0001997859,10-K,2026-03-05,2025-12-31,"Los Angeles, CA",0001997859-26-000028
0000024545-26-000006:tap-20251231.htm,"MOLSON COORS BEVERAGE CO  (TAP, TAP-A)  (CIK 0000024545)",0000024545,10-K,2026-02-18,2025-12-31,"Golden, CO",0000024545-26-000006
0001628280-26-011946:bgne-20251231.htm,"BeOne Medicines Ltd.  (ONC, BEIGF)  (CIK 0001651308)",0001651308,10-K,2026-02-26,2025-12-31,Basel,0001628280-26-011946
0001213900-26-037199:ea0283927-10k_next.htm,Next Technology Holding Inc.  (NXTT)  (CIK 0001784970),0001784970,10-K,2026-03-31,2025-12-31,Kasukabe City,0001213900-26-037199
0001481792-26-000042:quad-20251231.htm,"Quad/Graphics, Inc.  (QUAD)  (CIK 0001481792)",0001481792,10-K,2026-02-18,2025-12-31,"Sussex, WI",0001481792-26-000042
0001371285-26-000018:trup-20251231.htm,"TRUPANION, INC.  (TRUP)  (CIK 0001371285)",0001371285,10-K,2026-02-13,2025-12-31,"Seattle, WA",0001371285-26-000018
0001104659-26-024573:iii-20251231x10k.htm,Information Services Group Inc.  (III)  (CIK 0001371489),0001371489,10-K,2026-03-06,2025-12-31,"Stamford, CT",0001104659-26-024573
0001628280-26-017346:curi-20251231.htm,CuriosityStream Inc.  (CURI)  (CIK 0001776909),0001776909,10-K,2026-03-12,2025-12-31,"Silver Spring, MD",0001628280-26-017346
0001213900-26-035841:ea0282884-10k_remora.htm,Remora Capital Corp  (CIK 0002045370),0002045370,10-K,2026-03-30,2025-12-31,"Nashville, TN",0001213900-26-035841
0001628280-26-019015:a2025bdfannualfinancialsta.htm,"Bob's Discount Furniture, Inc.  (BOBS)  (CIK 0002085187)",0002085187,10-K,2026-03-18,2025-12-28,"Manchester, CT",0001628280-26-019015
0001493152-26-009641:form10-k.htm,"SURO CAPITAL CORP.  (SSSS, SSSSL)  (CIK 0001509470)",0001509470,10-K,2026-03-11,2025-12-31,"New York, NY",0001493152-26-009641
0000039311-26-000009:ibcp-20251231_d2.htm,INDEPENDENT BANK CORP /MI/  (IBCP)  (CIK 0000039311),0000039311,10-K,2026-03-06,2025-12-31,"Grand Rapids, MI",0000039311-26-000009
0001104659-26-022551:srrk-20251231x10k.htm,Scholar Rock Holding Corp  (SRRK)  (CIK 0001727196),0001727196,10-K,2026-03-03,2025-12-31,"Cambridge, MA",0001104659-26-022551
0001534120-26-000011:avtx-20251231.htm,"Avalo Therapeutics, Inc.  (AVTX)  (CIK 0001534120)",0001534120,10-K,2026-03-23,2025-12-31,"Wayne, PA",0001534120-26-000011
0001127703-26-000008:pra-20251231.htm,PROASSURANCE CORP  (PRA)  (CIK 0001127703),0001127703,10-K,2026-02-23,2025-12-31,"Birmingham, AL",0001127703-26-000008
0000714310-26-000017:vly-20251231.htm,"VALLEY NATIONAL BANCORP  (VLY, VLYPN, VLYPO, VLYPP)  (CIK 0000714310)",0000714310,10-K,2026-02-27,2025-12-31,"New York, NY",0000714310-26-000017
0001357615-26-000051:kbr-20260102.htm,"KBR, INC.  (KBR)  (CIK 0001357615)",0001357615,10-K,2026-02-26,2026-01-02,"Houston, TX",0001357615-26-000051
0001805385-26-000012:evlv-20251231.htm,"Evolv Technologies Holdings, Inc.  (EVLV, EVLVW)  (CIK 0001805385)",0001805385,10-K,2026-03-10,2025-12-31,"Waltham, MA",0001805385-26-000012
0001193125-26-076876:aclx-20251231.htm,"Arcellx, Inc.  (ACLX)  (CIK 0001786205)",0001786205,10-K,2026-02-26,2025-12-31,"Redwood City, CA",0001193125-26-076876
0001674101-26-000008:vrt-20251231.htm,Vertiv Holdings Co  (VRT)  (CIK 0001674101),0001674101,10-K,2026-02-13,2025-12-31,"Westerville, OH",0001674101-26-000008
0001493152-26-016838:form10-k.htm,"Oncotelic Therapeutics, Inc.  (OTLC)  (CIK 0000908259)",0000908259,10-K,2026-04-15,2025-12-31,"Aguora Hills, CA",0001493152-26-016838
0001130713-26-000018:bbby-20251231.htm,"BED BATH & BEYOND, INC.  (BBBY, BBBY-WT)  (CIK 0001130713)",0001130713,10-K,2026-02-24,2025-12-31,"Murray, UT",0001130713-26-000018
0001493152-26-016338:form10-k.htm,KOPIN CORP  (KOPN)  (CIK 0000771266),0000771266,10-K,2026-04-13,2025-12-27,"Westborough, MA",0001493152-26-016338
0001865200-26-000020:angx-20251231x10k.htm,"Angel Studios, Inc.  (ANGX)  (CIK 0001865200)",0001865200,10-K,2026-03-12,2025-12-31,"Provo, UT",0001865200-26-000020
0001818383-26-000049:max-20251231x10kexx191.htm,"MediaAlpha, Inc.  (MAX)  (CIK 0001818383)",0001818383,10-K,2026-02-23,2025-12-31,"Los Angeles, CA",0001818383-26-000049
0001493152-26-033093:form10-k.htm,OFA Group  (OFAL)  (CIK 0002036307),0002036307,10-K,2026-07-14,2026-03-31,Cheung Sha Wan,0001493152-26-033093
0000780571-26-000033:itri-20251231.htm,"ITRON, INC.  (ITRI)  (CIK 0000780571)",0000780571,10-K,2026-02-17,2025-12-31,"Liberty Lake, WA",0000780571-26-000033
0001104659-26-018859:hrmy-20251231x10k.htm,"Harmony Biosciences Holdings, Inc.  (HRMY)  (CIK 0001802665)",0001802665,10-K,2026-02-24,2025-12-31,"Plymouth Meeting, PA",0001104659-26-018859
0001193125-26-082822:ck0001834543-20251231.htm,BlackRock Direct Lending Corp.  (CIK 0001834543),0001834543,10-K,2026-02-27,2025-12-31,"Santa Monica, CA",0001193125-26-082822
0001801169-26-000010:open-20251231.htm,"Opendoor Technologies Inc.  (OPEN, OPENL, OPENW, OPENZ)  (CIK 0001801169)",0001801169,10-K,2026-02-19,2025-12-31,"Tempe, AZ",0001801169-26-000010
0001321741-26-000011:gain-20260331.htm,"GLADSTONE INVESTMENT CORPORATION\DE  (GAIN, GAING, GAINI, GAINN, GAINZ)  (CIK 0001321741)",0001321741,10-K,2026-05-12,2026-03-31,"Mclean, VA",0001321741-26-000011
0001486159-26-000005:chrd-20251231.htm,Chord Energy Corp  (CHRD)  (CIK 0001486159),0001486159,10-K,2026-02-26,2025-12-31,"Houston, TX",0001486159-26-000005
0001517175-26-000005:chef-20251226.htm,"Chefs' Warehouse, Inc.  (CHEF)  (CIK 0001517175)",0001517175,10-K,2026-02-24,2025-12-26,"Ridgefield, CT",0001517175-26-000005
0001468910-26-000002:c910-20251231x10k.htm,Millburn Multi-Markets Fund L.P.  (CIK 0001468910),0001468910,10-K,2026-03-31,2025-12-31,"New York, NY",0001468910-26-000002
0001703056-26-000022:adt-20251231.htm,ADT Inc.  (ADT)  (CIK 0001703056),0001703056,10-K,2026-03-02,2025-12-31,"Boca Raton, FL",0001703056-26-000022
0002071136-26-000006:ncbdcv-20251231.htm,Nuveen Churchill BDC V  (CIK 0002071136),0002071136,10-K,2026-03-02,2025-12-31,"New York, NY",0002071136-26-000006
0001625641-26-000044:law-20251231.htm,"CS Disco, Inc.  (LAW)  (CIK 0001625641)",0001625641,10-K,2026-02-25,2025-12-31,"Austin, TX",0001625641-26-000044
0001628280-26-022509:ffie-20251231.htm,"FARADAY FUTURE INTELLIGENT ELECTRIC INC.  (FFAI, FFAIW)  (CIK 0001805521)",0001805521,10-K,2026-03-31,2025-12-31,"New York, NY",0001628280-26-022509
0001104659-26-020499:dv-20251231x10k.htm,"DoubleVerify Holdings, Inc.  (DV)  (CIK 0001819928)",0001819928,10-K,2026-02-26,2025-12-31,"New York, NY",0001104659-26-020499
0001193125-26-134897:dcoy-20251231.htm,Decoy Therapeutics Inc.  (DCOY)  (CIK 0001615219),0001615219,10-K,2026-03-31,2025-12-31,"Houston, TX",0001193125-26-134897
0001628280-26-008819:ddog-20251231.htm,"Datadog, Inc.  (DDOG)  (CIK 0001561550)",0001561550,10-K,2026-02-18,2025-12-31,"New York, NY",0001628280-26-008819
0001987731-26-000002:wti-20251231.htm,"WTI Fund XI, Inc.  (CIK 0001987731)",0001987731,10-K,2026-03-13,2025-12-31,"Portola Valley, CA",0001987731-26-000002
0001743725-26-000007:gdyn-20251231.htm,"GRID DYNAMICS HOLDINGS, INC.  (GDYN)  (CIK 0001743725)",0001743725,10-K,2026-03-05,2025-12-31,"San Ramon, CA",0001743725-26-000007
0001654954-26-002154:pebk_10k.htm,PEOPLES BANCORP OF NORTH CAROLINA INC  (PEBK)  (CIK 0001093672),0001093672,10-K,2026-03-11,2025-12-31,"Newton, NC",0001654954-26-002154
0000025232-26-000014:cuz-20251231.htm,COUSINS PROPERTIES INC  (CUZ)  (CIK 0000025232),0000025232,10-K,2026-02-05,2025-12-31,"Atlanta, GA",0000025232-26-000014
0001666071-26-000010:cdlx_form10-kx2025q4xex1037.htm,"Cardlytics, Inc.  (CDLX)  (CIK 0001666071)",0001666071,10-K,2026-03-04,2025-12-31,"Atlanta, GA",0001666071-26-000010
0001957845-26-000029:kkr-20251231.htm,KKR Private Equity Conglomerate LLC  (CIK 0001957845),0001957845,10-K,2026-03-26,2025-12-31,"New York, NY",0001957845-26-000029
0001591698-26-000069:pcty-20260630.htm,Paylocity Holding Corp  (PCTY)  (CIK 0001591698),0001591698,10-K,2026-08-05,2026-06-30,"Schaumburg, IL",0001591698-26-000069
0001493152-26-009243:form10-k.htm,"Tri-County Financial Group, Inc.  (TYFG)  (CIK 0001725262)",0001725262,10-K,2026-03-09,2025-12-31,"Mendota, IL",0001493152-26-009243
0001193125-26-126210:le-20260130.htm,"LANDS' END, INC.  (LE)  (CIK 0000799288)",0000799288,10-K,2026-03-26,2026-01-30,"Dodgeville, WI",0001193125-26-126210
0001193125-26-352872:extr-20260630.htm,EXTREME NETWORKS INC  (EXTR)  (CIK 0001078271),0001078271,10-K,2026-08-17,2026-06-30,"Morrisville, NC",0001193125-26-352872
0001549346-26-000008:sstk-20251231.htm,"Shutterstock, Inc.  (SSTK)  (CIK 0001549346)",0001549346,10-K,2026-02-17,2025-12-31,"New York, NY",0001549346-26-000008
0001193125-26-106084:d71061d10k1.pdf,"Blackstone Private Equity Strategies Fund L.P.  (CIK 0001930054), Blackstone Private Equity Strategies Fund (TE) L.P.  (CIK 0001953940)","0001930054, 0001953940",10-K,2026-03-13,2025-12-31,"New York, NY, New York, NY",0001193125-26-106084
0001193125-26-051346:ntgr-20251231.htm,"NETGEAR, INC.  (NTGR)  (CIK 0001122904)",0001122904,10-K,2026-02-13,2025-12-31,"San Jose, CA",0001193125-26-051346
0000801337-26-000011:wbs-20251231.htm,"WEBSTER FINANCIAL CORP  (WBS, WBS-PF, WBS-PG)  (CIK 0000801337)",0000801337,10-K/A,2026-04-24,2025-12-31,"Stamford, CT",0000801337-26-000011
0001829864-26-000012:task-20251231.htm,"TaskUs, Inc.  (TASK)  (CIK 0001829864)",0001829864,10-K,2026-03-05,2025-12-31,"New Braunfels, TX",0001829864-26-000012
0001133421-26-000003:noc-20251231.htm,NORTHROP GRUMMAN CORP /DE/  (NOC)  (CIK 0001133421),0001133421,10-K,2026-01-27,2025-12-31,"Falls Church, VA",0001133421-26-000003
0001493152-26-020899:form10-k.htm,"Livento Group, Inc.  (CIK 0001593549)",0001593549,10-K,2026-05-01,2025-12-31,"New York, NY",0001493152-26-020899
0001193125-26-094112:bbot-20251231.htm,"BridgeBio Oncology Therapeutics, Inc.  (BBOT)  (CIK 0001869105)",0001869105,10-K,2026-03-05,2025-12-31,"South San Francisco, CA",0001193125-26-094112
0001829126-26-001812:hestiainsight_10k.htm,Hestia Insight Inc.  (HSTA)  (CIK 0001813603),0001813603,10-K,2026-03-02,2025-11-30,"Las Vegas, NV",0001829126-26-001812
0001193125-26-197345:d132542d10ka.htm,"OLAPLEX HOLDINGS, INC.  (OLPX)  (CIK 0001868726)",0001868726,10-K/A,2026-04-30,2025-12-31,"New York, NY",0001193125-26-197345
0001104659-26-032325:dg-20260130x10k.htm,DOLLAR GENERAL CORP  (DG)  (CIK 0000029534),0000029534,10-K,2026-03-20,2026-01-30,"Goodlettsville, TN",0001104659-26-032325
0001628280-26-005345:mdlz-20251231.htm,"Mondelez International, Inc.  (MDLZ)  (CIK 0001103982)",0001103982,10-K,2026-02-04,2025-12-31,"Chicago, IL",0001628280-26-005345
0001326190-26-000018:alt-20251231x10k.htm,"Altimmune, Inc.  (ALT)  (CIK 0001326190)",0001326190,10-K,2026-03-06,2025-12-31,"Gaithersburg, MD",0001326190-26-000018
0001493152-26-009165:form10-k.htm,Jet.AI Inc.  (JTAI)  (CIK 0001861622),0001861622,10-K,2026-03-06,2025-12-31,"Las Vegas, NV",0001493152-26-009165
0001753926-26-000917:g085722_10k.htm,VisitIQ Corp.  (VIIQ)  (CIK 0001470129),0001470129,10-K,2026-05-20,2025-08-31,"Minneapolis, MN",0001753926-26-000917
0001628280-26-007726:aip-20251231.htm,"Arteris, Inc.  (AIP)  (CIK 0001667011)",0001667011,10-K,2026-02-12,2025-12-31,"Campbell, CA",0001628280-26-007726
0001628280-26-037521:bah-20260331.htm,Booz Allen Hamilton Holding Corp  (BAH)  (CIK 0001443646),0001443646,10-K,2026-05-22,2026-03-31,"Mclean, VA",0001628280-26-037521
0000845877-26-000014:agm-20251231.htm,"FEDERAL AGRICULTURAL MORTGAGE CORP  (AGM, AGM-A, AGM-PD, AGM-PE, AGM-PF, AGM-PG, AGM-PH)  (CIK 0000845877)",0000845877,10-K,2026-02-19,2025-12-31,"Washington, DC",0000845877-26-000014
0001918712-26-000018:asif-20251231.htm,ARES STRATEGIC INCOME FUND  (CIK 0001918712),0001918712,10-K,2026-03-09,2025-12-31,"New York, NY",0001918712-26-000018
0001852131-26-000017:nxt-20260331.htm,Nextpower Inc.  (NXT)  (CIK 0001852131),0001852131,10-K,2026-05-19,2026-03-31,"Fremont, CA",0001852131-26-000017
0001437749-26-006103:cldt20251231_10k.htm,"Chatham Lodging Trust  (CLDT, CLDT-PA)  (CIK 0001476045)",0001476045,10-K,2026-02-27,2025-12-31,"West Palm Beach, FL",0001437749-26-006103
0001683168-26-002754:mobiquity_i10k-123125.htm,"Mobiquity Technologies, Inc.  (MOBQ, MOBQW)  (CIK 0001084267)",0001084267,10-K,2026-04-08,2025-12-31,"Shoreham, NY",0001683168-26-002754
0001185185-26-001385:miti10k123125.htm,"Mitesco, Inc.  (MITI)  (CIK 0000802257)",0000802257,10-K,2026-04-15,2025-12-31,"Vero Beach, FL",0001185185-26-001385
0001804176-26-000009:bfly-20251231xex1026.htm,"Butterfly Network, Inc.  (BFLY)  (CIK 0001804176)",0001804176,10-K,2026-02-27,2025-12-31,"Burlington, MA",0001804176-26-000009
0001193125-26-104117:rway-20251231.htm,"Runway Growth Finance Corp.  (RWAY, RWAYI, RWAYL, RWAYZ)  (CIK 0001653384)",0001653384,10-K,2026-03-12,2025-12-31,"Chicago, IL",0001193125-26-104117
0001646972-26-000032:aci-20260228.htm,"Albertsons Companies, Inc.  (ACI)  (CIK 0001646972)",0001646972,10-K,2026-04-27,2026-02-28,"Boise, ID",0001646972-26-000032
0001104659-26-085459:air-20260531x10k.htm,AAR CORP  (AIR)  (CIK 0000001750),0000001750,10-K,2026-07-22,2026-05-31,"Wood Dale, IL",0001104659-26-085459
0000063754-26-000037:mkc-20251130.htm,"MCCORMICK & CO INC  (MKC, MKC-V)  (CIK 0000063754)",0000063754,10-K,2026-01-22,2025-11-30,"Hunt Valley, MD",0000063754-26-000037
0001193125-26-093918:bcic-20251231.htm,BCP Investment Corp  (BCIC)  (CIK 0001372807),0001372807,10-K,2026-03-05,2025-12-31,"New York, NY",0001193125-26-093918
0001437749-26-006780:atii20251231_10k.htm,"Archimedes Tech SPAC Partners II Co.  (ATII, ATIIU, ATIIW)  (CIK 0002028516)",0002028516,10-K,2026-03-04,2025-12-31,"Claymont, DE",0001437749-26-006780
0001840502-26-000004:tbla-20251231.htm,"Taboola.com Ltd.  (TBLA, TBLAW)  (CIK 0001840502)",0001840502,10-K,2026-02-25,2025-12-31,"New York, NY",0001840502-26-000004
0001437749-26-004568:gnrc20251231_10k.htm,GENERAC HOLDINGS INC.  (GNRC)  (CIK 0001474735),0001474735,10-K,2026-02-18,2025-12-31,"Waukesha, WI",0001437749-26-004568
0001628280-26-007696:psa-20251231.htm,"Public Storage  (PSA, PSA-PF, PSA-PG, PSA-PH, PSA-PI, PSA-PJ, PSA-PK, PSA-PL, PSA-PM, PSA-PN, PSA-PO, PSA-PP, PSA-PQ)  (CIK 0001393311)",0001393311,10-K,2026-02-12,2025-12-31,"Glendale, CA",0001628280-26-007696
0000350894-26-000013:seic-20251231.htm,SEI INVESTMENTS CO  (SEIC)  (CIK 0000350894),0000350894,10-K,2026-02-23,2025-12-31,"Oaks, PA",0000350894-26-000013
0000943819-26-000047:rmd-20260630.htm,"RESMED INC  (RMD, RSMDF)  (CIK 0000943819)",0000943819,10-K,2026-08-13,2026-06-30,"San Diego, CA",0000943819-26-000047
0000890564-26-000013:asgn-20251231.htm,ASGN Inc  (ASGN)  (CIK 0000890564),0000890564,10-K,2026-02-25,2025-12-31,"Glen Allen, VA",0000890564-26-000013
0001639825-26-000038:pton-20260630.htm,"PELOTON INTERACTIVE, INC.  (PTON)  (CIK 0001639825)",0001639825,10-K,2026-08-06,2026-06-30,"New York, NY",0001639825-26-000038
0000095953-26-000040:acnt-20251231.htm,ASCENT INDUSTRIES CO.  (ACNT)  (CIK 0000095953),0000095953,10-K,2026-03-03,2025-12-31,"Schaumburg, IL",0000095953-26-000040
0001104659-26-012049:wm-20251231x10k.htm,WASTE MANAGEMENT INC  (WM)  (CIK 0000823768),0000823768,10-K,2026-02-09,2025-12-31,"Houston, TX",0001104659-26-012049
0001493152-26-016872:form10-k.htm,"Q/C TECHNOLOGIES, INC.  (QCLS)  (CIK 0001321834)",0001321834,10-K,2026-04-15,2025-12-31,"New York, NY",0001493152-26-016872
0001493152-26-016872:form10-k.htm,"Q/C TECHNOLOGIES, INC.  (QCLS)  (CIK 0001321834)",0001321834,10-K,2026-04-15,2025-12-31,"New York, NY",0001493152-26-016872
0001493152-26-014068:form10-k.htm,SharonAI Holdings Inc.  (SHAZ)  (CIK 0002068385),0002068385,10-K,2026-03-31,2025-12-31,"Miami, FL",0001493152-26-014068
0000310522-26-000015:fnm-20251231.htm,"FEDERAL NATIONAL MORTGAGE ASSOCIATION FANNIE MAE  (FNMA, FNMAG, FNMAH, FNMAI, FNMAJ, FNMAK, FNMAL, FNMAM, FNMAN, FNMAO, FNMAS, FNMAT, FNMFM, FNMFN)  (CIK 0000310522)",0000310522,10-K,2026-02-11,2025-12-31,"Washington, DC",0000310522-26-000015
0000947484-26-000017:acgl-20251231.htm,"ARCH CAPITAL GROUP LTD.  (ACGL, ACGLN, ACGLO)  (CIK 0000947484)",0000947484,10-K,2026-02-26,2025-12-31,"Pembroke, D0",0000947484-26-000017
0001104659-26-077817:cgeh-20260331x10k.htm,"Capstone Energy Plus, Inc.  (CGEH)  (CIK 0001009759)",0001009759,10-K,2026-06-25,2026-03-31,"Van Nuys, CA",0001104659-26-077817
0000726958-26-000046:casy-20260430.htm,CASEYS GENERAL STORES INC  (CASY)  (CIK 0000726958),0000726958,10-K,2026-06-22,2026-04-30,"Ankeny, IA",0000726958-26-000046
0001213900-26-035116:ea0282808-10ka1_clear.htm,"Clear Channel Outdoor Holdings, Inc.  (CCO)  (CIK 0001334978)",0001334978,10-K/A,2026-03-27,2025-12-31,"San Antonio, TX",0001213900-26-035116
0001193125-26-067238:cbll-20251231.htm,"Ceribell, Inc.  (CBLL)  (CIK 0001861107)",0001861107,10-K,2026-02-24,2025-12-31,"Sunnyvale, CA",0001193125-26-067238
0001616707-26-000027:w-20251231.htm,Wayfair Inc.  (W)  (CIK 0001616707),0001616707,10-K,2026-02-19,2025-12-31,"Boston, MA",0001616707-26-000027
0000769397-26-000015:adsk-20260131.htm,"Autodesk, Inc.  (ADSK)  (CIK 0000769397)",0000769397,10-K,2026-03-03,2026-01-31,"San Francisco, CA",0000769397-26-000015
0001628280-26-012555:smur-20251231.htm,Smurfit Westrock plc  (SW)  (CIK 0002005951),0002005951,10-K,2026-02-27,2025-12-31,Dublin 4,0001628280-26-012555
0001867096-26-000016:xers-20251231.htm,"Xeris Biopharma Holdings, Inc.  (XERS)  (CIK 0001867096)",0001867096,10-K,2026-03-02,2025-12-31,"Chicago, IL",0001867096-26-000016
0001684682-26-000007:cnl-20251231.htm,"CNL Strategic Capital, LLC  (CIK 0001684682)",0001684682,10-K,2026-03-26,2025-12-31,"Orlando, FL",0001684682-26-000007
0001856314-26-000006:you-20251231.htm,"Clear Secure, Inc.  (YOU)  (CIK 0001856314)",0001856314,10-K,2026-02-25,2025-12-31,"New York, NY",0001856314-26-000006
0001493152-26-016664:form10-k.htm,Eightco Holdings Inc.  (ORBS)  (CIK 0001892492),0001892492,10-K,2026-04-15,2025-12-31,"Easton, PA",0001493152-26-016664
0001140361-26-005311:ef20060630_10k.htm,SENSIENT TECHNOLOGIES CORP  (SXT)  (CIK 0000310142),0000310142,10-K,2026-02-13,2025-12-31,"Milwaukee, WI",0001140361-26-005311
0001628280-26-016429:grpn-20251231.htm,"Groupon, Inc.  (GRPN)  (CIK 0001490281)",0001490281,10-K,2026-03-10,2025-12-31,"Chicago, IL",0001628280-26-016429
0001948056-26-000023:kkr-20251231.htm,KKR Infrastructure Conglomerate LLC  (CIK 0001948056),0001948056,10-K,2026-03-26,2025-12-31,"New York, NY",0001948056-26-000023
0001628280-26-013232:core-20241231.htm,"Core Scientific, Inc./tx  (CORZ, CORZR, CORZW, CORZZ)  (CIK 0001839341)",0001839341,10-K/A,2026-03-02,2024-12-31,"Dover, DE",0001628280-26-013232
0000080661-26-000086:pgr-20251231.htm,PROGRESSIVE CORP/OH/  (PGR)  (CIK 0000080661),0000080661,10-K,2026-03-02,2025-12-31,"Mayfield Village, OH",0000080661-26-000086
0001504461-26-000012:ngl-20260331.htm,"NGL Energy Partners LP  (NGL, NGL-PB, NGL-PC)  (CIK 0001504461)",0001504461,10-K,2026-05-28,2026-03-31,"Tulsa, OK",0001504461-26-000012
0001437749-26-007826:bkti20251231_10k.htm,BK Technologies Corp  (BKTI)  (CIK 0000002186),0000002186,10-K,2026-03-12,2025-12-31,"West Melbourne, FL",0001437749-26-007826
0001193125-26-073362:psbd-20251231.htm,Palmer Square Capital BDC Inc.  (PSBD)  (CIK 0001794776),0001794776,10-K,2026-02-26,2025-12-31,"Mission Woods, KS",0001193125-26-073362
0000793074-26-000071:wern-20251231.htm,WERNER ENTERPRISES INC  (WERN)  (CIK 0000793074),0000793074,10-K,2026-02-26,2025-12-31,"Omaha, NE",0000793074-26-000071
0001171843-26-003627:f10k_051126.htm,"All In FutureTech Alliance, Inc.  (AGAE)  (CIK 0001708341)",0001708341,10-K,2026-05-22,2025-12-31,"New York, NY",0001171843-26-003627
0001717310-26-000002:vll9-20251231.htm,"Venture Lending & Leasing IX, Inc.  (CIK 0001717310)",0001717310,10-K,2026-03-13,2025-12-31,"Portola Valley, CA",0001717310-26-000002
0000789460-26-000015:wkc-20251231.htm,WORLD KINECT CORP  (WKC)  (CIK 0000789460),0000789460,10-K,2026-02-24,2025-12-31,"Miami, FL",0000789460-26-000015
0001437749-26-005916:hstm20251231_10k.htm,HEALTHSTREAM INC  (HSTM)  (CIK 0001095565),0001095565,10-K,2026-02-27,2025-12-31,"Nashville, TN",0001437749-26-005916
0001683168-26-002951:nixxy_i10k-123125.htm,"Nixxy, Inc.  (NIXX, NIXXW)  (CIK 0001462223)",0001462223,10-K,2026-04-15,2025-12-31,"New York, NY",0001683168-26-002951
0001628280-26-022929:love-20260201.htm,Lovesac Co  (LOVE)  (CIK 0001701758),0001701758,10-K,2026-04-02,2026-02-01,"Stamford, CT",0001628280-26-022929
0001720580-26-000008:acet-20251231.htm,"Adicet Bio, Inc.  (ACET)  (CIK 0001720580)",0001720580,10-K,2026-03-12,2025-12-31,"Boston, MA",0001720580-26-000008
0001213900-26-036810:ea0282624-10k_blockchain.htm,"BlockchAIn Digital Infrastructure, Inc.  (AIB)  (CIK 0002070542)",0002070542,10-K,2026-03-31,2025-12-31,"New York, NY",0001213900-26-036810
0001866633-26-000004:ccs-20251231.htm,"Consensus Cloud Solutions, Inc.  (CCSI)  (CIK 0001866633)",0001866633,10-K,2026-02-13,2025-12-31,"Los Angeles, CA",0001866633-26-000004
0001409493-26-000017:cim-20251231.htm,"CHIMERA INVESTMENT CORP  (CIM, CIMN, CIMO, CIMP, CIM-PA, CIM-PB, CIM-PC, CIM-PD)  (CIK 0001409493)",0001409493,10-K,2026-02-18,2025-12-31,"New York, NY",0001409493-26-000017
0001819142-26-000033:ses-20251231x10ka.htm,"SES AI Corp  (SES, SES-WT)  (CIK 0001819142)",0001819142,10-K/A,2026-04-30,2025-12-31,"Woburn, MA",0001819142-26-000033
0000008670-26-000030:adp-20260630.htm,AUTOMATIC DATA PROCESSING INC  (ADP)  (CIK 0000008670),0000008670,10-K,2026-08-05,2026-06-30,"Roseland, NJ",0000008670-26-000030
0001628280-26-008603:ingr-20251231.htm,Ingredion Inc  (INGR)  (CIK 0001046257),0001046257,10-K,2026-02-17,2025-12-31,"Westchester, IL",0001628280-26-008603
0001140361-26-023171:ef20070470_ex19.htm,EPLUS INC  (PLUS)  (CIK 0001022408),0001022408,10-K,2026-05-28,2026-03-31,"Herndon, VA",0001140361-26-023171
0001546417-26-000009:blmn-20251228.htm,"Bloomin' Brands, Inc.  (BLMN)  (CIK 0001546417)",0001546417,10-K,2026-02-25,2025-12-28,"Tampa, FL",0001546417-26-000009
0001805833-26-000014:sst-20251231.htm,"System1, Inc.  (SST, SSTPW)  (CIK 0001805833)",0001805833,10-K,2026-03-11,2025-12-31,"Marina Del Rey, CA",0001805833-26-000014
0000746838-26-000006:uis-20251231.htm,UNISYS CORP  (UIS)  (CIK 0000746838),0000746838,10-K,2026-02-25,2025-12-31,"Blue Bell, PA",0000746838-26-000006
0001193125-26-126850:phun-20251231.htm,"Phunware, Inc.  (PHUN)  (CIK 0001665300)",0001665300,10-K,2026-03-27,2025-12-31,"Austin, TX",0001193125-26-126850
0001628280-26-012501:sei-20251231.htm,"Solaris Energy Infrastructure, Inc.  (SEI)  (CIK 0001697500)",0001697500,10-K,2026-02-27,2025-12-31,"Houston, TX",0001628280-26-012501
0001298675-26-000010:cube-20251231x10k.htm,"CubeSmart  (CUBE)  (CIK 0001298675), CubeSmart, L.P.  (CIK 0001300485)","0001298675, 0001300485",10-K,2026-02-27,2025-12-31,"Malvern, PA, Malvern, PA",0001298675-26-000010
0001474098-26-000015:peb-20251231.htm,"Pebblebrook Hotel Trust  (PEB, PEB-PE, PEB-PF, PEB-PG, PEB-PH)  (CIK 0001474098)",0001474098,10-K,2026-02-25,2025-12-31,"Bethesda, MD",0001474098-26-000015
0001846069-26-000023:kind-20251231.htm,"Nextdoor Holdings, Inc.  (NXDR)  (CIK 0001846069)",0001846069,10-K,2026-02-18,2025-12-31,"San Francisco, CA",0001846069-26-000023
0001628280-26-018794:brlt-20251231.htm,"Brilliant Earth Group, Inc.  (BRLT)  (CIK 0001866757)",0001866757,10-K,2026-03-17,2025-12-31,"San Francisco, CA",0001628280-26-018794
0001628280-26-012313:opy-20251231.htm,OPPENHEIMER HOLDINGS INC  (OPY)  (CIK 0000791963),0000791963,10-K,2026-02-26,2025-12-31,"New York, NY",0001628280-26-012313
0001628280-26-043187:aiot-20260331.htm,"Powerfleet, Inc.  (AIOT)  (CIK 0001774170)",0001774170,10-K,2026-06-15,2026-03-31,"Woodcliff Lake, NJ",0001628280-26-043187
0000926326-26-000006:omcl-20251231.htm,"OMNICELL, INC.  (OMCL)  (CIK 0000926326)",0000926326,10-K,2026-02-26,2025-12-31,"Fort Worth, TX",0000926326-26-000006
0000719220-26-000030:stba-20251231.htm,S&T BANCORP INC  (STBA)  (CIK 0000719220),0000719220,10-K,2026-02-27,2025-12-31,"Indiana, PA",0000719220-26-000030
0001493152-26-009872:form10-k.htm,"CareCloud, Inc.  (CCLD, CCLDO)  (CIK 0001582982)",0001582982,10-K,2026-03-12,2025-12-31,"Somerset, NJ",0001493152-26-009872
0001104659-26-015820:scia-20251231x10k.htm,"SCI Engineered Materials, Inc.  (SCIA)  (CIK 0000830616)",0000830616,10-K,2026-02-17,2025-12-31,"Columbus, OH",0001104659-26-015820
0001618755-26-000009:qsr-20251231.htm,Restaurant Brands International Limited Partnership  (RSTRF)  (CIK 0001618755),0001618755,10-K,2026-02-20,2025-12-31,"Toronto, A6",0001618755-26-000009
0001649739-26-000014:bafn-20251231.htm,BayFirst Financial Corp.  (BAFN)  (CIK 0001649739),0001649739,10-K,2026-03-27,2025-12-31,"St Petersburg, FL",0001649739-26-000014
0001708055-26-000012:rbbn-20251231x10k.htm,Ribbon Communications Inc.  (RBBN)  (CIK 0001708055),0001708055,10-K,2026-02-26,2025-12-31,"Plano, TX",0001708055-26-000012
0001801661-26-000020:sklz-20251231.htm,Skillz Inc.  (SKLZ)  (CIK 0001801661),0001801661,10-K,2026-03-31,2025-12-31,"Las Vegas, NV",0001801661-26-000020
0001628280-26-025214:veri-20251231.htm,"Veritone, Inc.  (VERI)  (CIK 0001615165)",0001615165,10-K,2026-04-15,2025-12-31,"Irvine, CA",0001628280-26-025214
0000067716-26-000014:mdu-20251231.htm,MDU RESOURCES GROUP INC  (MDU)  (CIK 0000067716),0000067716,10-K,2026-02-20,2025-12-31,"Bismarck, ND",0000067716-26-000014
0001517375-26-000015:spt-20251231.htm,"Sprout Social, Inc.  (SPT)  (CIK 0001517375)",0001517375,10-K,2026-02-27,2025-12-31,"Chicago, IL",0001517375-26-000015
0001193125-26-082487:gogo-20251231.htm,Gogo Inc.  (GOGO)  (CIK 0001537054),0001537054,10-K,2026-02-27,2025-12-31,"Broomfield, CO",0001193125-26-082487
0001169445-26-000006:tbrg-20251231.htm,"TruBridge, Inc.  (TBRG)  (CIK 0001169445)",0001169445,10-K,2026-03-31,2025-12-31,"Mobile, AL",0001169445-26-000006
0001618756-26-000017:qsr-20251231.htm,Restaurant Brands International Inc.  (QSR)  (CIK 0001618756),0001618756,10-K,2026-02-20,2025-12-31,"Miami, FL",0001618756-26-000017
0000030625-26-000003:fls-20251231.htm,FLOWSERVE CORP  (FLS)  (CIK 0000030625),0000030625,10-K,2026-02-17,2025-12-31,"Irving, TX",0000030625-26-000003
0001213900-26-034900:ea0277796-10k_cyngn.htm,Cyngn Inc.  (CYN)  (CIK 0001874097),0001874097,10-K,2026-03-27,2025-12-31,"Mountain View, CA",0001213900-26-034900
0000837010-26-000003:vriac-20251231.htm,VOYA RETIREMENT INSURANCE & ANNUITY Co  (CIK 0000837010),0000837010,10-K,2026-03-06,2025-12-31,"Windsor, CT",0000837010-26-000003
0001096906-26-000555:tpia-20251231_10k.htm,"AIBOTICS, INC.  (AIBT)  (CIK 0001763329)",0001763329,10-K,2026-04-15,2025-12-31,"Heyburn, ID",0001096906-26-000555
0001688568-26-000022:dxc-20260331.htm,DXC Technology Co  (DXC)  (CIK 0001688568),0001688568,10-K,2026-05-08,2026-03-31,"Ashburn, VA",0001688568-26-000022
0001628280-26-003942:meta-20251231.htm,"Meta Platforms, Inc.  (META)  (CIK 0001326801)",0001326801,10-K,2026-01-29,2025-12-31,"Menlo Park, CA",0001628280-26-003942
0000911177-26-000008:cwst-20251231.htm,CASELLA WASTE SYSTEMS INC  (CWST)  (CIK 0000911177),0000911177,10-K,2026-02-20,2025-12-31,"Rutland, VT",0000911177-26-000008
0001437749-26-008040:fnrn20251231_10k.htm,FIRST NORTHERN COMMUNITY BANCORP  (FNRN)  (CIK 0001114927),0001114927,10-K,2026-03-13,2025-12-31,"Dixon, CA",0001437749-26-008040
0001818331-26-000015:wgs-20251231.htm,"GeneDx Holdings Corp.  (WGS, WGSWW)  (CIK 0001818331)",0001818331,10-K,2026-02-23,2025-12-31,"Stamford, CT",0001818331-26-000015
0001193125-26-121933:bmtm-20251231.htm,"Bright Mountain Media, Inc.  (BMTM)  (CIK 0001568385)",0001568385,10-K,2026-03-24,2025-12-31,"Boca Raton, FL",0001193125-26-121933
0001628280-26-016910:kdk-20251231.htm,"Kodiak AI, Inc.  (KDK, KDKRW)  (CIK 0001853138)",0001853138,10-K,2026-03-11,2025-12-31,"Mountain View, CA",0001628280-26-016910
0001561032-26-000009:hct-20251231.htm,"National Healthcare Properties, Inc.  (HLTC, NHPAP, NHPBP)  (CIK 0001561032)",0001561032,10-K,2026-02-20,2025-12-31,"New York, NY",0001561032-26-000009
0001628280-26-013313:oust-20251231.htm,"Ouster, Inc.  (OUST, OUSTZ)  (CIK 0001816581)",0001816581,10-K,2026-03-02,2025-12-31,"San Francisco, CA",0001628280-26-013313
0001567094-26-000006:cnhi-20251231.htm,CNH Industrial N.V.  (CNH)  (CIK 0001567094),0001567094,10-K,2026-02-26,2025-12-31,"Basildon, Essex",0001567094-26-000006
0001819974-26-000009:skyt-20251228.htm,"SkyWater Technology, Inc  (SKYT)  (CIK 0001819974)",0001819974,10-K,2026-03-11,2025-12-28,"Bloomington, MN",0001819974-26-000009
0001690585-26-000006:dnth-20251231.htm,"Dianthus Therapeutics, Inc. /DE/  (DNTH)  (CIK 0001690585)",0001690585,10-K,2026-03-09,2025-12-31,"New York, NY",0001690585-26-000006
0001104659-26-054106:grdx-20251231x10k.htm,GridAI Technologies Corp.  (GRDX)  (CIK 0001604191),0001604191,10-K,2026-05-01,2025-12-31,"Boca Raton, FL",0001104659-26-054106
0001421461-26-000008:ipi-20251231.htm,"Intrepid Potash, Inc.  (IPI)  (CIK 0001421461)",0001421461,10-K,2026-03-05,2025-12-31,"Denver, CO",0001421461-26-000008
0001193125-26-126188:upb-20251231.htm,"Upstream Bio, Inc.  (UPB)  (CIK 0002022626)",0002022626,10-K,2026-03-26,2025-12-31,"Waltham, MA",0001193125-26-126188
0001477932-26-001635:cbdw_10k.htm,1606 CORP.  (CBDW)  (CIK 0001877461),0001877461,10-K,2026-03-27,2025-12-31,"Phoenix, AZ",0001477932-26-001635
0001104659-26-053052:tmb-20251231x10ka.htm,"GRID DYNAMICS HOLDINGS, INC.  (GDYN)  (CIK 0001743725)",0001743725,10-K/A,2026-04-30,2025-12-31,"San Ramon, CA",0001104659-26-053052
0001552033-26-000012:tru-20251231.htm,TransUnion  (TRU)  (CIK 0001552033),0001552033,10-K,2026-02-27,2025-12-31,"Chicago, IL",0001552033-26-000012
0001553350-26-000023:cdio_10k-123125.htm,"Cardio Diagnostics Holdings, Inc.  (CDIO, CDIOW)  (CIK 0001870144)",0001870144,10-K,2026-03-13,2025-12-31,"Chicago, IL",0001553350-26-000023
0001193125-26-134587:lnsr-20251231.htm,"LENSAR, Inc.  (LNSR)  (CIK 0001320350)",0001320350,10-K,2026-03-31,2025-12-31,"Orlando, FL",0001193125-26-134587
0001654954-26-002749:wyy_10k.htm,WIDEPOINT CORP  (WYY)  (CIK 0001034760),0001034760,10-K,2026-03-25,2025-12-31,"Fairfax, VA",0001654954-26-002749
0001493152-26-014179:form10-k.htm,"Iveda Solutions, Inc.  (IVDA, IVDAW)  (CIK 0001397183)",0001397183,10-K,2026-03-31,2025-12-31,"Mesa, AZ",0001493152-26-014179
0001193125-26-105114:forr-20251231.htm,"FORRESTER RESEARCH, INC.  (FORR)  (CIK 0001023313)",0001023313,10-K,2026-03-13,2025-12-31,"Cambridge, MA",0001193125-26-105114
0000723254-26-000028:ctas-20260531.htm,CINTAS CORP  (CTAS)  (CIK 0000723254),0000723254,10-K,2026-07-29,2026-05-31,"Cincinnati, OH",0000723254-26-000028
0001193125-26-077458:gsbd-20251231.htm,"Goldman Sachs BDC, Inc.  (GSBD)  (CIK 0001572694)",0001572694,10-K,2026-02-26,2025-12-31,"New York, NY",0001193125-26-077458
0001193125-26-104063:zumz-20260131.htm,Zumiez Inc  (ZUMZ)  (CIK 0001318008),0001318008,10-K,2026-03-12,2026-01-31,"Lynnwood, WA",0001193125-26-104063
0001104659-26-096346:avt-20260627x10k.htm,AVNET INC  (AVT)  (CIK 0000008858),0000008858,10-K,2026-08-14,2026-06-27,"Phoenix, AZ",0001104659-26-096346
0001477932-26-003805:onar_10k.htm,Onar Holding Corp  (ONAR)  (CIK 0001682265),0001682265,10-K,2026-06-11,2025-12-31,"Los Angeles, CA",0001477932-26-003805
0001652535-26-000012:ichr-20251226.htm,"ICHOR HOLDINGS, LTD.  (ICHR)  (CIK 0001652535)",0001652535,10-K,2026-02-20,2025-12-26,"Fremont, CA",0001652535-26-000012
0001493152-26-013434:form10-k.htm,"AIxCrypto Holdings, Inc.  (AIXC)  (CIK 0001460702)",0001460702,10-K,2026-03-30,2025-12-31,"California, CA",0001493152-26-013434
0001493152-26-014450:form10-k.htm,ASIAFIN HOLDINGS CORP.  (ASFH)  (CIK 0001828748),0001828748,10-K,2026-04-01,2025-12-31,"Kuala Lumpur, N8",0001493152-26-014450
0001213900-26-036426:ea0282128-10k_jasper.htm,"Jasper Therapeutics, Inc.  (JSPR, JSPRW)  (CIK 0001788028)",0001788028,10-K,2026-03-30,2025-12-31,"Redwood City, CA",0001213900-26-036426
0001193125-26-134566:jill-20260131.htm,"J.Jill, Inc.  (JILL)  (CIK 0001687932)",0001687932,10-K,2026-03-31,2026-01-31,"Quincy, MA",0001193125-26-134566
0000102729-26-000007:vmi-20251227x10k.htm,VALMONT INDUSTRIES INC  (VMI)  (CIK 0000102729),0000102729,10-K,2026-02-24,2025-12-27,"Omaha, NE",0000102729-26-000007
0001486957-26-000007:bwxt-20251231.htm,"BWX Technologies, Inc.  (BWXT)  (CIK 0001486957)",0001486957,10-K,2026-02-23,2025-12-31,"Lynchburg, VA",0001486957-26-000007
0001789940-26-000014:fwrg-20251228.htm,"First Watch Restaurant Group, Inc.  (FWRG)  (CIK 0001789940)",0001789940,10-K,2026-02-24,2025-12-28,"Bradenton, FL",0001789940-26-000014
0001955520-26-000003:knf-20251231.htm,Knife River Corp  (KNF)  (CIK 0001955520),0001955520,10-K,2026-02-20,2025-12-31,"Bismarck, ND",0001955520-26-000003
0001213900-26-005343:ea0272362-10k_richtech.htm,RICHTECH ROBOTICS INC.  (RR)  (CIK 0001963685),0001963685,10-K,2026-01-20,2025-09-30,"Las Vegas, NV",0001213900-26-005343
0001193125-26-104675:qrhc-20251231.htm,Quest Resource Holding Corp  (QRHC)  (CIK 0001442236),0001442236,10-K,2026-03-13,2025-12-31,"The Colony, TX",0001193125-26-104675
0001731122-26-000564:e7502_10k.htm,"Data Storage Corp  (DTST, DTSTW)  (CIK 0001419951)",0001419951,10-K,2026-04-14,2025-12-31,"New York, NY",0001731122-26-000564
0001213900-26-037410:ea0283788-10k_fifthera1.htm,"Fifth Era Acquisition Corp I  (FERA, FERAR, FERAU)  (CIK 0002025401)",0002025401,10-K,2026-03-31,2025-12-31,"Tiburon, CA",0001213900-26-037410
0001213900-26-086751:ea0298288-10ka1_richtech.htm,RICHTECH ROBOTICS INC.  (RR)  (CIK 0001963685),0001963685,10-K/A,2026-08-07,2025-09-30,"Las Vegas, NV",0001213900-26-086751
0000874766-26-000012:hig-20251231.htm,"HARTFORD INSURANCE GROUP, INC.  (HIG, HIG-PG)  (CIK 0000874766)",0000874766,10-K,2026-02-20,2025-12-31,"Hartford, CT",0000874766-26-000012
0001193125-26-068598:zeta-20251231.htm,Zeta Global Holdings Corp.  (ZETA)  (CIK 0001851003),0001851003,10-K,2026-02-25,2025-12-31,"New York, NY",0001193125-26-068598
0000035527-26-000124:a2025annualreport.pdf,"FIFTH THIRD BANCORP  (FITB, FITBI, FITBM, FITBO, FITBP)  (CIK 0000035527)",0000035527,10-K,2026-02-24,2025-12-31,"Cincinnati, OH",0000035527-26-000124
0001373715-26-000007:now-20251231.htm,"ServiceNow, Inc.  (NOW)  (CIK 0001373715)",0001373715,10-K,2026-01-29,2025-12-31,"Santa Clara, CA",0001373715-26-000007
0001193125-26-085687:bigc-20251231.htm,"Commerce.com, Inc.  (CMRC)  (CIK 0001626450)",0001626450,10-K,2026-03-02,2025-12-31,"Austin, TX",0001193125-26-085687
0001600033-26-000020:elf-20260331.htm,"e.l.f. Beauty, Inc.  (ELF)  (CIK 0001600033)",0001600033,10-K,2026-05-21,2026-03-31,"Oakland, CA",0001600033-26-000020
0001104659-26-027159:aeye-20251231x10k.htm,AUDIOEYE INC  (AEYE)  (CIK 0001362190),0001362190,10-K,2026-03-12,2025-12-31,"Tucson, AZ",0001104659-26-027159
0001829126-26-004105:fieeinc_10ka.htm,"FiEE, Inc.  (FIEE)  (CIK 0001467761)",0001467761,10-K/A,2026-04-29,2025-12-31,Osaka,0001829126-26-004105
0001193125-26-057047:pcar-20251231.htm,PACCAR FINANCIAL CORP  (CIK 0000731288),0000731288,10-K,2026-02-18,2025-12-31,"Bellevue, WA",0001193125-26-057047
0001601830-26-000039:rxrx-20251231.htm,"RECURSION PHARMACEUTICALS, INC.  (RXRX)  (CIK 0001601830)",0001601830,10-K,2026-02-25,2025-12-31,"Salt Lake City, UT",0001601830-26-000039
0002064124-26-000009:figr-20251231.htm,"Figure Technology Solutions, Inc.  (FGRS, FIGR)  (CIK 0002064124)",0002064124,10-K,2026-03-16,2025-12-31,"Reno, NV",0002064124-26-000009
0001493152-26-013999:form10-k.htm,Bubblr Inc.  (BBLR)  (CIK 0001873722),0001873722,10-K,2026-03-31,2025-12-31,"Sheridan, WY",0001493152-26-013999
0001493152-26-016891:form10-k.htm,OMNIQ Corp.  (OMQS)  (CIK 0000278165),0000278165,10-K,2026-04-15,2025-12-31,"Murray, UT",0001493152-26-016891
0000055529-26-000020:kequ-20260430.htm,KEWAUNEE SCIENTIFIC CORP /DE/  (KEQU)  (CIK 0000055529),0000055529,10-K,2026-06-26,2026-04-30,"Statesville, NC",0000055529-26-000020
0001628280-26-038446:step-20260331.htm,StepStone Group Inc.  (STEP)  (CIK 0001796022),0001796022,10-K,2026-05-27,2026-03-31,"New York, NY",0001628280-26-038446
0001288469-26-000011:mxl-20251231.htm,"MAXLINEAR, INC  (MXL)  (CIK 0001288469)",0001288469,10-K,2026-01-29,2025-12-31,"Carlsbad, CA",0001288469-26-000011
0001628280-26-018814:cls-20251231.htm,"Crestline Lending Solutions, LLC  (CIK 0002035713)",0002035713,10-K,2026-03-17,2025-12-31,"Fort Worth, TX",0001628280-26-018814
0001193125-26-110808:fld-20251231.htm,"Fold Holdings, Inc.  (FLD, FLDDW)  (CIK 0001889123)",0001889123,10-K,2026-03-17,2025-12-31,"Philadelphia, PA",0001193125-26-110808
0001493152-26-016953:form10-k.htm,SEATech Ventures Corp.  (SEAV)  (CIK 0001763660),0001763660,10-K,2026-04-16,2025-12-31,"Bangsar South, Kuala Lumpur, N8",0001493152-26-016953
0000080661-26-000086:pgr-20251231exhibit99.htm,PROGRESSIVE CORP/OH/  (PGR)  (CIK 0000080661),0000080661,10-K,2026-03-02,2025-12-31,"Mayfield Village, OH",0000080661-26-000086
0001104659-26-033232:tmb-20251231x10k.htm,"PROCACCIANTI HOTEL REIT, INC.  (PRXA, PRXK)  (CIK 0001692345)",0001692345,10-K,2026-03-23,2025-12-31,"Cranston, RI",0001104659-26-033232
0001404912-26-000007:kkr-20251231.htm,"KKR & Co. Inc.  (KKR, KKRS, KKRT, KKR-PD)  (CIK 0001404912)",0001404912,10-K,2026-02-27,2025-12-31,"New York, NY",0001404912-26-000007
0001364954-26-000021:chgg-20251231.htm,"CHEGG, INC  (CHGG)  (CIK 0001364954)",0001364954,10-K,2026-03-09,2025-12-31,"San Francisco, CA",0001364954-26-000021
0001676238-26-000013:brze-20260131.htm,"Braze, Inc.  (BRZE)  (CIK 0001676238)",0001676238,10-K,2026-03-25,2026-01-31,"New York, NY",0001676238-26-000013
0001104659-26-022961:bgs-20260103x10k.htm,"B&G Foods, Inc.  (BGS)  (CIK 0001278027)",0001278027,10-K,2026-03-03,2026-01-03,"Parsippany, NJ",0001104659-26-022961
0002058873-26-000010:q-20251231.htm,"Qnity Electronics, Inc.  (Q)  (CIK 0002058873)",0002058873,10-K,2026-02-26,2025-12-31,"Wilmington, DE",0002058873-26-000010
0000937556-26-000017:masi-20260103.htm,MASIMO CORP  (MASI)  (CIK 0000937556),0000937556,10-K,2026-02-27,2026-01-03,"Irvine, CA",0000937556-26-000017
0001193125-26-117694:d107030d10k.htm,"Armada Acquisition Corp. III  (AACI, AACIU)  (CIK 0002092897)",0002092897,10-K,2026-03-20,2025-12-31,Carmana Bay,0001193125-26-117694
0001672688-26-000068:absi-20251231.htm,Absci Corp  (ABSI)  (CIK 0001672688),0001672688,10-K,2026-03-24,2025-12-31,"Vancouver, WA",0001672688-26-000068
0001628280-26-008322:iqv-20251231.htm,IQVIA HOLDINGS INC.  (IQV)  (CIK 0001478242),0001478242,10-K,2026-02-17,2025-12-31,"Durham, NC",0001628280-26-008322
0001172052-26-000005:saft-20251231x10k.htm,SAFETY INSURANCE GROUP INC  (SAFT)  (CIK 0001172052),0001172052,10-K,2026-02-27,2025-12-31,"Boston, MA",0001172052-26-000005
0001753539-26-000032:bksy-20251231.htm,"BlackSky Technology Inc.  (BKSY, BKSY-WT)  (CIK 0001753539)",0001753539,10-K,2026-03-17,2025-12-31,"Herndon, VA",0001753539-26-000032
0001517413-26-000053:fsly-20251231.htm,"Fastly, Inc.  (FSLY)  (CIK 0001517413)",0001517413,10-K,2026-02-25,2025-12-31,"San Francisco, CA",0001517413-26-000053
0001213900-26-026247:ea0280037-10k_cidhold.htm,"CID Holdco, Inc.  (DAIC, DAICW)  (CIK 0002033770)",0002033770,10-K,2026-03-11,2025-12-31,"Bethesda, MD",0001213900-26-026247
0001819989-26-000009:cifr-20251231.htm,Cipher Digital Inc.  (CIFR)  (CIK 0001819989),0001819989,10-K,2026-02-24,2025-12-31,"New York, NY",0001819989-26-000009
0001193125-26-323660:msft-20260630.htm,MICROSOFT CORP  (MSFT)  (CIK 0000789019),0000789019,10-K,2026-07-29,2026-06-30,"Redmond, WA",0001193125-26-323660
0001649739-26-000049:bafn-20251231.htm,BayFirst Financial Corp.  (BAFN)  (CIK 0001649739),0001649739,10-K/A,2026-08-12,2025-12-31,"St Petersburg, FL",0001649739-26-000049
0000708781-26-000010:cass-20251231.htm,CASS INFORMATION SYSTEMS INC  (CASS)  (CIK 0000708781),0000708781,10-K,2026-03-06,2025-12-31,"St. Louis, MO",0000708781-26-000010
0001516513-26-000025:docs-20260331.htm,"Doximity, Inc.  (DOCS)  (CIK 0001516513)",0001516513,10-K,2026-05-19,2026-03-31,"San Francisco, CA",0001516513-26-000025
0001628280-26-012248:nsa-20251231.htm,"National Storage Affiliates Trust  (NSA, NSA-PA, NSA-PB)  (CIK 0001618563)",0001618563,10-K,2026-02-26,2025-12-31,"Greenwood Village, CO",0001628280-26-012248
0001992243-26-000007:t1-20251231.htm,"T1 Energy Inc.  (TE, TE-WT)  (CIK 0001992243)",0001992243,10-K,2026-03-31,2025-12-31,"Austin, TX",0001992243-26-000007
0000029905-26-000009:dov-20251231.htm,DOVER Corp  (DOV)  (CIK 0000029905),0000029905,10-K,2026-02-13,2025-12-31,"Downers Grove, IL",0000029905-26-000009
0001193125-26-067147:opad-20251231.htm,"Offerpad Solutions Inc.  (OPAD, OPADW)  (CIK 0001825024)",0001825024,10-K,2026-02-24,2025-12-31,"Tempe, AZ",0001193125-26-067147
0001193125-26-276653:poww-20260331.htm,"Outdoor Holding Co  (POWW, POWWP)  (CIK 0001015383)",0001015383,10-K,2026-06-22,2026-03-31,"Atlanta, GA",0001193125-26-276653
0001850938-26-000002:wti-20251231.htm,"WTI Fund X, Inc.  (CIK 0001850938)",0001850938,10-K,2026-03-13,2025-12-31,"Portola Valley, CA",0001850938-26-000002
0001846253-26-000009:ck0001846253-20251231.htm,"OmniAb, Inc.  (OABI, OABIW)  (CIK 0001846253)",0001846253,10-K,2026-03-04,2025-12-31,"Emeryville, CA",0001846253-26-000009
0000093751-26-000124:stt-20251231.htm,"STATE STREET CORP  (STT, STT-PG)  (CIK 0000093751)",0000093751,10-K,2026-02-19,2025-12-31,"Boston, MA",0000093751-26-000124
0001583708-26-000020:s-20260131.htm,"SentinelOne, Inc.  (S)  (CIK 0001583708)",0001583708,10-K,2026-03-19,2026-01-31,"Mountain View, CA",0001583708-26-000020
0002071778-26-000010:frmi-20251231.htm,Fermi Inc.  (FRMI)  (CIK 0002071778),0002071778,10-K,2026-03-30,2025-12-31,"Amarillo, TX",0002071778-26-000010
0001104659-26-043822:tmb-20251231x10k.htm,"Petros Pharmaceuticals, Inc.  (PTPI)  (CIK 0001815903)",0001815903,10-K,2026-04-15,2025-12-31,"New York, NY",0001104659-26-043822
0001193125-26-121825:bmea-20251231.htm,"Biomea Fusion, Inc.  (BMEA)  (CIK 0001840439)",0001840439,10-K,2026-03-24,2025-12-31,"San Carlos, CA",0001193125-26-121825
0001628280-26-045111:jwa-20260430.htm,"JOHN WILEY & SONS, INC.  (WLY, WLYB)  (CIK 0000107140)",0000107140,10-K,2026-06-24,2026-04-30,"Hoboken, NJ",0001628280-26-045111
0001628280-26-010744:uctt-20251226.htm,"Ultra Clean Holdings, Inc.  (UCTT)  (CIK 0001275014)",0001275014,10-K,2026-02-23,2025-12-26,"Hayward, CA",0001628280-26-010744
0001193125-26-059002:ter-20251231.htm,"TERADYNE, INC  (TER)  (CIK 0000097210)",0000097210,10-K,2026-02-19,2025-12-31,"North Reading, MA",0001193125-26-059002
0001352010-26-000015:epam-20251231.htm,"EPAM Systems, Inc.  (EPAM)  (CIK 0001352010)",0001352010,10-K,2026-02-26,2025-12-31,"Newtown, PA",0001352010-26-000015
0001193125-26-134720:tcrt-20251231.htm,"Alaunos Therapeutics, Inc.  (TCRT)  (CIK 0001107421)",0001107421,10-K,2026-03-31,2025-12-31,"Fort Lauderdale, FL",0001193125-26-134720
0000822818-26-000009:clh-20251231.htm,CLEAN HARBORS INC  (CLH)  (CIK 0000822818),0000822818,10-K,2026-02-18,2025-12-31,"Norwell, MA",0000822818-26-000009
0001823529-26-000060:act-20251231.htm,"Enact Holdings, Inc.  (ACT)  (CIK 0001823529)",0001823529,10-K,2026-02-27,2025-12-31,"Raleigh, NC",0001823529-26-000060
0001493152-26-012801:form10-k.htm,Celcuity Inc.  (CELC)  (CIK 0001603454),0001603454,10-K,2026-03-26,2025-12-31,"Minneapolis, MN",0001493152-26-012801
0001628280-26-019861:rcat-20251231.htm,"Red Cat Holdings, Inc.  (RCAT)  (CIK 0000748268)",0000748268,10-K,2026-03-19,2025-12-31,"South Salt Lake, UT",0001628280-26-019861
0001628280-26-016162:twfg-20251231.htm,"TWFG, Inc.  (TWFG)  (CIK 0002007596)",0002007596,10-K,2026-03-10,2025-12-31,"The Woodlands, TX",0001628280-26-016162
0001289945-26-000010:spok-20251231.htm,"Spok Holdings, Inc  (SPOK)  (CIK 0001289945)",0001289945,10-K,2026-02-26,2025-12-31,"Plano, TX",0001289945-26-000010
0001805526-26-000006:dfdv-20251231.htm,"DeFi Development Corp.  (DFDV, DFDVW, DFUKF)  (CIK 0001805526)",0001805526,10-K,2026-03-30,2025-12-31,"Boca Raton, FL",0001805526-26-000006
0001683168-26-002977:mosaic_i10k-123125.htm,Mosaic ImmunoEngineering Inc.  (CPMV)  (CIK 0000836564),0000836564,10-K,2026-04-15,2025-12-31,"Huntington Beach, CA",0001683168-26-002977
0001193125-26-119321:amba-20260131.htm,AMBARELLA INC  (AMBA)  (CIK 0001280263),0001280263,10-K,2026-03-23,2026-01-31,"Santa Clara, CA",0001193125-26-119321
0001437749-26-004376:irt20251231_10k.htm,"INDEPENDENCE REALTY TRUST, INC.  (IRT)  (CIK 0001466085)",0001466085,10-K,2026-02-17,2025-12-31,"Philadelphia, PA",0001437749-26-004376
0001681459-26-000010:fti-20251231.htm,TechnipFMC plc  (FTI)  (CIK 0001681459),0001681459,10-K,2026-02-19,2025-12-31,"Newcastle Upon Tyne, X0",0001681459-26-000010
0001275158-26-000021:ndls-20251230.htm,NOODLES & Co  (NDLS)  (CIK 0001275158),0001275158,10-K,2026-03-26,2025-12-30,"Broomfield, CO",0001275158-26-000021
0001559720-26-000004:abnb-20251231.htm,"Airbnb, Inc.  (ABNB)  (CIK 0001559720)",0001559720,10-K,2026-02-12,2025-12-31,"San Francisco, CA",0001559720-26-000004
0001437749-26-009882:sypr20251231_10k.htm,SYPRIS SOLUTIONS INC  (SYPR)  (CIK 0000864240),0000864240,10-K,2026-03-26,2025-12-31,"Louisville, KY",0001437749-26-009882
0001628280-26-021747:ontf-20251231.htm,ON24 INC.  (ONTF)  (CIK 0001110611),0001110611,10-K/A,2026-03-27,2025-12-31,"San Francisco, CA",0001628280-26-021747
0000042888-26-000081:ggg-20251226.htm,GRACO INC  (GGG)  (CIK 0000042888),0000042888,10-K,2026-02-17,2025-12-26,"Minneapolis, MN",0000042888-26-000081
0001193125-26-082863:hckt-20251226.htm,"HACKETT GROUP, INC.  (HCKT)  (CIK 0001057379)",0001057379,10-K,2026-02-27,2025-12-26,"Miami, FL",0001193125-26-082863
0001193125-26-082531:d48618d10k.htm,Blackstone Inc.  (BX)  (CIK 0001393818),0001393818,10-K,2026-02-27,2025-12-31,"New York, NY",0001193125-26-082531
0001104659-26-019145:expi-20251231xex10d14.htm,"eXp World Holdings, Inc.  (EXPI)  (CIK 0001495932)",0001495932,10-K,2026-02-24,2025-12-31,"Bellingham, WA",0001104659-26-019145
0001493152-26-013568:form10-k.htm,"INTELLINETICS, INC.  (INLX)  (CIK 0001081745)",0001081745,10-K,2026-03-30,2025-12-31,"Columbus, OH",0001493152-26-013568
0001193125-26-115982:kss-20260131.htm,KOHLS Corp  (KSS)  (CIK 0000885639),0000885639,10-K,2026-03-19,2026-01-31,"Menomonee Falls, WI",0001193125-26-115982
0001193125-26-079299:tcpc-20251231.htm,BlackRock TCP Capital Corp.  (TCPC)  (CIK 0001370755),0001370755,10-K,2026-02-27,2025-12-31,"Santa Monica, CA",0001193125-26-079299
0001331875-26-000026:fnf-20251231.htm,"Fidelity National Financial, Inc.  (FNF)  (CIK 0001331875)",0001331875,10-K,2026-02-26,2025-12-31,"Jacksonville, FL",0001331875-26-000026
0001493152-26-012672:form10-k.htm,DYADIC INTERNATIONAL INC  (DYAI)  (CIK 0001213809),0001213809,10-K,2026-03-25,2025-12-31,"Jupiter, FL",0001493152-26-012672
0001295947-26-000016:exhibit23-assetpurchaseagr.htm,Prestige Consumer Healthcare Inc.  (PBH)  (CIK 0001295947),0001295947,10-K,2026-05-14,2026-03-31,"Tarrytown, NY",0001295947-26-000016
0001037868-26-000016:ame-20251231.htm,AMETEK INC/  (AME)  (CIK 0001037868),0001037868,10-K,2026-02-17,2025-12-31,"Berwyn, PA",0001037868-26-000016
0001517022-26-000020:akba-20251231.htm,"Akebia Therapeutics, Inc.  (AKBA)  (CIK 0001517022)",0001517022,10-K,2026-02-26,2025-12-31,"Cambridge, MA",0001517022-26-000020
0001193125-26-051305:aap-20260103.htm,ADVANCE AUTO PARTS INC  (AAP)  (CIK 0001158449),0001158449,10-K,2026-02-13,2026-01-03,"Raleigh, NC",0001193125-26-051305
0000832988-26-000055:fy26q410kexhibit191.htm,SIGNET JEWELERS LTD  (SIG)  (CIK 0000832988),0000832988,10-K,2026-03-19,2026-01-31,"Hamilton, D0",0000832988-26-000055
0001655210-26-000022:bynd-20251231.htm,"BEYOND MEAT, INC.  (BYND)  (CIK 0001655210)",0001655210,10-K,2026-04-09,2025-12-31,"El Segundo, CA",0001655210-26-000022
0000790051-26-000012:csl-20251231.htm,CARLISLE COMPANIES INC  (CSL)  (CIK 0000790051),0000790051,10-K,2026-02-13,2025-12-31,"Scottsdale, AZ",0000790051-26-000012
0000017313-26-000035:cswc-20260331.htm,CAPITAL SOUTHWEST CORP  (CSWC)  (CIK 0000017313),0000017313,10-K,2026-05-19,2026-03-31,"Dallas, TX",0000017313-26-000035
0001477932-26-000435:skky_10k.htm,"Skkynet Cloud Systems, Inc.  (SKKY)  (CIK 0001546853)",0001546853,10-K,2026-01-27,2025-10-31,"Mississauga, A6",0001477932-26-000435
0000929008-26-000008:wcc-20251231.htm,WESCO INTERNATIONAL INC  (WCC)  (CIK 0000929008),0000929008,10-K,2026-02-13,2025-12-31,"Pittsburgh, PA",0000929008-26-000008
0001500435-26-000006:gpro-20251231.htm,"GoPro, Inc.  (GPRO)  (CIK 0001500435)",0001500435,10-K,2026-03-12,2025-12-31,"San Mateo, CA",0001500435-26-000006
0001193125-26-067540:flyw-20251231.htm,Flywire Corp  (FLYW)  (CIK 0001580560),0001580560,10-K,2026-02-24,2025-12-31,"Boston, MA",0001193125-26-067540
0001213900-26-024099:ea0277968-10k_rumble.htm,"Rumble Inc.  (RUM, RUMBW)  (CIK 0001830081)",0001830081,10-K,2026-03-05,2025-12-31,"New York, NY",0001213900-26-024099
0002027033-26-000003:eptv-20251231.htm,Eagle Point Trinity Senior Secured Lending Co  (CIK 0002027033),0002027033,10-K,2026-03-31,2025-12-31,"Greenwich, CT",0002027033-26-000003
0001193125-26-064510:pay-20251231.htm,"Paymentus Holdings, Inc.  (PAY)  (CIK 0001841156)",0001841156,10-K,2026-02-24,2025-12-31,"Charlotte, NC",0001193125-26-064510
0001193125-26-105798:ck0000815917-20251231.htm,JONES FINANCIAL COMPANIES LLLP  (CIK 0000815917),0000815917,10-K,2026-03-13,2025-12-31,"Des Peres, MO",0001193125-26-105798
0001213900-26-024280:ea0276931_10k.htm,"Oxford Square Capital Corp.  (OXSQ, OXSQG, OXSQH)  (CIK 0001259429)",0001259429,10-K,2026-03-06,2025-12-31,"Greenwich, CT",0001213900-26-024280
0001013934-26-000006:stra-20251231.htm,"Strategic Education, Inc.  (STRA)  (CIK 0001013934)",0001013934,10-K,2026-02-27,2025-12-31,"Herndon, VA",0001013934-26-000006
0001193125-26-051382:frog-20251231.htm,JFrog Ltd  (FROG)  (CIK 0001800667),0001800667,10-K,2026-02-13,2025-12-31,"Sunnyvale, CA",0001193125-26-051382
0001108524-26-000060:crm-20260131.htm,"Salesforce, Inc.  (CRM)  (CIK 0001108524)",0001108524,10-K,2026-03-02,2026-01-31,"San Francisco, CA",0001108524-26-000060
0001654954-26-004184:daio_10ka.htm,DATA I/O CORP  (DAIO)  (CIK 0000351998),0000351998,10-K/A,2026-04-30,2025-12-31,"Redmond, WA",0001654954-26-004184
0001567925-26-000008:cik0001567925-20251231.htm,"Sila Realty Trust, Inc.  (SILA)  (CIK 0001567925)",0001567925,10-K,2026-02-25,2025-12-31,"Tampa, FL",0001567925-26-000008
0001677703-26-000024:cndt-20251231.htm,CONDUENT Inc  (CNDT)  (CIK 0001677703),0001677703,10-K,2026-02-19,2025-12-31,"Florham Park, NJ",0001677703-26-000024
0001309108-26-000010:wex-20251231.htm,WEX Inc.  (WEX)  (CIK 0001309108),0001309108,10-K,2026-02-13,2025-12-31,"Portland, ME",0001309108-26-000010
0001665918-26-000008:usfd-20251227.htm,US Foods Holding Corp.  (USFD)  (CIK 0001665918),0001665918,10-K,2026-02-12,2025-12-27,"Rosemont, IL",0001665918-26-000008
0001393883-26-000041:dhx-20251231.htm,"DHI GROUP, INC.  (DHX)  (CIK 0001393883)",0001393883,10-K,2026-02-12,2025-12-31,"Centennial, CO",0001393883-26-000041
0001501585-26-000006:hii-20251231.htm,"HUNTINGTON INGALLS INDUSTRIES, INC.  (HII)  (CIK 0001501585)",0001501585,10-K,2026-02-05,2025-12-31,"Newport News, VA",0001501585-26-000006
0001213900-26-037677:ea0283764-10k_digipower.htm,Digi Power X Inc.  (DGXX)  (CIK 0001854368),0001854368,10-K,2026-03-31,2025-12-31,"Toronto, A6",0001213900-26-037677
0001703057-26-000012:abcl-20251231.htm,AbCellera Biologics Inc.  (ABCL)  (CIK 0001703057),0001703057,10-K,2026-02-24,2025-12-31,"Vancouver, A1",0001703057-26-000012
0001628280-26-007460:vnda-20251231.htm,Vanda Pharmaceuticals Inc.  (VNDA)  (CIK 0001347178),0001347178,10-K,2026-02-12,2025-12-31,"Washington, DC",0001628280-26-007460
0001628280-26-017378:svco-20251231.htm,"Silvaco Group, Inc.  (SVCO)  (CIK 0001943289)",0001943289,10-K,2026-03-12,2025-12-31,"Santa Clara, CA",0001628280-26-017378
0001104659-26-021651:cbu-20251231x10k.htm,"COMMUNITY FINANCIAL SYSTEM, INC.  (CBU)  (CIK 0000723188)",0000723188,10-K,2026-02-27,2025-12-31,"Syracuse, NY",0001104659-26-021651
0001493152-26-014547:form10-k.htm,Sidus Space Inc.  (SIDU)  (CIK 0001879726),0001879726,10-K,2026-04-01,2025-12-31,"Cape Canaveral, FL",0001493152-26-014547
0001628280-26-018264:mvst-20251231.htm,"Microvast Holdings, Inc.  (MVST, MVSTW)  (CIK 0001760689)",0001760689,10-K,2026-03-16,2025-12-31,"Stafford, TX",0001628280-26-018264
0000857855-26-000008:ucbi-20251231.htm,UNITED COMMUNITY BANKS INC  (UCB)  (CIK 0000857855),0000857855,10-K,2026-02-17,2025-12-31,"Greenville, SC",0000857855-26-000008
0001412408-26-000079:phr-20260131.htm,"Phreesia, Inc.  (PHR)  (CIK 0001412408)",0001412408,10-K,2026-03-31,2026-01-31,"Wilmington, DE",0001412408-26-000079
0001287750-26-000006:arcc-20251231.htm,ARES CAPITAL CORP  (ARCC)  (CIK 0001287750),0001287750,10-K,2026-02-04,2025-12-31,"New York, NY",0001287750-26-000006
0000014930-26-000027:bcorp-20251231.htm,"BRUNSWICK CORP  (BC, BC-PC)  (CIK 0000014930)",0000014930,10-K,2026-02-13,2025-12-31,"Mettawa, IL",0000014930-26-000027
0001499275-26-000004:groo_10k.htm,"GROOVY COMPANY, INC.  (CIK 0001499275)",0001499275,10-K,2026-03-17,2025-12-31,"Fairfield, NJ",0001499275-26-000004
0001437749-26-012501:bbw20251218c_10k.htm,BUILD-A-BEAR WORKSHOP INC  (BBW)  (CIK 0001113809),0001113809,10-K,2026-04-16,2026-01-31,"St Louis, MO",0001437749-26-012501
0001737924-26-000014:ncdlc-20251231.htm,Nuveen Churchill Direct Lending Corp.  (NCDL)  (CIK 0001737924),0001737924,10-K,2026-02-26,2025-12-31,"New York, NY",0001737924-26-000014
0001193125-26-044769:hca-20251231.htm,"HCA Healthcare, Inc.  (HCA)  (CIK 0000860730)",0000860730,10-K,2026-02-10,2025-12-31,"Nashville, TN",0001193125-26-044769
0001403528-26-000006:oak-20251231.htm,"Brookfield Oaktree Holdings, LLC  (OAK-PA, OAK-PB)  (CIK 0001403528)",0001403528,10-K,2026-03-24,2025-12-31,"Los Angeles, CA",0001403528-26-000006
0001628280-26-017343:soar-20251231.htm,"Volato Group, Inc.  (SOAR, SOARW)  (CIK 0001853070)",0001853070,10-K,2026-03-12,2025-12-31,"Chamblee, GA",0001628280-26-017343
0001193125-26-088668:ck0001920145-20251231.htm,Goldman Sachs Private Credit Corp.  (CIK 0001920145),0001920145,10-K,2026-03-03,2025-12-31,"New York, NY",0001193125-26-088668
0001193125-26-110107:ck0000885568-20251231.htm,OLD DOMINION ELECTRIC COOPERATIVE  (CIK 0000885568),0000885568,10-K,2026-03-17,2025-12-31,"Glen Allen, VA",0001193125-26-110107
0001874178-26-000008:rivn-20251231.htm,"Rivian Automotive, Inc. / DE  (RIVN)  (CIK 0001874178)",0001874178,10-K,2026-02-12,2025-12-31,"Irvine, CA",0001874178-26-000008
0000920522-26-000003:ess-20251231.htm,"ESSEX PROPERTY TRUST, INC.  (ESS)  (CIK 0000920522), ESSEX PORTFOLIO LP  (CIK 0001053059)","0000920522, 0001053059",10-K,2026-02-20,2025-12-31,"San Mateo, CA, San Mateo, CA",0000920522-26-000003
0001193125-26-082523:brkr-20251231.htm,"BRUKER CORP  (BRKR, BRKRP)  (CIK 0001109354)",0001109354,10-K,2026-02-27,2025-12-31,"Billerica, MA",0001193125-26-082523
0001628280-26-005939:pm-20251231.htm,Philip Morris International Inc.  (PM)  (CIK 0001413329),0001413329,10-K,2026-02-06,2025-12-31,"Stamford, CT",0001628280-26-005939
0001035267-26-000010:isrg-20251231.htm,INTUITIVE SURGICAL INC  (ISRG)  (CIK 0001035267),0001035267,10-K,2026-02-03,2025-12-31,"Sunnyvale, CA",0001035267-26-000010
0001193125-26-076752:airg-20251231.htm,AIRGAIN INC  (AIRG)  (CIK 0001272842),0001272842,10-K,2026-02-26,2025-12-31,"San Diego, CA",0001193125-26-076752
0001193125-26-067872:ava-20251231.htm,AVISTA CORP  (AVA)  (CIK 0000104918),0000104918,10-K,2026-02-25,2025-12-31,"Spokane, WA",0001193125-26-067872
0001193125-26-074833:pool-20251231.htm,POOL CORP  (POOL)  (CIK 0000945841),0000945841,10-K,2026-02-26,2025-12-31,"Covington, LA",0001193125-26-074833
0001140361-26-005130:ef20060638_10k.htm,"NU SKIN ENTERPRISES, INC.  (NUS)  (CIK 0001021561)",0001021561,10-K,2026-02-13,2025-12-31,"Provo, UT",0001140361-26-005130
0001683168-26-002865:edgemode_i10k-123125.htm,"Edgemode, Inc.  (EDGM)  (CIK 0001652958)",0001652958,10-K,2026-04-13,2025-12-31,"Ft. Lauderdale, FL",0001683168-26-002865
0001628280-26-007695:sci-20251231.htm,SERVICE CORP INTERNATIONAL  (SCI)  (CIK 0000089089),0000089089,10-K,2026-02-12,2025-12-31,"Houston, TX",0001628280-26-007695
0001477333-26-000026:cloud-20251231.htm,"Cloudflare, Inc.  (NET)  (CIK 0001477333)",0001477333,10-K/A,2026-04-29,2025-12-31,"San Francisco, CA",0001477333-26-000026
0001654954-26-001674:pbsv_10ka.htm,"Pharma-Bio Serv, Inc.  (PBSV)  (CIK 0001304161)",0001304161,10-K/A,2026-02-27,2025-10-31,"Dorado, PR",0001654954-26-001674
0000109198-26-000008:tjx-20260131.htm,TJX COMPANIES INC /DE/  (TJX)  (CIK 0000109198),0000109198,10-K,2026-03-31,2026-01-31,"Framingham, MA",0000109198-26-000008
0001193125-26-115837:gttj-20251231.htm,"GTJ REIT, INC.  (CIK 0001368757)",0001368757,10-K,2026-03-19,2025-12-31,"Garden City, NY",0001193125-26-115837
0001437749-26-008858:lidr20251231_10k.htm,"AEye, Inc.  (LIDR, LIDRW)  (CIK 0001818644)",0001818644,10-K,2026-03-18,2025-12-31,"Pleasanton, CA",0001437749-26-008858
0001793229-26-000017:ctev-20251231.htm,Claritev Corp  (CTEV)  (CIK 0001793229),0001793229,10-K,2026-02-26,2025-12-31,"Mclean, VA",0001793229-26-000017
0000005272-26-000023:aig-20251231.htm,"AMERICAN INTERNATIONAL GROUP, INC.  (AIG)  (CIK 0000005272)",0000005272,10-K,2026-02-12,2025-12-31,"New York, NY",0000005272-26-000023
0000310764-26-000010:syk-20251231.htm,STRYKER CORP  (SYK)  (CIK 0000310764),0000310764,10-K,2026-02-11,2025-12-31,"Portage, MI",0000310764-26-000010
0000009326-26-000007:bcpc-20251231.htm,BALCHEM CORP  (BCPC)  (CIK 0000009326),0000009326,10-K,2026-02-20,2025-12-31,"Montvale, NJ",0000009326-26-000007
0000813672-26-000016:cdns-20251231.htm,CADENCE DESIGN SYSTEMS INC  (CDNS)  (CIK 0000813672),0000813672,10-K,2026-02-19,2025-12-31,"San Jose, CA",0000813672-26-000016
0001476840-26-000009:exfy-20251231.htm,"Expensify, Inc.  (EXFY)  (CIK 0001476840)",0001476840,10-K,2026-02-26,2025-12-31,"San Francisco, CA",0001476840-26-000009
0001628280-26-012237:indv-20251231.htm,"Indivior Pharmaceuticals, Inc.  (INDV)  (CIK 0001625297)",0001625297,10-K,2026-02-26,2025-12-31,"North Chesterfield, VA",0001628280-26-012237
0001174850-26-000077:nic-20251231.htm,NICOLET BANKSHARES INC  (NIC)  (CIK 0001174850),0001174850,10-K,2026-02-27,2025-12-31,"Green Bay, WI",0001174850-26-000077
0001556739-26-000013:thry-20251231.htm,"Thryv Holdings, Inc.  (THRY)  (CIK 0001556739)",0001556739,10-K,2026-02-26,2025-12-31,"Grapevine, TX",0001556739-26-000013
0001333493-26-000010:ehth-20251231.htm,"eHealth, Inc.  (EHTH)  (CIK 0001333493)",0001333493,10-K,2026-02-26,2025-12-31,"Indianapolis, IN",0001333493-26-000010
0001493152-26-014230:form10-k.htm,"ALPHA MODUS HOLDINGS, INC.  (AMOD, AMODW)  (CIK 0001862463)",0001862463,10-K,2026-03-31,2025-12-31,"Cornelius, NC",0001493152-26-014230
0001185185-26-001144:ltsv410k123125.htm,"Lightstone Value Plus REIT IV, Inc.  (LTSV)  (CIK 0001619312)",0001619312,10-K,2026-03-30,2025-12-31,"Lakewood, NJ",0001185185-26-001144
0001104659-26-027592:tmb-20251231x10k.htm,Stellus Private Credit BDC  (CIK 0001901037),0001901037,10-K,2026-03-13,2025-12-31,"Houston, TX",0001104659-26-027592
0001193125-26-071569:expd-20251231.htm,EXPEDITORS INTERNATIONAL OF WASHINGTON INC  (EXPD)  (CIK 0000746515),0000746515,10-K,2026-02-25,2025-12-31,"Bellevue, WA",0001193125-26-071569
0001437749-26-007793:dmrc20251231_10k.htm,Digimarc CORP  (DMRC)  (CIK 0001438231),0001438231,10-K,2026-03-11,2025-12-31,"Beaverton, OR",0001437749-26-007793
0000780571-26-000033:itriex-21sharepurchaseagre.htm,"ITRON, INC.  (ITRI)  (CIK 0000780571)",0000780571,10-K,2026-02-17,2025-12-31,"Liberty Lake, WA",0000780571-26-000033
0001731122-26-000573:e7549_10-k.htm,GBT Technologies Inc.  (GTCH)  (CIK 0001471781),0001471781,10-K,2026-04-15,2025-12-31,"Santa Monica, CA",0001731122-26-000573
0001193125-26-085372:ck0001902649-20251231.htm,BlackRock Private Credit Fund  (CIK 0001902649),0001902649,10-K,2026-03-02,2025-12-31,"New York, NY",0001193125-26-085372
0001628280-26-012816:ufpt-20251231.htm,UFP TECHNOLOGIES INC  (UFPT)  (CIK 0000914156),0000914156,10-K,2026-02-27,2025-12-31,"Newburyport, MA",0001628280-26-012816
0001477932-26-001517:celz_10k.htm,"CREATIVE MEDICAL TECHNOLOGY HOLDINGS, INC.  (CELZ)  (CIK 0001187953)",0001187953,10-K,2026-03-20,2025-12-31,"Phoenix, AZ",0001477932-26-001517
0001193125-26-057847:ampl-20251231.htm,"Amplitude, Inc.  (AMPL)  (CIK 0001866692)",0001866692,10-K,2026-02-19,2025-12-31,"San Francisco, CA",0001193125-26-057847
0001794515-26-000012:zi-20251231.htm,ZoomInfo Technologies Inc.  (GTM)  (CIK 0001794515),0001794515,10-K,2026-02-12,2025-12-31,"Vancouver, WA",0001794515-26-000012
0001437749-26-004524:hun20251231_10k.htm,"Huntsman CORP  (HUN)  (CIK 0001307954), HUNTSMAN INTERNATIONAL LLC  (CIK 0001089748)","0001307954, 0001089748",10-K,2026-02-18,2025-12-31,"The Woodlands, TX, The Woodlands, TX",0001437749-26-004524
0001193125-26-076740:fa-20251231.htm,FIRST ADVANTAGE CORP  (FA)  (CIK 0001210677),0001210677,10-K,2026-02-26,2025-12-31,"Atlanta, GA",0001193125-26-076740
0001193125-26-056502:iosp-20251231.htm,INNOSPEC INC.  (IOSP)  (CIK 0001054905),0001054905,10-K,2026-02-18,2025-12-31,"Englewood, CO",0001193125-26-056502
0001213900-26-044139:ea0285662-10k_drugs.htm,"Drugs Made In America Acquisition Corp.  (DMAA, DMAAR, DMAAU)  (CIK 0002028614)",0002028614,10-K,2026-04-15,2025-12-31,"New York, NY",0001213900-26-044139
0001493152-26-014180:form10-k.htm,"SYNTEC OPTICS HOLDINGS, INC.  (OPTX, OPTXW)  (CIK 0001866816)",0001866816,10-K,2026-03-31,2025-12-31,"Miami Beach, FL",0001493152-26-014180
0001087294-26-000020:cpix-20251231.htm,CUMBERLAND PHARMACEUTICALS INC  (CPIX)  (CIK 0001087294),0001087294,10-K,2026-03-09,2025-12-31,"Nashville, TN",0001087294-26-000020
0001628280-26-037434:ttwo-20260331.htm,TAKE TWO INTERACTIVE SOFTWARE INC  (TTWO)  (CIK 0000946581),0000946581,10-K,2026-05-22,2026-03-31,"New York, NY",0001628280-26-037434
0001104659-26-018013:rli-20251231x10k.htm,RLI CORP  (RLI)  (CIK 0000084246),0000084246,10-K,2026-02-20,2025-12-31,"Peoria, IL",0001104659-26-018013
0001520138-26-000090:spty-20251231_10k.htm,"SPECIFICITY, INC.  (SPTY)  (CIK 0001840102)",0001840102,10-K,2026-03-31,2025-12-31,"Tampa, FL",0001520138-26-000090
0001193125-26-048139:chd-20251231.htm,CHURCH & DWIGHT CO INC /DE/  (CHD)  (CIK 0000313927),0000313927,10-K,2026-02-12,2025-12-31,"Ewing, NJ",0001193125-26-048139
0001179929-26-000005:moh-20251231.htm,"MOLINA HEALTHCARE, INC.  (MOH)  (CIK 0001179929)",0001179929,10-K,2026-02-10,2025-12-31,"Long Beach, CA",0001179929-26-000005
0001628280-26-022505:ex1047ljser_agreementexe.htm,"LanzaTech Global, Inc.  (LNZA, LNZAW)  (CIK 0001843724)",0001843724,10-K,2026-03-31,2025-12-31,"Skokie, IL",0001628280-26-022505
0001683168-26-003672:iiot_i10k-123125.htm,"IIOT-OXYS, Inc.  (ITOX)  (CIK 0001290658)",0001290658,10-K,2026-05-11,2025-12-31,"Cambridge, MA",0001683168-26-003672
0001104659-26-083905:tmb-20260531x10k.htm,CONAGRA BRANDS INC.  (CAG)  (CIK 0000023217),0000023217,10-K,2026-07-15,2026-05-31,"Chicago, IL",0001104659-26-083905
0001079973-26-000348:lwlg_10k-123125.htm,"Lightwave Logic, Inc.  (LWLG)  (CIK 0001325964)",0001325964,10-K,2026-03-20,2025-12-31,"Englewood, CO",0001079973-26-000348
0001437749-26-009059:eton20251231_10k.htm,"Eton Pharmaceuticals, Inc.  (ETON)  (CIK 0001710340)",0001710340,10-K,2026-03-19,2025-12-31,"Deer Park, IL",0001437749-26-009059
0001193125-26-061944:gkos-20251231.htm,GLAUKOS Corp  (GKOS)  (CIK 0001192448),0001192448,10-K,2026-02-23,2025-12-31,"Aliso Viejo, CA",0001193125-26-061944
0001193125-26-054061:osk-20251231.htm,OSHKOSH CORP  (OSK)  (CIK 0000775158),0000775158,10-K,2026-02-17,2025-12-31,"Oshkosh, WI",0001193125-26-054061
0001628280-26-038115:apps-20260331.htm,"Digital Turbine, Inc.  (APPS)  (CIK 0000317788)",0000317788,10-K,2026-05-26,2026-03-31,"Austin, TX",0001628280-26-038115
0001171843-26-001275:anik20251231_10k.htm,"Anika Therapeutics, Inc.  (ANIK)  (CIK 0000898437)",0000898437,10-K,2026-03-03,2025-12-31,"Bedford, MA",0001171843-26-001275
0001193125-26-034532:d93612d10k.htm,"TEVA PHARMACEUTICAL INDUSTRIES LTD  (TEVA, TEVJF)  (CIK 0000818686)",0000818686,10-K,2026-02-03,2025-12-31,Tel Aviv,0001193125-26-034532
0001062231-26-000020:dch-20251231.htm,"Dauch Corp  (AXL, DCH)  (CIK 0001062231)",0001062231,10-K,2026-02-13,2025-12-31,"Detroit, MI",0001062231-26-000020
0000315213-26-000006:rhi-20251231.htm,ROBERT HALF INC.  (RHI)  (CIK 0000315213),0000315213,10-K,2026-02-13,2025-12-31,"Menlo Park, CA",0000315213-26-000006
0001110803-26-000024:ilmn-20251228.htm,"ILLUMINA, INC.  (ILMN)  (CIK 0001110803)",0001110803,10-K,2026-02-12,2025-12-28,"San Diego, CA",0001110803-26-000024
0001193125-26-093475:ck0001998387-20251231.htm,5C Lending Partners Corp.  (CIK 0001998387),0001998387,10-K,2026-03-05,2025-12-31,"Rye, NY",0001193125-26-093475
0001493152-26-039261:form10-k.htm,"Ocean Power Technologies, Inc.  (OPTT)  (CIK 0001378140)",0001378140,10-K,2026-08-19,2026-04-30,"Monroe Township, NJ",0001493152-26-039261
0001660280-26-000005:tenb-20251231.htm,"Tenable Holdings, Inc.  (TENB)  (CIK 0001660280)",0001660280,10-K,2026-02-27,2025-12-31,"Columbia, MD",0001660280-26-000005
0000216228-26-000012:itt-20251231.htm,ITT INC.  (ITT)  (CIK 0000216228),0000216228,10-K,2026-02-09,2025-12-31,"Stamford, CT",0000216228-26-000012
0001803599-26-000027:cnxc-20251130.htm,Concentrix Corp  (CNXC)  (CIK 0001803599),0001803599,10-K,2026-01-28,2025-11-30,"Newark, CA",0001803599-26-000027
0001811935-26-000013:ptrn-20251231.htm,Pattern Group Inc.  (PTRN)  (CIK 0001811935),0001811935,10-K,2026-03-06,2025-12-31,"Lehi, UT",0001811935-26-000013
0001849253-26-000006:ryan-20251231.htm,"RYAN SPECIALTY HOLDINGS, INC.  (RYAN)  (CIK 0001849253)",0001849253,10-K,2026-02-13,2025-12-31,"Chicago, IL",0001849253-26-000006
0001193125-26-118177:clb-20251231.htm,Core Laboratories Inc. /DE/  (CLB)  (CIK 0001958086),0001958086,10-K,2026-03-23,2025-12-31,"Houston, TX",0001193125-26-118177
0001883313-26-000014:svv-20260103.htm,"Savers Value Village, Inc.  (SVV)  (CIK 0001883313)",0001883313,10-K,2026-02-20,2026-01-03,"Bellevue, WA",0001883313-26-000014
0000049938-26-000009:imo-20251231.htm,IMPERIAL OIL LTD  (IMO)  (CIK 0000049938),0000049938,10-K,2026-02-18,2025-12-31,"Calgary, A0",0000049938-26-000009
0001037976-26-000037:jll-20251231.htm,JONES LANG LASALLE INC  (JLL)  (CIK 0001037976),0001037976,10-K,2026-02-19,2025-12-31,"Chicago, IL",0001037976-26-000037
0001104659-26-036240:kscp-20251231x10k.htm,"Knightscope, Inc.  (KSCP)  (CIK 0001600983)",0001600983,10-K,2026-03-27,2025-12-31,"Sunnyvale, CA",0001104659-26-036240
0001531152-26-000007:bj-20260131.htm,"BJ's Wholesale Club Holdings, Inc.  (BJ)  (CIK 0001531152)",0001531152,10-K,2026-03-12,2026-01-31,"Marlborough, MA",0001531152-26-000007
0001520138-26-000207:spty-20251231_10ka.htm,"SPECIFICITY, INC.  (SPTY)  (CIK 0001840102)",0001840102,10-K/A,2026-06-05,2025-12-31,"Tampa, FL",0001520138-26-000207
0001493152-26-016858:form10-k.htm,"CDT Equity Inc.  (CDT, CDTTW)  (CIK 0001896212)",0001896212,10-K,2026-04-15,2025-12-31,"Naples, FL",0001493152-26-016858
0001628280-26-010047:ko-20251231.htm,COCA COLA CO  (KO)  (CIK 0000021344),0000021344,10-K,2026-02-20,2025-12-31,"Atlanta, GA",0001628280-26-010047
0001493152-26-014368:form10-k.htm,RELIABILITY INC  (RLBY)  (CIK 0000034285),0000034285,10-K,2026-03-31,2025-12-31,"Clarksburg, MD",0001493152-26-014368
0001683168-26-002561:cloudastructure_i10k-123125.htm,"CLOUDASTRUCTURE, INC.  (CSAI)  (CIK 0001709628)",0001709628,10-K,2026-03-31,2025-12-31,"Palo Alto, CA",0001683168-26-002561
0001022321-26-000008:gel-20251231.htm,GENESIS ENERGY LP  (GEL)  (CIK 0001022321),0001022321,10-K,2026-02-18,2025-12-31,"Houston, TX",0001022321-26-000008
0001193125-26-096558:ck0001954360-20251231.htm,Crescent Private Credit Income Corp  (CIK 0001954360),0001954360,10-K,2026-03-06,2025-12-31,"Los Angeles, CA",0001193125-26-096558
0002044820-26-000009:ck0002044820-20251231.htm,"VistaOne, L.P.  (CIK 0002044820)",0002044820,10-K,2026-03-20,2025-12-31,"San Francisco, CA",0002044820-26-000009
0001997350-26-000003:arx-20251231.htm,Accelerant Holdings  (ARX)  (CIK 0001997350),0001997350,10-K,2026-03-18,2025-12-31,"Grand Cayman, E9",0001997350-26-000003
0001437749-26-005907:avpt20251231_10k.htm,"AvePoint, Inc.  (AVPT)  (CIK 0001777921)",0001777921,10-K,2026-02-26,2025-12-31,"Jersey City, NJ",0001437749-26-005907
0000887936-26-000013:fcn-20251231.htm,"FTI CONSULTING, INC  (FCN)  (CIK 0000887936)",0000887936,10-K,2026-02-26,2025-12-31,"Washington, DC",0000887936-26-000013
0002038118-26-000013:fet-20251231.htm,"FirstEnergy Transmission, LLC  (CIK 0002038118)",0002038118,10-K,2026-02-24,2025-12-31,"Fairmont, WV",0002038118-26-000013
0001193125-26-063960:fbin-20251227.htm,"Fortune Brands Innovations, Inc.  (FBIN)  (CIK 0001519751)",0001519751,10-K,2026-02-23,2025-12-27,"Deerfield, IL",0001193125-26-063960
0000792987-26-000011:aste-20251231.htm,ASTEC INDUSTRIES INC  (ASTE)  (CIK 0000792987),0000792987,10-K,2026-02-25,2025-12-31,"Chattanooga, TN",0000792987-26-000011
0001079973-26-000408:vynd_123125-10k.htm,"Vynleads, Inc.  (VYND)  (CIK 0001745078)",0001745078,10-K,2026-03-31,2025-12-31,"Rock Hill, SC",0001079973-26-000408
0001628280-26-010666:erie-20251231.htm,ERIE INDEMNITY CO  (ERIE)  (CIK 0000922621),0000922621,10-K,2026-02-23,2025-12-31,"Erie, PA",0001628280-26-010666
0001996810-26-000015:gevform10k2025-ex1034.htm,GE Vernova Inc.  (GEV)  (CIK 0001996810),0001996810,10-K,2026-01-29,2025-12-31,"Cambridge, MA",0001996810-26-000015
0001193125-26-046876:vktx-20251231.htm,"Viking Therapeutics, Inc.  (VKTX)  (CIK 0001607678)",0001607678,10-K,2026-02-11,2025-12-31,"San Diego, CA",0001193125-26-046876
0001781755-26-000018:bwin-20251231.htm,"Baldwin Insurance Group, Inc.  (BWIN)  (CIK 0001781755)",0001781755,10-K,2026-02-26,2025-12-31,"Tampa, FL",0001781755-26-000018
0001682852-26-000033:mrna-20251231.htm,"Moderna, Inc.  (MRNA)  (CIK 0001682852)",0001682852,10-K,2026-02-20,2025-12-31,"Cambridge, MA",0001682852-26-000033
0002011134-26-000007:kioni260324-10k.htm,Kioni Holdings Ltd  (CIK 0002011134),0002011134,10-K,2026-03-24,2025-12-31,Singapore,0002011134-26-000007
0001856437-26-000004:vsco-20260131.htm,Victoria's Secret & Co.  (VSCO)  (CIK 0001856437),0001856437,10-K,2026-03-20,2026-01-31,"Reynoldsburg, OH",0001856437-26-000004
0001477932-26-001750:meridian_10k.htm,Meridian Holdings Inc./NV  (MRDN)  (CIK 0001437925),0001437925,10-K,2026-03-31,2025-12-31,"Las Vegas, NV",0001477932-26-001750
0001640147-26-000008:snow-20260131.htm,Snowflake Inc.  (SNOW)  (CIK 0001640147),0001640147,10-K,2026-03-20,2026-01-31,"Menlo Park, CA",0001640147-26-000008
0001193125-26-114044:hypr-20251231.htm,"Hyperfine, Inc.  (HYPR)  (CIK 0001833769)",0001833769,10-K,2026-03-18,2025-12-31,"Guilford, CT",0001193125-26-114044
0002011134-26-000019:kioni260723-10ka.htm,Kioni Holdings Ltd  (CIK 0002011134),0002011134,10-K/A,2026-07-22,2025-12-31,Singapore,0002011134-26-000019
0001437749-26-009589:lode20251231_10k.htm,Comstock Inc.  (LODE)  (CIK 0001120970),0001120970,10-K,2026-03-24,2025-12-31,"Virginia City, NV",0001437749-26-009589
0001388658-26-000011:irtc-20251231.htm,"iRhythm Holdings, Inc.  (IRTC)  (CIK 0001388658)",0001388658,10-K,2026-02-19,2025-12-31,"San Francisco, CA",0001388658-26-000011
0001104659-26-034507:tela-20251231x10k.htm,"TELA Bio, Inc.  (TELA)  (CIK 0001561921)",0001561921,10-K,2026-03-25,2025-12-31,"Malvern, PA",0001104659-26-034507
0001437749-26-008841:mbrx20251231_10k.htm,"Moleculin Biotech, Inc.  (MBRX)  (CIK 0001659617)",0001659617,10-K,2026-03-18,2025-12-31,"Houston, TX",0001437749-26-008841
0002065287-26-000008:dankon_10k2026.htm,Dankon Corp  (CIK 0002065287),0002065287,10-K,2026-05-15,2026-02-28,"Miami, FL",0002065287-26-000008
0001193125-26-082486:wso-20251231.htm,"WATSCO INC  (WSO, WSO-B)  (CIK 0000105016)",0000105016,10-K,2026-02-27,2025-12-31,"Coconut Grove, FL",0001193125-26-082486
0001829126-26-006123:aeriestech_10k.htm,"Aeries Technology, Inc.  (AERT, AERTW)  (CIK 0001853044)",0001853044,10-K,2026-06-08,2026-03-31,George Town,0001829126-26-006123
0001329842-26-000005:codeofbusinessconductand.htm,Federal Home Loan Bank of New York  (CIK 0001329842),0001329842,10-K,2026-03-20,2025-12-31,"New York, NY",0001329842-26-000005
0001193125-26-098466:box-20260131.htm,BOX INC  (BOX)  (CIK 0001372612),0001372612,10-K,2026-03-09,2026-01-31,"Redwood City, CA",0001193125-26-098466
0001628280-26-012779:prmb-20251231.htm,Primo Brands Corp  (PRMB)  (CIK 0002042694),0002042694,10-K,2026-02-27,2025-12-31,"Tampa, FL",0001628280-26-012779
0001911066-26-000012:ncpif-20251231.htm,Nuveen Churchill Private Capital Income Fund  (CIK 0001911066),0001911066,10-K,2026-03-06,2025-12-31,"New York, NY",0001911066-26-000012
0001193125-26-252796:ck0000834071-20260331.htm,TOYOTA MOTOR CREDIT CORP  (CIK 0000834071),0000834071,10-K,2026-06-02,2026-03-31,"Plano, TX",0001193125-26-252796
0001379041-26-000011:eig-20251231.htm,"Employers Holdings, Inc.  (EIG)  (CIK 0001379041)",0001379041,10-K,2026-02-26,2025-12-31,"Reno, NV",0001379041-26-000011
0001493152-26-016874:form10-k.htm,"My Size, Inc.  (MYSZ)  (CIK 0001211805)",0001211805,10-K,2026-04-15,2025-12-31,"Airport City, L3",0001493152-26-016874
0001579877-26-000008:out-20251231.htm,OUTFRONT Media Inc.  (OUT)  (CIK 0001579877),0001579877,10-K,2026-02-26,2025-12-31,"New York, NY",0001579877-26-000008
0001297989-26-000008:exls-20251231.htm,"ExlService Holdings, Inc.  (EXLS)  (CIK 0001297989)",0001297989,10-K,2026-02-24,2025-12-31,"New York, NY",0001297989-26-000008
0001493152-26-013931:form10-k.htm,TON Strategy Co  (TONX)  (CIK 0001566610),0001566610,10-K,2026-03-31,2025-12-31,"Las Vegas, NV",0001493152-26-013931
0002015845-26-000010:q42025-20251231.htm,"Everus Construction Group, Inc.  (ECG)  (CIK 0002015845)",0002015845,10-K,2026-02-25,2025-12-31,"Bismarck, ND",0002015845-26-000010
0001193125-26-096453:d70902d10k.htm,Blackstone Infrastructure Strategies L.P.  (CIK 0002030772),0002030772,10-K,2026-03-06,2025-12-31,"New York, NY",0001193125-26-096453
0001185185-26-001145:lvpr310k123125.htm,"Lightstone Value Plus REIT III, Inc.  (CIK 0001563756)",0001563756,10-K,2026-03-30,2025-12-31,"Lakewood, NJ",0001185185-26-001145
0001104659-26-018541:wts-20251231x10k.htm,WATTS WATER TECHNOLOGIES INC  (WTS)  (CIK 0000795403),0000795403,10-K,2026-02-23,2025-12-31,"North Andover, MA",0001104659-26-018541
0001104659-26-021480:res-20251231x10k.htm,RPC INC  (RES)  (CIK 0000742278),0000742278,10-K,2026-02-27,2025-12-31,"Atlanta, GA",0001104659-26-021480
0001793659-26-000009:rsi-20251231.htm,"Rush Street Interactive, Inc.  (RSI)  (CIK 0001793659)",0001793659,10-K,2026-02-18,2025-12-31,"Chicago, IL",0001793659-26-000009
0001409970-26-000018:lc-20251231.htm,LendingClub Corp  (LC)  (CIK 0001409970),0001409970,10-K,2026-02-12,2025-12-31,"San Francisco, CA",0001409970-26-000018
0001193125-26-234423:agys-20260331.htm,AGILYSYS INC  (AGYS)  (CIK 0000078749),0000078749,10-K,2026-05-21,2026-03-31,"Alpharetta, GA",0001193125-26-234423
0001957132-26-000015:sharkninja-20251231.htm,"SharkNinja, Inc.  (SN)  (CIK 0001957132)",0001957132,10-K,2026-03-02,2025-12-31,"Needham, MA",0001957132-26-000015
0001865107-26-000008:aka-20251231.htm,A.K.A. BRANDS HOLDING CORP.  (AKA)  (CIK 0001865107),0001865107,10-K,2026-03-05,2025-12-31,"San Francisco, CA",0001865107-26-000008
0001565687-26-000073:inta-20260630.htm,"Intapp, Inc.  (INTA)  (CIK 0001565687)",0001565687,10-K,2026-08-14,2026-06-30,"Palo Alto, CA",0001565687-26-000073
0001628280-26-017663:airc-20251231.htm,"Apartment Income REIT, L.P.  (CIK 0000926660)",0000926660,10-K,2026-03-13,2025-12-31,"New York, NY",0001628280-26-017663
0001193125-26-060461:enva-20251231.htm,"Enova International, Inc.  (ENVA)  (CIK 0001529864)",0001529864,10-K,2026-02-20,2025-12-31,"Chicago, IL",0001193125-26-060461
0001104659-26-019567:ufpi-20251227x10k.htm,UFP INDUSTRIES INC  (UFPI)  (CIK 0000912767),0000912767,10-K,2026-02-25,2025-12-27,"Grand Rapids, MI",0001104659-26-019567
0001185185-26-001079:ltsv510k123125.htm,"Lightstone Value Plus REIT V, Inc.  (CIK 0001387061)",0001387061,10-K,2026-03-26,2025-12-31,"Lakewood, NJ",0001185185-26-001079
0001628280-26-013207:psix-20251231.htm,"POWER SOLUTIONS INTERNATIONAL, INC.  (PSIX)  (CIK 0001137091)",0001137091,10-K,2026-03-02,2025-12-31,"Wood Dale, IL",0001628280-26-013207
0001601485-26-000027:angn-20251231.htm,"Elicio Therapeutics, Inc.  (ELTX)  (CIK 0001601485)",0001601485,10-K,2026-03-12,2025-12-31,"Boston, MA",0001601485-26-000027
0001638826-26-000028:ttan-20260131.htm,"ServiceTitan, Inc.  (TTAN)  (CIK 0001638826)",0001638826,10-K,2026-03-25,2026-01-31,"Glendale, CA",0001638826-26-000028
0001193125-26-132104:ssti-20251231.htm,"SOUNDTHINKING, INC.  (SSTI)  (CIK 0001351636)",0001351636,10-K,2026-03-30,2025-12-31,"Fremont, CA",0001193125-26-132104
0000037785-26-000041:fmc-20251231.htm,FMC CORP  (FMC)  (CIK 0000037785),0000037785,10-K,2026-02-27,2025-12-31,"Philadelphia, PA",0000037785-26-000041
0000731012-26-000009:hcsg-20251231.htm,HEALTHCARE SERVICES GROUP INC  (HCSG)  (CIK 0000731012),0000731012,10-K,2026-02-13,2025-12-31,"Bensalem, PA",0000731012-26-000009
0001853145-26-000010:evcm-20251231.htm,EverCommerce Inc.  (EVCM)  (CIK 0001853145),0001853145,10-K,2026-03-12,2025-12-31,"Denver, CO",0001853145-26-000010
0000076334-26-000105:ph-20260630.htm,Parker-Hannifin Corp  (PH)  (CIK 0000076334),0000076334,10-K,2026-08-21,2026-06-30,"Cleveland, OH",0000076334-26-000105
0001104659-26-026432:scm-20251231x10k.htm,Stellus Capital Investment Corp  (SCM)  (CIK 0001551901),0001551901,10-K,2026-03-11,2025-12-31,"Houston, TX",0001104659-26-026432
0001493152-26-011617:form10-k.htm,"Snail, Inc.  (SNAL)  (CIK 0001886894)",0001886894,10-K,2026-03-19,2025-12-31,"Culver City, CA",0001493152-26-011617
0001140361-26-010409:ef20060524_10k.htm,"Ollie's Bargain Outlet Holdings, Inc.  (OLLI)  (CIK 0001639300)",0001639300,10-K,2026-03-19,2026-01-31,"Harrisburg, PA",0001140361-26-010409
0000785161-26-000081:ehc-20251231.htm,Encompass Health Corp  (EHC)  (CIK 0000785161),0000785161,10-K,2026-02-26,2025-12-31,"Birmingham, AL",0000785161-26-000081
0001828962-26-000010:crct-20251231.htm,"Cricut, Inc.  (CRCT)  (CIK 0001828962)",0001828962,10-K,2026-03-04,2025-12-31,"South Jordan, UT",0001828962-26-000010
0001437749-26-007972:atlc20251231_10k.htm,"Atlanticus Holdings Corp  (ATLC, ATLCL, ATLCP, ATLCZ)  (CIK 0001464343)",0001464343,10-K,2026-03-12,2025-12-31,"Atlanta, GA",0001437749-26-007972
0000879169-26-000010:incy-20251231.htm,INCYTE CORP  (INCY)  (CIK 0000879169),0000879169,10-K,2026-02-10,2025-12-31,"Wilmington, DE",0000879169-26-000010
0001193125-26-106120:acdc-20251231.htm,ProFrac Holding Corp.  (ACDC)  (CIK 0001881487),0001881487,10-K,2026-03-13,2025-12-31,"Willow Park, TX",0001193125-26-106120
0001288847-26-000023:fivn-20251231.htm,"Five9, Inc.  (FIVN)  (CIK 0001288847)",0001288847,10-K,2026-02-20,2025-12-31,"San Ramon, CA",0001288847-26-000023
0000775215-26-000025:hbt-20251231.htm,"HBT Financial, Inc.  (HBT)  (CIK 0000775215)",0000775215,10-K,2026-03-06,2025-12-31,"Bloomington, IL",0000775215-26-000025
0001408534-26-000021:fgbi-20251231.htm,"First Guaranty Bancshares, Inc.  (FGBI, FGBIP)  (CIK 0001408534)",0001408534,10-K,2026-03-31,2025-12-31,"Hammond, LA",0001408534-26-000021
0001193125-26-096448:awre-20251231.htm,AWARE INC /MA/  (AWRE)  (CIK 0001015739),0001015739,10-K,2026-03-06,2025-12-31,"Burlington, MA",0001193125-26-096448
0001539638-26-000007:tfin-20251231.htm,"Triumph Financial, Inc.  (TFIN, TFIN-P)  (CIK 0001539638)",0001539638,10-K,2026-02-11,2025-12-31,"Dallas, TX",0001539638-26-000007
0001100682-26-000022:crl-20251227.htm,"CHARLES RIVER LABORATORIES INTERNATIONAL, INC.  (CRL)  (CIK 0001100682)",0001100682,10-K,2026-02-18,2025-12-27,"Wilmington, MA",0001100682-26-000022
0001072613-26-000270:network1_10k-123125.htm,"NETWORK-1 TECHNOLOGIES, INC.  (NTIP)  (CIK 0001065078)",0001065078,10-K,2026-03-13,2025-12-31,"New Canaan, CT",0001072613-26-000270
0001443669-26-000010:prlb-20251231.htm,Proto Labs Inc  (PRLB)  (CIK 0001443669),0001443669,10-K,2026-02-20,2025-12-31,"Maple Plain, MN",0001443669-26-000010
0001185185-26-001140:lvpr210k123125.htm,"Lightstone Value Plus REIT II, Inc.  (CIK 0001436975)",0001436975,10-K,2026-03-30,2025-12-31,"Lakewood, NJ",0001185185-26-001140
0001552800-26-000006:c800-20251231x10k.htm,"TILE SHOP HOLDINGS, INC.  (TTSH)  (CIK 0001552800)",0001552800,10-K,2026-02-26,2025-12-31,"Plymouth, MN",0001552800-26-000006
0001801170-26-000057:clov-20251231.htm,"CLOVER HEALTH INVESTMENTS, CORP. /DE  (CLOV)  (CIK 0001801170)",0001801170,10-K,2026-02-27,2025-12-31,"Jersey City, NJ",0001801170-26-000057
0001038509-26-000008:cik1038509-20251231.htm,PRUCO LIFE INSURANCE OF NEW JERSEY  (CIK 0001038509),0001038509,10-K,2026-03-06,2025-12-31,"Newark, NJ",0001038509-26-000008
0001213900-26-028315:ea0279095-10k_ludwig.htm,"LUDWIG ENTERPRISES, INC.  (LUDG)  (CIK 0001960262)",0001960262,10-K,2026-03-16,2025-12-31,"Pompano Beach, FL",0001213900-26-028315
0001193125-26-037138:manh-20251231.htm,MANHATTAN ASSOCIATES INC  (MANH)  (CIK 0001056696),0001056696,10-K,2026-02-04,2025-12-31,"Atlanta, GA",0001193125-26-037138
0001847903-26-000025:cnta-20251231.htm,Centessa Pharmaceuticals plc  (CNTA)  (CIK 0001847903),0001847903,10-K,2026-03-31,2025-12-31,"Altrincham, Cheshire, X0",0001847903-26-000025
0001878897-26-000007:doug-20251231.htm,Douglas Elliman Inc.  (DOUG)  (CIK 0001878897),0001878897,10-K,2026-03-16,2025-12-31,"Miami, FL",0001878897-26-000007
0001628280-26-012252:skt-20251231.htm,"TANGER INC.  (SKT)  (CIK 0000899715), TANGER PROPERTIES LTD PARTNERSHIP /NC/  (CIK 0001004036)","0000899715, 0001004036",10-K,2026-02-26,2025-12-31,"Greensboro, NC, Greensboro, NC",0001628280-26-012252
0001628280-26-012995:shoo-20251231.htm,"STEVEN MADDEN, LTD.  (SHOO)  (CIK 0000913241)",0000913241,10-K,2026-03-02,2025-12-31,"Long Island City, NY",0001628280-26-012995
0001104659-26-036214:btai-20251231x10k.htm,"BioXcel Therapeutics, Inc.  (BTAI)  (CIK 0001720893)",0001720893,10-K,2026-03-27,2025-12-31,"New Haven, CT",0001104659-26-036214
0001877322-26-000007:esab-20251231.htm,ESAB Corp  (ESAB)  (CIK 0001877322),0001877322,10-K,2026-02-20,2025-12-31,"North Bethesda, MD",0001877322-26-000007
0000874396-26-000008:lcut-20251231.htm,"LIFETIME BRANDS, INC  (LCUT)  (CIK 0000874396)",0000874396,10-K,2026-03-12,2025-12-31,"Garden City, NY",0000874396-26-000008
0001819404-26-000015:nrdy-20251231.htm,Nerdy Inc.  (NRDY)  (CIK 0001819404),0001819404,10-K,2026-02-26,2025-12-31,"St. Louis, MO",0001819404-26-000015
0001104659-26-032148:msai-20251231x10k.htm,"MultiSensor AI Holdings, Inc.  (MSAI, MSAIW)  (CIK 0001863990)",0001863990,10-K,2026-03-19,2025-12-31,"Houston, TX",0001104659-26-032148
0001193125-26-056485:dvn-20251231.htm,DEVON ENERGY CORP/DE  (DVN)  (CIK 0001090012),0001090012,10-K,2026-02-18,2025-12-31,"Oklahoma City, OK",0001193125-26-056485
0001493152-26-009549:form10-k.htm,"LifeMD, Inc.  (LFMD, LFMDP)  (CIK 0000948320)",0000948320,10-K,2026-03-10,2025-12-31,"New York, NY",0001493152-26-009549
0001628280-26-014435:ocgn-20251231.htm,"Ocugen, Inc.  (OCGN)  (CIK 0001372299)",0001372299,10-K,2026-03-04,2025-12-31,"Malvern, PA",0001628280-26-014435
0001042776-26-000012:pdm-20251231.htm,"Piedmont Realty Trust, Inc.  (PDM)  (CIK 0001042776)",0001042776,10-K,2026-02-17,2025-12-31,"Atlanta, GA",0001042776-26-000012
0001902733-26-000022:ncno-20260131.htm,"nCino, Inc.  (NCNO)  (CIK 0001902733)",0001902733,10-K,2026-03-31,2026-01-31,"Wilmington, NC",0001902733-26-000022
0000318154-26-000010:amgn-20251231.htm,AMGEN INC  (AMGN)  (CIK 0000318154),0000318154,10-K,2026-02-13,2025-12-31,"Thousand Oaks, CA",0000318154-26-000010
0001836981-26-000018:bbai-20251231.htm,"BigBear.ai Holdings, Inc.  (BBAI, BBAI-WT)  (CIK 0001836981)",0001836981,10-K,2026-03-02,2025-12-31,"Mclean, VA",0001836981-26-000018
0001628280-26-012572:niq-20251231.htm,NIQ Global Intelligence plc  (NIQ)  (CIK 0002054696),0002054696,10-K,2026-02-27,2025-12-31,"Chicago, IL",0001628280-26-012572
0001280784-26-000009:htgcq4202510kcleancopy.pdf,"Hercules Capital, Inc.  (HCXY, HTGC)  (CIK 0001280784)",0001280784,10-K,2026-02-12,2025-12-31,"San Mateo, CA",0001280784-26-000009
0001193125-26-111012:d87304d10k.htm,"AUBURN NATIONAL BANCORPORATION, INC  (AUBN)  (CIK 0000750574)",0000750574,10-K,2026-03-17,2025-12-31,"Auburn, AL",0001193125-26-111012
0001559865-26-000012:evtc-20251231.htm,"EVERTEC, Inc.  (EVTC)  (CIK 0001559865)",0001559865,10-K,2026-03-02,2025-12-31,"Rio Piedras, PR",0001559865-26-000012
0001493152-26-014135:form10-k.htm,"Beeline Holdings, Inc.  (BLNE)  (CIK 0001534708)",0001534708,10-K,2026-03-31,2025-12-31,"Providence, RI",0001493152-26-014135
0001891027-26-000019:mntn-20251231.htm,"MNTN, Inc.  (MNTN)  (CIK 0001891027)",0001891027,10-K,2026-02-19,2025-12-31,"Austin, TX",0001891027-26-000019
0001437749-26-010342:dmtp20251231_10k.htm,DiaMedica Therapeutics Inc.  (DMAC)  (CIK 0001401040),0001401040,10-K,2026-03-30,2025-12-31,"Minneapolis, MN",0001437749-26-010342
0001437749-26-010682:uavs20251231_10k.htm,AgEagle Aerial Systems Inc.  (UAVS)  (CIK 0000008504),0000008504,10-K,2026-03-31,2025-12-31,"Wichita, KS",0001437749-26-010682
0001140361-26-011401:form10k.htm,"WRAP TECHNOLOGIES, INC.  (WRAP)  (CIK 0001702924)",0001702924,10-K,2026-03-26,2025-12-31,"Miami, FL",0001140361-26-011401
0001493152-26-009139:form10-k.htm,National Energy Services Reunited Corp.  (NESR)  (CIK 0001698514),0001698514,10-K,2026-03-06,2025-12-31,"Houston, TX",0001493152-26-009139
0001575872-26-000245:ncl120_10k.htm,Northann Corp.  (NCL)  (CIK 0001923780),0001923780,10-K,2026-04-14,2025-12-31,"Fort Lawn, SC",0001575872-26-000245
0001628280-26-004195:lmt-20251231.htm,LOCKHEED MARTIN CORP  (LMT)  (CIK 0000936468),0000936468,10-K,2026-01-29,2025-12-31,"Bethesda, MD",0001628280-26-004195
0001104659-26-019165:verx-20251231x10k.htm,"Vertex, Inc.  (VERX)  (CIK 0001806837)",0001806837,10-K,2026-02-24,2025-12-31,"King of Prussia, PA",0001104659-26-019165
0000875320-26-000056:vrtx-20251231.htm,VERTEX PHARMACEUTICALS INC / MA  (VRTX)  (CIK 0000875320),0000875320,10-K,2026-02-13,2025-12-31,"Boston, MA",0000875320-26-000056
0000895421-26-000086:ms-20251231.htm,"MORGAN STANLEY  (MS, MS-PA, MS-PE, MS-PF, MS-PI, MS-PK, MS-PL, MS-PO, MS-PP, MS-PQ)  (CIK 0000895421)",0000895421,10-K,2026-02-19,2025-12-31,"New York, NY",0000895421-26-000086
0000876883-26-000010:stgw-20251231.htm,Stagwell Inc  (STGW)  (CIK 0000876883),0000876883,10-K,2026-03-13,2025-12-31,"New York, NY",0000876883-26-000010
0001907982-26-000026:qbts-20251231.htm,D-Wave Quantum Inc.  (QBTS)  (CIK 0001907982),0001907982,10-K,2026-02-26,2025-12-31,"Palo Alto, CA",0001907982-26-000026
0001735707-26-000009:gtx-20251231.htm,Garrett Motion Inc.  (GTX)  (CIK 0001735707),0001735707,10-K,2026-02-19,2025-12-31,"Rolle, V8",0001735707-26-000009
0001193125-26-114381:ck0001646614-20251231.htm,Silver Point Specialty Lending Fund  (CIK 0001646614),0001646614,10-K,2026-03-18,2025-12-31,"Greenwich, CT",0001193125-26-114381
0001818383-26-000049:max-20251231.htm,"MediaAlpha, Inc.  (MAX)  (CIK 0001818383)",0001818383,10-K,2026-02-23,2025-12-31,"Los Angeles, CA",0001818383-26-000049
0001116463-26-000016:osur-20251231.htm,ORASURE TECHNOLOGIES INC  (OSUR)  (CIK 0001116463),0001116463,10-K,2026-03-09,2025-12-31,"Bethlehem, PA",0001116463-26-000016
0000314489-26-000013:buse-20251231.htm,"FIRST BUSEY CORP /NV/  (BUSE, BUSEP)  (CIK 0000314489)",0000314489,10-K,2026-02-26,2025-12-31,"Leawood, KS",0000314489-26-000013
0001866368-26-000011:cwan-20251231.htm,"Clearwater Analytics Holdings, Inc.  (CWAN)  (CIK 0001866368)",0001866368,10-K,2026-02-18,2025-12-31,"Boise, ID",0001866368-26-000011
0001493152-26-019713:form10-ka.htm,Lantern Pharma Inc.  (LTRN)  (CIK 0001763950),0001763950,10-K/A,2026-04-30,2025-12-31,"Dallas, TX",0001493152-26-019713
0001854964-26-000006:nlcp-20251231.htm,"NewLake Capital Partners, Inc.  (NLCP)  (CIK 0001854964)",0001854964,10-K,2026-03-06,2025-12-31,"New Canaan, CT",0001854964-26-000006
0001193125-26-048776:amwl-20251231.htm,American Well Corp  (AMWL)  (CIK 0001393584),0001393584,10-K,2026-02-12,2025-12-31,"Boston, MA",0001193125-26-048776
0001829126-26-002591:fieeinc_10k.htm,"FiEE, Inc.  (FIEE)  (CIK 0001467761)",0001467761,10-K,2026-03-20,2025-12-31,Tsuen Wan,0001829126-26-002591
0001818502-26-000019:opfi-20251231.htm,"OppFi Inc.  (OPFI, OPFI-WT)  (CIK 0001818502)",0001818502,10-K,2026-03-12,2025-12-31,"Chicago, IL",0001818502-26-000019
0001185185-26-001339:aagh10k063025.htm,America Great Health  (CIK 0001098009),0001098009,10-K,2026-04-10,2025-06-30,"Alhambra, CA",0001185185-26-001339
0001628280-26-017384:snes-20251231.htm,"SenesTech, Inc.  (SNES)  (CIK 0001680378)",0001680378,10-K,2026-03-13,2025-12-31,"Phoenix, AZ",0001628280-26-017384
0001104659-26-021478:mpx-20251231x10k.htm,MARINE PRODUCTS CORP  (MPX)  (CIK 0001129155),0001129155,10-K,2026-02-27,2025-12-31,"Atlanta, GA",0001104659-26-021478
0002076765-26-000009:elventix_10k2026.htm,Elventix Technology Corp  (CIK 0002076765),0002076765,10-K,2026-08-31,2026-05-31,Lleida,0002076765-26-000009
0000021076-26-000034:clx-20260630_d2.htm,CLOROX CO /DE/  (CLX)  (CIK 0000021076),0000021076,10-K,2026-08-07,2026-06-30,"Oakland, CA",0000021076-26-000034
0001437749-26-010500:aiff20251231_10k.htm,"FIREFLY NEUROSCIENCE, INC.  (AIFF)  (CIK 0000803578)",0000803578,10-K,2026-03-31,2025-12-31,"Kenmore, NY",0001437749-26-010500
0001185185-26-000897:pfho10k123125.htm,PACIFIC HEALTH CARE ORGANIZATION INC  (PFHO)  (CIK 0001138476),0001138476,10-K,2026-03-18,2025-12-31,"Irvine, CA",0001185185-26-000897
0001193125-26-061383:rdn-20251231.htm,RADIAN GROUP INC  (RDN)  (CIK 0000890926),0000890926,10-K,2026-02-20,2025-12-31,"Wayne, PA",0001193125-26-061383
0001493152-26-020512:form10-ka.htm,"MICROVISION, INC.  (MVIS)  (CIK 0000065770)",0000065770,10-K/A,2026-04-30,2025-12-31,"Redmond, WA",0001493152-26-020512
0001601712-26-000006:syf-20251231.htm,"Synchrony Financial  (SYF, SYF-PA, SYF-PB)  (CIK 0001601712)",0001601712,10-K,2026-02-06,2025-12-31,"Stamford, CT",0001601712-26-000006
0000817720-26-000055:syna-20260627.htm,SYNAPTICS Inc  (SYNA)  (CIK 0000817720),0000817720,10-K,2026-08-10,2026-06-27,"San Jose, CA",0000817720-26-000055
0001628280-26-011053:lcid-20251231.htm,"Lucid Group, Inc.  (LCID)  (CIK 0001811210)",0001811210,10-K,2026-02-24,2025-12-31,"Newark, CA",0001628280-26-011053
0000320121-26-000010:tls-20251231.htm,TELOS CORP  (TLS)  (CIK 0000320121),0000320121,10-K,2026-03-16,2025-12-31,"Ashburn, VA",0000320121-26-000010
0000876167-26-000008:prgs-20251130.htm,PROGRESS SOFTWARE CORP /MA  (PRGS)  (CIK 0000876167),0000876167,10-K,2026-01-20,2025-11-30,"Burlington, MA",0000876167-26-000008
0001437749-26-005861:nwpx20251231_10k.htm,"NWPX Infrastructure, Inc.  (NWPX)  (CIK 0001001385)",0001001385,10-K,2026-02-26,2025-12-31,"Vancouver, WA",0001437749-26-005861
0001628280-26-021721:m-20260131.htm,"Macy's, Inc.  (M)  (CIK 0000794367)",0000794367,10-K,2026-03-27,2026-01-31,"New York, NY",0001628280-26-021721
0001104659-26-043166:sga-20251231x10k.htm,SAGA COMMUNICATIONS INC  (SGA)  (CIK 0000886136),0000886136,10-K,2026-04-14,2025-12-31,"Grosse Pointe Farms, MI",0001104659-26-043166
0001177609-26-000010:five-20260131.htm,"FIVE BELOW, INC  (FIVE)  (CIK 0001177609)",0001177609,10-K,2026-03-19,2026-01-31,"Philadelphia, PA",0001177609-26-000010
0001628280-26-012904:cck-20251231.htm,"CROWN HOLDINGS, INC.  (CCK)  (CIK 0001219601)",0001219601,10-K,2026-02-27,2025-12-31,"Tampa, FL",0001628280-26-012904
0001628280-26-015252:bwmn-20251231.htm,Bowman Consulting Group Ltd.  (BWMN)  (CIK 0001847590),0001847590,10-K,2026-03-05,2025-12-31,"Reston, VA",0001628280-26-015252
0001405495-26-000011:idcc-20251231.htm,"InterDigital, Inc.  (IDCC)  (CIK 0001405495)",0001405495,10-K,2026-02-05,2025-12-31,"Wilmington, DE",0001405495-26-000011
0000049826-26-000008:itw-20251231.htm,ILLINOIS TOOL WORKS INC  (ITW)  (CIK 0000049826),0000049826,10-K,2026-02-13,2025-12-31,"Glenview, IL",0000049826-26-000008
0001402057-26-000011:cdw-20251231.htm,CDW Corp  (CDW)  (CIK 0001402057),0001402057,10-K,2026-02-20,2025-12-31,"Vernon Hills, IL",0001402057-26-000011
0001406666-26-000005:calx-20251231.htm,"CALIX, INC  (CALX)  (CIK 0001406666)",0001406666,10-K,2026-02-20,2025-12-31,"San Jose, CA",0001406666-26-000005
0001193125-26-054643:bldr-20251231.htm,"Builders FirstSource, Inc.  (BLDR)  (CIK 0001316835)",0001316835,10-K,2026-02-17,2025-12-31,"Irving, TX",0001193125-26-054643
0000101829-26-000006:rtx-20251231.htm,RTX Corp  (RTX)  (CIK 0000101829),0000101829,10-K,2026-02-06,2025-12-31,"Arlington, VA",0000101829-26-000006
0001628280-26-010716:mat-20251231.htm,MATTEL INC /DE/  (MAT)  (CIK 0000063276),0000063276,10-K,2026-02-23,2025-12-31,"El Segundo, CA",0001628280-26-010716
0001159152-26-000045:jhx-20260331.htm,"James Hardie Industries plc  (JHX, JHIUF)  (CIK 0001159152)",0001159152,10-K,2026-05-19,2026-03-31,Dublin 2,0001159152-26-000045
0000832428-26-000010:ssp-20251231.htm,E.W. SCRIPPS Co  (SSP)  (CIK 0000832428),0000832428,10-K,2026-02-27,2025-12-31,"Cininnati, OH",0000832428-26-000010
0000040987-26-000003:gpc-20251231.htm,GENUINE PARTS CO  (GPC)  (CIK 0000040987),0000040987,10-K,2026-02-20,2025-12-31,"Atlanta, GA",0000040987-26-000003
0001777393-26-000013:chpt-20260131.htm,"ChargePoint Holdings, Inc.  (CHPT)  (CIK 0001777393)",0001777393,10-K,2026-04-02,2026-01-31,"Campbell, CA",0001777393-26-000013
0001420720-26-000020:ibio-20260731x10k.htm,"iBio, Inc.  (IBIO)  (CIK 0001420720)",0001420720,10-K,2026-08-28,2026-06-30,"New York, NY",0001420720-26-000020
0001659166-26-000007:ftv-20251231.htm,Fortive Corp  (FTV)  (CIK 0001659166),0001659166,10-K,2026-02-25,2025-12-31,"Everett, WA",0001659166-26-000007
0000024741-26-000124:glw-20251231.htm,CORNING INC /NY  (GLW)  (CIK 0000024741),0000024741,10-K,2026-02-12,2025-12-31,"Corning, NY",0000024741-26-000124
0001367859-26-000017:czwi-20251231.htm,Citizens Community Bancorp Inc.  (CZWI)  (CIK 0001367859),0001367859,10-K,2026-03-05,2025-12-31,"Eau Claire, WI",0001367859-26-000017
0001831631-26-000028:ldi-20251231.htm,"loanDepot, Inc.  (LDI)  (CIK 0001831631)",0001831631,10-K,2026-03-12,2025-12-31,"Irvine, CA",0001831631-26-000028
0000355948-26-000002:rell-20260530.htm,"RICHARDSON ELECTRONICS, LTD.  (RELL)  (CIK 0000355948)",0000355948,10-K,2026-08-03,2026-05-30,"Lafox, IL",0000355948-26-000002
0001193125-26-057101:rmbs-20251231.htm,RAMBUS INC  (RMBS)  (CIK 0000917273),0000917273,10-K,2026-02-18,2025-12-31,"San Jose, CA",0001193125-26-057101
0001104659-26-024613:cznc-20251231x10k.htm,CITIZENS & NORTHERN CORP  (CZNC)  (CIK 0000810958),0000810958,10-K,2026-03-06,2025-12-31,"Wellsboro, PA",0001104659-26-024613
0001437749-26-018542:amsc20260331_10k.htm,AMERICAN SUPERCONDUCTOR CORP /DE/  (AMSC)  (CIK 0000880807),0000880807,10-K,2026-05-27,2026-03-31,"Devens, MA",0001437749-26-018542
0001193125-26-091756:ck0001950976-20251231.htm,"26North BDC, Inc.  (CIK 0001950976)",0001950976,10-K,2026-03-04,2025-12-31,"New York, NY",0001193125-26-091756
0001628280-26-009770:fnd-20251225.htm,"Floor & Decor Holdings, Inc.  (FND)  (CIK 0001507079)",0001507079,10-K,2026-02-19,2025-12-25,"Atlanta, GA",0001628280-26-009770
0001628280-26-012254:xyz-20251231.htm,"Block, Inc.  (XYZ, BSQKZ)  (CIK 0001512673)",0001512673,10-K,2026-02-26,2025-12-31,"Oakland, CA",0001628280-26-012254
0001831651-26-000021:shls-20251231.htm,"Shoals Technologies Group, Inc.  (SHLS)  (CIK 0001831651)",0001831651,10-K,2026-02-24,2025-12-31,"Portland, TN",0001831651-26-000021
0001828016-26-000010:playtika-20251231.htm,Playtika Holding Corp.  (PLTK)  (CIK 0001828016),0001828016,10-K,2026-02-26,2025-12-31,"Herzliya Pituarch, L3",0001828016-26-000010
0001577526-26-000078:ai-20260430.htm,"C3.ai, Inc.  (AI)  (CIK 0001577526)",0001577526,10-K,2026-06-24,2026-04-30,"Redwood City, CA",0001577526-26-000078
0001336047-26-000004:bwp-20251231.htm,"Boardwalk Pipeline Partners, LP  (CIK 0001336047)",0001336047,10-K,2026-02-10,2025-12-31,"Houston, TX",0001336047-26-000004
0000772406-26-000018:crus-20260328.htm,"CIRRUS LOGIC, INC.  (CRUS)  (CIK 0000772406)",0000772406,10-K,2026-05-21,2026-03-28,"Austin, TX",0000772406-26-000018
0001193125-26-093976:mgx-20251231.htm,"Metagenomi Therapeutics, Inc.  (MGX)  (CIK 0001785279)",0001785279,10-K,2026-03-05,2025-12-31,"Emeryville, CA",0001193125-26-093976
0001628280-26-015637:omda-20251231.htm,"Omada Health, Inc.  (OMDA)  (CIK 0001611115)",0001611115,10-K,2026-03-06,2025-12-31,"South San Francisco, CA",0001628280-26-015637
0001193125-26-119957:pl-20260131.htm,"Planet Labs PBC  (PL, PL-WT)  (CIK 0001836833)",0001836833,10-K,2026-03-23,2026-01-31,"San Francisco, CA",0001193125-26-119957
0001104659-26-020532:ttec-20251231x10k.htm,"TTEC Holdings, Inc.  (TTEC)  (CIK 0001013880)",0001013880,10-K,2026-02-26,2025-12-31,"Austin, TX",0001104659-26-020532
0001298946-26-000013:drh-20251231.htm,DiamondRock Hospitality Co  (DRH)  (CIK 0001298946),0001298946,10-K,2026-02-27,2025-12-31,"Bethesda, MD",0001298946-26-000013
0001213900-26-026653:ea0277755-10k_realpha.htm,reAlpha Tech Corp.  (AIRE)  (CIK 0001859199),0001859199,10-K,2026-03-12,2025-12-31,"Dublin, OH",0001213900-26-026653
0001193125-26-066961:tem-20251231.htm,"Tempus AI, Inc.  (TEM)  (CIK 0001717115)",0001717115,10-K,2026-02-24,2025-12-31,"Chicago, IL",0001193125-26-066961
0000059478-26-000013:lly-20251231.htm,ELI LILLY & Co  (LLY)  (CIK 0000059478),0000059478,10-K,2026-02-12,2025-12-31,"Indianapolis, IN",0000059478-26-000013
0002019410-26-000016:cai-20251231.htm,"Caris Life Sciences, Inc.  (CAI)  (CIK 0002019410)",0002019410,10-K,2026-03-03,2025-12-31,"Irving, TX",0002019410-26-000016
0001689375-26-000011:trda-20251231.htm,"Entrada Therapeutics, Inc.  (TRDA)  (CIK 0001689375)",0001689375,10-K,2026-02-26,2025-12-31,"Boston, MA",0001689375-26-000011
0001213900-26-018858:ea0275540-10k_evolution.htm,Evolution Metals & Technologies Corp.  (EMAT)  (CIK 0001866226),0001866226,10-K,2026-02-20,2025-12-31,"West Palm Beach, FL",0001213900-26-018858
0001193125-26-072618:saro-20251231.htm,"StandardAero, Inc.  (SARO)  (CIK 0002025410)",0002025410,10-K,2026-02-26,2025-12-31,"Scottsdale, AZ",0001193125-26-072618
0001390777-26-000033:bk-20251231.htm,"Bank of New York Mellon Corp  (BK, BK-PK)  (CIK 0001390777)",0001390777,10-K,2026-02-25,2025-12-31,"New York, NY",0001390777-26-000033
0001104659-26-044467:cntm-20251231x10k.htm,"ConnectM Technology Solutions, Inc.  (CNTM)  (CIK 0001895249)",0001895249,10-K,2026-04-16,2025-12-31,"Marlborough, MA",0001104659-26-044467
0001758730-26-000015:twm-2025x12x31xexx1073.htm,Tradeweb Markets Inc.  (TW)  (CIK 0001758730),0001758730,10-K,2026-02-05,2025-12-31,"New York, NY",0001758730-26-000015
0001628280-26-028608:pgy-20251231.htm,"Pagaya Technologies Ltd.  (PGY, PGYWW)  (CIK 0001883085)",0001883085,10-K/A,2026-04-30,2025-12-31,"New York, NY",0001628280-26-028608
0001802768-26-000003:rprx-20251231.htm,Royalty Pharma plc  (RPRX)  (CIK 0001802768),0001802768,10-K,2026-02-11,2025-12-31,"New York, NY",0001802768-26-000003
0001628280-26-017319:gral-20251231.htm,"GRAIL, Inc.  (GRAL)  (CIK 0001699031)",0001699031,10-K,2026-03-12,2025-12-31,"Menlo Park, CA",0001628280-26-017319
0001104659-26-017884:ssb-20251231x10k.htm,SouthState Bank Corp  (SSB)  (CIK 0000764038),0000764038,10-K,2026-02-20,2025-12-31,"Winter Haven, FL",0001104659-26-017884
0001493152-26-009479:form10-k.htm,"Inspired Entertainment, Inc.  (INSE)  (CIK 0001615063)",0001615063,10-K,2026-03-10,2025-12-31,"New York, NY",0001493152-26-009479
0001193125-26-091536:pepg-20251231.htm,PepGen Inc.  (PEPG)  (CIK 0001835597),0001835597,10-K,2026-03-04,2025-12-31,"Boston, MA",0001193125-26-091536
0001082554-26-000006:uthr-20251231.htm,UNITED THERAPEUTICS Corp  (UTHR)  (CIK 0001082554),0001082554,10-K,2026-02-25,2025-12-31,"Silver Spring, MD",0001082554-26-000006
0001794783-26-000057:slqt-20260630.htm,"SelectQuote, Inc.  (SLQT)  (CIK 0001794783)",0001794783,10-K,2026-08-25,2026-06-30,"Overland Park, KS",0001794783-26-000057
0001193125-26-092443:pdyn-20251231.htm,"Palladyne AI Corp.  (PDYN, PDYNW)  (CIK 0001826681)",0001826681,10-K,2026-03-05,2025-12-31,"Salt Lake City, UT",0001193125-26-092443
0001857816-26-000018:gct-20251231.htm,GigaCloud Technology Inc  (GCT)  (CIK 0001857816),0001857816,10-K,2026-02-26,2025-12-31,"El Monte, CA",0001857816-26-000018
0001628280-26-012787:sbcf-20251231.htm,SEACOAST BANKING CORP OF FLORIDA  (SBCF)  (CIK 0000730708),0000730708,10-K,2026-02-27,2025-12-31,"Stuart, FL",0001628280-26-012787
0001390478-26-000003:sls-20251231.htm,"SELLAS Life Sciences Group, Inc.  (SLS)  (CIK 0001390478)",0001390478,10-K,2026-03-19,2025-12-31,"New York, NY",0001390478-26-000003
0001571996-26-000008:dell-20260130.htm,Dell Technologies Inc.  (DELL)  (CIK 0001571996),0001571996,10-K,2026-03-16,2026-01-30,"Round Rock, TX",0001571996-26-000008
0001193125-26-060669:cxw-20251231.htm,"CoreCivic, Inc.  (CXW)  (CIK 0001070985)",0001070985,10-K,2026-02-20,2025-12-31,"Brentwood, TN",0001193125-26-060669
0000837465-26-000010:modg-20251231.htm,Callaway Golf Co  (CALY)  (CIK 0000837465),0000837465,10-K,2026-02-27,2025-12-31,"Carlsbad, CA",0000837465-26-000010
0001437749-26-006391:tdw20251231_10k.htm,"TIDEWATER INC  (TDW, TDDWW, TDGMW)  (CIK 0000098222)",0000098222,10-K,2026-03-02,2025-12-31,"Houston, TX",0001437749-26-006391
0001628280-26-006516:be-20251231.htm,Bloom Energy Corp  (BE)  (CIK 0001664703),0001664703,10-K,2026-02-09,2025-12-31,"San Jose, CA",0001628280-26-006516
0000726601-26-000007:ccbg-20251231.htm,CAPITAL CITY BANK GROUP INC  (CCBG)  (CIK 0000726601),0000726601,10-K,2026-02-27,2025-12-31,"Tallahassee, FL",0000726601-26-000007
0001595974-26-000007:mgni-20251231.htm,"MAGNITE, INC.  (MGNI)  (CIK 0001595974)",0001595974,10-K,2026-02-25,2025-12-31,"New York, NY",0001595974-26-000007
0001628280-26-009921:pbi-20251231.htm,"PITNEY BOWES INC /DE/  (PBI, PBI-PB)  (CIK 0000078814)",0000078814,10-K/A,2026-02-20,2025-12-31,"Shelton, CT",0001628280-26-009921
0001104659-26-040562:smtk-20251231x10k.htm,"SmartKem, Inc.  (SMTK)  (CIK 0001817760)",0001817760,10-K,2026-04-08,2025-12-31,Manchester,0001104659-26-040562
0001166003-26-000016:xpo-20251231.htm,"XPO, Inc.  (XPO)  (CIK 0001166003)",0001166003,10-K,2026-02-05,2025-12-31,"Greenwich, CT",0001166003-26-000016
0001472375-26-000109:ixform10k.htm,Agassi Sports Entertainment Corp.  (AASP)  (CIK 0000930245),0000930245,10-K,2026-03-31,2025-12-31,"Las Vegas, NV",0001472375-26-000109
0001679688-26-000021:dbrg-20251231.htm,"DigitalBridge Group, Inc.  (DBRG, DBRG-PH, DBRG-PI, DBRG-PJ)  (CIK 0001679688)",0001679688,10-K,2026-02-26,2025-12-31,"Boca Raton, FL",0001679688-26-000021
0001193125-26-115952:tygo-20251231.htm,"TIGO ENERGY, INC.  (TYGO)  (CIK 0001855447)",0001855447,10-K,2026-03-19,2025-12-31,"Los Gatos, CA",0001193125-26-115952
0000091419-26-000050:sjm-20260430.htm,J M SMUCKER Co  (SJM)  (CIK 0000091419),0000091419,10-K,2026-06-09,2026-04-30,"Orrville, OH",0000091419-26-000050
0001529628-26-000006:snd-20251231.htm,"Smart Sand, Inc.  (SND)  (CIK 0001529628)",0001529628,10-K,2026-02-26,2025-12-31,"Yardley, PA",0001529628-26-000006
0001628280-26-016084:tree-20251231.htm,"LendingTree, Inc.  (TREE)  (CIK 0001434621)",0001434621,10-K,2026-03-09,2025-12-31,"Charlotte, NC",0001628280-26-016084
0001193125-26-096453:d70902d10k1.pdf,Blackstone Infrastructure Strategies L.P.  (CIK 0002030772),0002030772,10-K,2026-03-06,2025-12-31,"New York, NY",0001193125-26-096453
0001193125-26-071523:fbiz-20251231.htm,"FIRST BUSINESS FINANCIAL SERVICES, INC.  (FBIZ)  (CIK 0001521951)",0001521951,10-K,2026-02-25,2025-12-31,"Madison, WI",0001193125-26-071523
0001193125-26-104080:beat-20251231.htm,"HeartBeam, Inc.  (BEAT, BEATW)  (CIK 0001779372)",0001779372,10-K,2026-03-12,2025-12-31,"Santa Clara, CA",0001193125-26-104080
0001437749-26-007330:ebmt20251231_10k.htm,"Eagle Bancorp Montana, Inc.  (EBMT)  (CIK 0001478454)",0001478454,10-K,2026-03-09,2025-12-31,"Helena, MT",0001437749-26-007330
0000038009-26-000010:fmcc-20251231.htm,FORD MOTOR CREDIT CO LLC  (CIK 0000038009),0000038009,10-K,2026-02-11,2025-12-31,"Dearborn, MI",0000038009-26-000010
0001213900-26-036485:ea0283148-10k_myseum.htm,"Myseum, Inc.  (MYSE, MYSEW)  (CIK 0001648960)",0001648960,10-K,2026-03-30,2025-12-31,"New Brunswick, NJ",0001213900-26-036485
0001493152-26-012945:form10-k.htm,Worksport Ltd  (WKSP)  (CIK 0001096275),0001096275,10-K,2026-03-26,2025-12-31,"West Seneca, NY",0001493152-26-012945
0001740332-26-000005:rezi-20251231.htm,"RESIDEO TECHNOLOGIES, INC.  (REZI)  (CIK 0001740332)",0001740332,10-K,2026-02-24,2025-12-31,"Austin, TX",0001740332-26-000005
0001104659-26-020831:mnst-20251231x10k.htm,Monster Beverage Corp  (MNST)  (CIK 0000865752),0000865752,10-K,2026-02-27,2025-12-31,"Corona, CA",0001104659-26-020831
0001569345-26-000015:cxm-20260131.htm,"Sprinklr, Inc.  (CXM)  (CIK 0001569345)",0001569345,10-K,2026-03-19,2026-01-31,"New York, NY",0001569345-26-000015
0001193125-26-071307:rvlv-20251231.htm,"Revolve Group, Inc.  (RVLV)  (CIK 0001746618)",0001746618,10-K,2026-02-25,2025-12-31,"Cerritos, CA",0001193125-26-071307
0000896159-26-000005:cb-20251231.htm,Chubb Ltd  (CB)  (CIK 0000896159),0000896159,10-K,2026-02-27,2025-12-31,"Zurich, V8",0000896159-26-000005
0001193125-26-064756:d66072d10k.htm,LANDSTAR SYSTEM INC  (LSTR)  (CIK 0000853816),0000853816,10-K,2026-02-24,2025-12-27,"Jacksonville, FL",0001193125-26-064756
0001637207-26-000011:plnt-20251231.htm,"Planet Fitness, Inc.  (PLNT)  (CIK 0001637207)",0001637207,10-K,2026-02-25,2025-12-31,"Hampton, NH",0001637207-26-000011
0001822966-26-000018:smr-20251231.htm,NUSCALE POWER Corp  (SMR)  (CIK 0001822966),0001822966,10-K,2026-02-26,2025-12-31,"Corvallis, OR",0001822966-26-000018
0001784254-26-000009:mdia-20251231.htm,Mediaco Holding Inc.  (MDIA)  (CIK 0001784254),0001784254,10-K,2026-03-31,2025-12-31,"New York, NY",0001784254-26-000009
0001289490-26-000011:exr-20251231.htm,Extra Space Storage Inc.  (EXR)  (CIK 0001289490),0001289490,10-K,2026-02-20,2025-12-31,"Salt Lake City, UT",0001289490-26-000011
0001193125-26-087747:hlio-20260103.htm,"HELIOS TECHNOLOGIES, INC.  (HLIO)  (CIK 0001024795)",0001024795,10-K,2026-03-03,2026-01-03,"Sarasota, FL",0001193125-26-087747
0000749251-26-000112:it-20251231.htm,GARTNER INC  (IT)  (CIK 0000749251),0000749251,10-K,2026-02-12,2025-12-31,"Stamford, CT",0000749251-26-000112
0001535929-26-000043:voya-20251231.htm,"Voya Financial, Inc.  (VOYA, VOYA-PB)  (CIK 0001535929)",0001535929,10-K,2026-02-20,2025-12-31,"New York, NY",0001535929-26-000043
0001551182-26-000007:etn-20251231.htm,Eaton Corp plc  (ETN)  (CIK 0001551182),0001551182,10-K,2026-02-26,2025-12-31,"Dublin, L2",0001551182-26-000007
0001069258-26-000013:ktos-20251228.htm,"KRATOS DEFENSE & SECURITY SOLUTIONS, INC.  (KTOS)  (CIK 0001069258)",0001069258,10-K,2026-02-23,2025-12-28,"San Diego, CA",0001069258-26-000013
0001140361-26-009383:fmcb-20251231.htm,FARMERS & MERCHANTS BANCORP  (FMCB)  (CIK 0001085913),0001085913,10-K,2026-03-13,2025-12-31,"Lodi, CA",0001140361-26-009383
0001628280-26-018160:gety-20251231.htm,"Getty Images Holdings, Inc.  (GETY)  (CIK 0001898496)",0001898496,10-K,2026-03-16,2025-12-31,"Seattle, WA",0001628280-26-018160
0001000228-26-000013:hsic-20251227.htm,HENRY SCHEIN INC  (HSIC)  (CIK 0001000228),0001000228,10-K,2026-02-24,2025-12-27,"Melville, NY",0001000228-26-000013
0001104659-26-019435:sldp-20251231x10k.htm,"Solid Power, Inc.  (SLDP, SLDPW)  (CIK 0001844862)",0001844862,10-K,2026-02-25,2025-12-31,"Louisville, CO",0001104659-26-019435
0001628280-26-009650:pbi-20251231.htm,"PITNEY BOWES INC /DE/  (PBI, PBI-PB)  (CIK 0000078814)",0000078814,10-K,2026-02-19,2025-12-31,"Shelton, CT",0001628280-26-009650
0001104659-26-017530:fix-20251231x10k.htm,COMFORT SYSTEMS USA INC  (FIX)  (CIK 0001035983),0001035983,10-K,2026-02-19,2025-12-31,"Houston, TX",0001104659-26-017530
0001034054-26-000002:sbac-20251231x10k.htm,SBA COMMUNICATIONS CORP  (SBAC)  (CIK 0001034054),0001034054,10-K,2026-02-27,2025-12-31,"Boca Raton, FL",0001034054-26-000002
0001044777-26-000008:ospn-20251231.htm,OneSpan Inc.  (OSPN)  (CIK 0001044777),0001044777,10-K,2026-02-26,2025-12-31,"Boston, MA",0001044777-26-000008
0001544522-26-000036:frsh-20251231.htm,Freshworks Inc.  (FRSH)  (CIK 0001544522),0001544522,10-K,2026-02-26,2025-12-31,"San Mateo, CA",0001544522-26-000036
0001633917-26-000024:pypl-20251231.htm,"PayPal Holdings, Inc.  (PYPL)  (CIK 0001633917)",0001633917,10-K,2026-02-03,2025-12-31,"San Jose, CA",0001633917-26-000024
0001547903-26-000011:nmih-20251231.htm,"NMI Holdings, Inc.  (NMIH)  (CIK 0001547903)",0001547903,10-K,2026-02-12,2025-12-31,"Emeryville, CA",0001547903-26-000011
0001193125-26-076546:cars-20251231.htm,Cars.com Inc.  (CARS)  (CIK 0001683606),0001683606,10-K,2026-02-26,2025-12-31,"Chicago, IL",0001193125-26-076546
0001104659-26-019711:veco-20251231x10k.htm,VEECO INSTRUMENTS INC  (VECO)  (CIK 0000103145),0000103145,10-K,2026-02-25,2025-12-31,"Plainview, NY",0001104659-26-019711
0001214659-26-004112:rpmt-20251231.htm,"REGO PAYMENT ARCHITECTURES, INC.  (RPMT)  (CIK 0001437283)",0001437283,10-K,2026-03-31,2025-12-31,"Blue Bell, PA",0001214659-26-004112
0001193125-26-059575:kalu-20251231.htm,KAISER ALUMINUM CORP  (KALU)  (CIK 0000811596),0000811596,10-K,2026-02-19,2025-12-31,"Franklin, TN",0001193125-26-059575
0001493152-26-040851:form10-k.htm,BIOMERICA INC  (BMRA)  (CIK 0000073290),0000073290,10-K,2026-08-31,2026-05-31,"Irvine, CA",0001493152-26-040851
0001058090-26-000009:cmg-20251231.htm,CHIPOTLE MEXICAN GRILL INC  (CMG)  (CIK 0001058090),0001058090,10-K,2026-02-04,2025-12-31,"Newport Beach, CA",0001058090-26-000009
0000080035-26-000007:plpc-20251231.htm,PREFORMED LINE PRODUCTS CO  (PLPC)  (CIK 0000080035),0000080035,10-K,2026-03-05,2025-12-31,"Cleveland, OH",0000080035-26-000007
0001493152-26-013681:form10-k.htm,"OneMedNet Corp  (ONMD, ONMDW)  (CIK 0001849380)",0001849380,10-K,2026-03-30,2025-12-31,"Surrey, X0",0001493152-26-013681
0001860742-26-000007:blco-20251231.htm,Bausch & Lomb Corp  (BLCO)  (CIK 0001860742),0001860742,10-K,2026-02-18,2025-12-31,"Vaughan, A6",0001860742-26-000007
0001579241-26-000007:alle-20251231.htm,Allegion plc  (ALLE)  (CIK 0001579241),0001579241,10-K,2026-02-17,2025-12-31,Dublin 7,0001579241-26-000007
0001628280-26-011212:pstl-20251231.htm,"Postal Realty Trust, Inc.  (PSTL)  (CIK 0001759774)",0001759774,10-K,2026-02-24,2025-12-31,"Cedarhurst, NY",0001628280-26-011212
0001493152-26-012679:form10-k.htm,"REED'S, INC.  (REED)  (CIK 0001140215)",0001140215,10-K,2026-03-25,2025-12-31,"Norwalk, CT",0001493152-26-012679
0000065270-26-000031:mei-20260502.htm,METHODE ELECTRONICS INC  (MEI)  (CIK 0000065270),0000065270,10-K,2026-06-24,2026-05-02,"Southfiled, MI",0000065270-26-000031
0001493152-26-014131:form10-k.htm,"Shuttle Pharmaceuticals Holdings, Inc.  (SHPH)  (CIK 0001757499)",0001757499,10-K,2026-03-31,2025-12-31,"Gaithersburg, MD",0001493152-26-014131
0001213900-26-044110:ea0286026-10k_versus.htm,Versus Systems Inc.  (VS)  (CIK 0001701963),0001701963,10-K,2026-04-15,2025-12-31,Vancouver,0001213900-26-044110
0000277135-26-000011:gww-20251231.htm,"W.W. GRAINGER, INC.  (GWW)  (CIK 0000277135)",0000277135,10-K,2026-02-19,2025-12-31,"Lake Forest, IL",0000277135-26-000011
0001628280-26-017376:skin-20251231.htm,Beauty Health Co  (SKIN)  (CIK 0001818093),0001818093,10-K,2026-03-12,2025-12-31,"Long Beach, CA",0001628280-26-017376
0001437749-26-024337:hscs20260430_10k.htm,"HeartSciences Inc.  (HSCS, HSCSW)  (CIK 0001468492)",0001468492,10-K,2026-07-23,2026-04-30,"Southlake, TX",0001437749-26-024337
0000015615-26-000020:mtz-20251231.htm,MASTEC INC  (MTZ)  (CIK 0000015615),0000015615,10-K,2026-02-26,2025-12-31,"Coral Gables, FL",0000015615-26-000020
0001592386-26-000009:virt-20251231.htm,"Virtu Financial, Inc.  (VIRT)  (CIK 0001592386)",0001592386,10-K,2026-02-20,2025-12-31,"New York, NY",0001592386-26-000009
0001193125-26-110783:trvi-20251231.htm,"Trevi Therapeutics, Inc.  (TRVI)  (CIK 0001563880)",0001563880,10-K,2026-03-17,2025-12-31,"New Haven, CT",0001193125-26-110783
0001140361-26-012030:ef20060644_10k.htm,PDS Biotechnology Corp  (PDSB)  (CIK 0001472091),0001472091,10-K,2026-03-30,2025-12-31,"Princeton, NJ",0001140361-26-012030
0001488813-26-000029:cubi-20251231.htm,"Customers Bancorp, Inc.  (CUBB, CUBI)  (CIK 0001488813)",0001488813,10-K,2026-02-27,2025-12-31,"West Reading, PA",0001488813-26-000029
0001193125-26-076496:umbf-20251231.htm,"UMB FINANCIAL CORP  (UMBF, UMBFO)  (CIK 0000101382)",0000101382,10-K,2026-02-26,2025-12-31,"Kansas City, MO",0001193125-26-076496
0001043219-26-000013:nly-20251231.htm,"ANNALY CAPITAL MANAGEMENT INC  (NLY, NLY-PF, NLY-PG, NLY-PI, NLY-PJ)  (CIK 0001043219)",0001043219,10-K,2026-02-12,2025-12-31,"New York, NY",0001043219-26-000013
0001193125-26-134920:ck0002032020-20251231.htm,EQT Private Equity Co LLC  (CIK 0002032020),0002032020,10-K,2026-03-31,2025-12-31,"New York, NY",0001193125-26-134920
0001193125-26-085102:vicr-20251231.htm,VICOR CORP  (VICR)  (CIK 0000751978),0000751978,10-K,2026-03-02,2025-12-31,"Andover, MA",0001193125-26-085102
0001104659-26-026759:ipsc-20251231x10k.htm,"Century Therapeutics, Inc.  (IPSC)  (CIK 0001850119)",0001850119,10-K,2026-03-12,2025-12-31,"Philadelphia, PA",0001104659-26-026759
0001104659-26-034554:pmn-20251231x10k.htm,ProMIS Neurosciences Inc.  (PMN)  (CIK 0001374339),0001374339,10-K,2026-03-25,2025-12-31,"Toronto, A6",0001104659-26-034554
0001140361-26-010895:ef20060835_10k.htm,VirnetX Holding Corp  (VHC)  (CIK 0001082324),0001082324,10-K,2026-03-24,2025-12-31,"Zephyr Cove, NV",0001140361-26-010895
0001617242-26-000020:krny-20260630.htm,Kearny Financial Corp.  (KRNY)  (CIK 0001617242),0001617242,10-K,2026-08-21,2026-06-30,"Fairfield, NJ",0001617242-26-000020
0001603015-26-000008:via-20251231.htm,"Via Transportation, Inc.  (VIA)  (CIK 0001603015)",0001603015,10-K,2026-03-06,2025-12-31,"New York, NY",0001603015-26-000008
0001051512-26-000011:tds-20251231.htm,"TELEPHONE & DATA SYSTEMS INC /DE/  (TDS, TDS-PU, TDS-PV)  (CIK 0001051512)",0001051512,10-K,2026-02-24,2025-12-31,"Chicago, IL",0001051512-26-000011
0001193125-26-120769:note-20251231.htm,"FiscalNote Holdings, Inc.  (NOTE, NOTE-WT)  (CIK 0001823466)",0001823466,10-K,2026-03-24,2025-12-31,"Washington, DC",0001193125-26-120769
0001628280-26-022376:afy26ex1019-cnhaustraliade.htm,Titan Machinery Inc.  (TITN)  (CIK 0001409171),0001409171,10-K,2026-03-31,2026-01-31,"West Fargo, ND",0001628280-26-022376
0001193125-26-357097:flxs-20260630.htm,FLEXSTEEL INDUSTRIES INC  (FLXS)  (CIK 0000037472),0000037472,10-K,2026-08-19,2026-06-30,"Dubuque, IA",0001193125-26-357097
0000230557-26-000006:sigi-20251231.htm,"SELECTIVE INSURANCE GROUP INC  (SIGI, SIGIP)  (CIK 0000230557)",0000230557,10-K,2026-02-09,2025-12-31,"Branchville, NJ",0000230557-26-000006
0000934612-26-000004:bni-20251231.htm,"BURLINGTON NORTHERN SANTA FE, LLC  (CIK 0000934612)",0000934612,10-K,2026-03-02,2025-12-31,"Ft Worth, TX",0000934612-26-000004
0001477720-26-000021:asan-20260131.htm,"Asana, Inc.  (ASAN)  (CIK 0001477720)",0001477720,10-K,2026-03-13,2026-01-31,"San Francisco, CA",0001477720-26-000021
0001140361-26-006550:ef20060825_10k.htm,TANDY LEATHER FACTORY INC  (TLF)  (CIK 0000909724),0000909724,10-K,2026-02-24,2025-12-31,"Ft Worth, TX",0001140361-26-006550
0001835632-26-000011:mrvl-20260131.htm,"Marvell Technology, Inc.  (MRVL)  (CIK 0001835632)",0001835632,10-K,2026-03-11,2026-01-31,"Wilmington, DE",0001835632-26-000011
0001193125-26-114051:oss-20251231.htm,"ONE STOP SYSTEMS, INC.  (OSS)  (CIK 0001394056)",0001394056,10-K,2026-03-18,2025-12-31,"Escondido, CA",0001193125-26-114051
0001628280-26-018731:gtlb-20260131.htm,Gitlab Inc.  (GTLB)  (CIK 0001653482),0001653482,10-K,2026-03-17,2026-01-31,"San Francisco, CA",0001628280-26-018731
0001874315-26-000013:satl-20251231.htm,"Satellogic Inc.  (SATL, SATLW)  (CIK 0001874315)",0001874315,10-K,2026-03-19,2025-12-31,"Davidson, NC",0001874315-26-000013
0001193125-26-134934:hcwb-20251231.htm,HCW Biologics Inc.  (HCWB)  (CIK 0001828673),0001828673,10-K,2026-03-31,2025-12-31,"Miramar, FL",0001193125-26-134934
0000083246-26-000005:hsbcusa-20251231.htm,HSBC USA INC /MD/  (CIK 0000083246),0000083246,10-K,2026-02-25,2025-12-31,"New York, NY",0000083246-26-000005
0001051470-26-000016:cci-20251231.htm,CROWN CASTLE INC.  (CCI)  (CIK 0001051470),0001051470,10-K,2026-02-23,2025-12-31,"Houston, TX",0001051470-26-000016
0001193125-26-076745:ssnc-20251231.htm,SS&C Technologies Holdings Inc  (SSNC)  (CIK 0001402436),0001402436,10-K,2026-02-26,2025-12-31,"Windsor, CT",0001193125-26-076745
0000827054-26-000016:mchp-20260331.htm,"MICROCHIP TECHNOLOGY INC  (MCHP, MCHPP)  (CIK 0000827054)",0000827054,10-K,2026-05-21,2026-03-31,"Chandler, AZ",0000827054-26-000016
0000899051-26-000031:all-20251231.htm,"ALLSTATE CORP  (ALL, ALL-PB, ALL-PH, ALL-PI, ALL-PJ)  (CIK 0000899051)",0000899051,10-K,2026-02-20,2025-12-31,"Northbrook, IL",0000899051-26-000031
0001213900-26-026501:ea0276741-10k_newera.htm,"New ERA Energy & Digital, Inc.  (NUAI, NUAIW)  (CIK 0002028336)",0002028336,10-K,2026-03-12,2025-12-31,"Midland, TX",0001213900-26-026501
0001254699-26-000004:qvc-20251231.htm,"QVC INC  (QVCC, QVCD)  (CIK 0001254699)",0001254699,10-K,2026-04-15,2025-12-31,,0001254699-26-000004
0001650164-26-000057:tost-20251231.htm,"Toast, Inc.  (TOST)  (CIK 0001650164)",0001650164,10-K,2026-02-18,2025-12-31,"Boston, MA",0001650164-26-000057
0001493152-26-014229:form10-k.htm,Nomadar Corp.  (NOMA)  (CIK 0001994214),0001994214,10-K,2026-03-31,2025-12-31,"Marshall, TX",0001493152-26-014229
0001477932-26-001536:mojo_10k.htm,EQUATOR Beverage Co  (MOJO)  (CIK 0001414953),0001414953,10-K,2026-03-23,2025-12-31,"Jersey City, NJ",0001477932-26-001536
0001193125-26-046646:hubs-20251231.htm,HUBSPOT INC  (HUBS)  (CIK 0001404655),0001404655,10-K,2026-02-11,2025-12-31,"Cambridge, MA",0001193125-26-046646
0001437749-26-012069:ekso20251231_10ka.htm,"EKSO BIONICS HOLDINGS, INC.  (EKSO)  (CIK 0001549084)",0001549084,10-K/A,2026-04-10,2025-12-31,"San Rafael, CA",0001437749-26-012069
0001628280-26-009038:rely-20251231.htm,"Remitly Global, Inc.  (RELY)  (CIK 0001782170)",0001782170,10-K,2026-02-18,2025-12-31,"Seattle, WA",0001628280-26-009038
0001213900-26-007545:ea0265891-10k_triller.htm,Triller Group Inc.  (CIK 0001769624),0001769624,10-K,2026-01-26,2024-12-31,"Los Angeles, CA",0001213900-26-007545
0001193125-26-124396:atos-20251231.htm,"ATOSSA THERAPEUTICS, INC.  (ATOS)  (CIK 0001488039)",0001488039,10-K,2026-03-25,2025-12-31,"Seattle, WA",0001193125-26-124396
0000351569-26-000050:abcb-20251231.htm,Ameris Bancorp  (ABCB)  (CIK 0000351569),0000351569,10-K,2026-02-26,2025-12-31,"Atlanta, GA",0000351569-26-000050
0001193125-26-051433:eqr-20251231.htm,"EQUITY RESIDENTIAL  (EQR)  (CIK 0000906107), ERP OPERATING LTD PARTNERSHIP  (CIK 0000931182)","0000906107, 0000931182",10-K,2026-02-13,2025-12-31,"Chicago, IL, Chicago, IL",0001193125-26-051433
0001104659-26-019676:joe-20251231x10k.htm,ST JOE Co  (JOE)  (CIK 0000745308),0000745308,10-K,2026-02-25,2025-12-31,"Panama City Beach, FL",0001104659-26-019676
0001370637-26-000019:etsy-20251231.htm,ETSY INC  (ETSY)  (CIK 0001370637),0001370637,10-K,2026-02-19,2025-12-31,"Brooklyn, NY",0001370637-26-000019
0001193125-26-046028:bkh-20251231.htm,BLACK HILLS CORP /SD/  (BKH)  (CIK 0001130464),0001130464,10-K,2026-02-11,2025-12-31,"Rapid City, SD",0001193125-26-046028
0001193125-26-044918:diod-20251231.htm,DIODES INC /DEL/  (DIOD)  (CIK 0000029002),0000029002,10-K,2026-02-10,2025-12-31,"Plano, TX",0001193125-26-044918
0001459839-26-000036:sibn-20251231.htm,"SI-BONE, Inc.  (SIBN)  (CIK 0001459839)",0001459839,10-K,2026-02-24,2025-12-31,"Santa Clara, CA",0001459839-26-000036
0001505155-26-000007:upld-20251231.htm,"Upland Software, Inc.  (UPLD)  (CIK 0001505155)",0001505155,10-K,2026-03-03,2025-12-31,"Austin, TX",0001505155-26-000007
0001193125-26-104547:nktr-20251231.htm,NEKTAR THERAPEUTICS  (NKTR)  (CIK 0000906709),0000906709,10-K,2026-03-13,2025-12-31,"San Francisco, CA",0001193125-26-104547
0001437749-26-012430:mtex20251231_10k.htm,MANNATECH INC  (MTEX)  (CIK 0001056358),0001056358,10-K,2026-04-15,2025-12-31,"Flower Mound, TX",0001437749-26-012430
0001529274-26-000009:alk-20251231.htm,"ALKAMI TECHNOLOGY, INC.  (ALKT)  (CIK 0001529274)",0001529274,10-K,2026-02-26,2025-12-31,"Plano, TX",0001529274-26-000009
0001306830-26-000031:ce-20251231.htm,Celanese Corp  (CE)  (CIK 0001306830),0001306830,10-K,2026-02-24,2025-12-31,"Irving, TX",0001306830-26-000031
0001158463-26-000007:jblu-20251231.htm,JETBLUE AIRWAYS CORP  (JBLU)  (CIK 0001158463),0001158463,10-K,2026-02-12,2025-12-31,"Long Island City, NY",0001158463-26-000007
0001286139-26-000012:lz-20251231.htm,"LEGALZOOM.COM, INC.  (LZ)  (CIK 0001286139)",0001286139,10-K,2026-02-23,2025-12-31,"Mountain View, CA",0001286139-26-000012
0001437749-26-007758:lcnb20251231_10k.htm,LCNB CORP  (LCNB)  (CIK 0001074902),0001074902,10-K,2026-03-11,2025-12-31,"Lebanon, OH",0001437749-26-007758
0001213900-26-037417:ea0281617-10k_mawson.htm,Mawson Infrastructure Group Inc.  (MIGI)  (CIK 0001218683),0001218683,10-K,2026-03-31,2025-12-31,"Midland, PA",0001213900-26-037417
0001527469-26-000013:ahl-20251231.htm,"Athene Holding Ltd.  (ATHS, ATH-PA, ATH-PB, ATH-PD, ATH-PE)  (CIK 0001527469)",0001527469,10-K,2026-02-25,2025-12-31,"West Des Moines, IA",0001527469-26-000013
0001628280-26-012244:ftre-20251231.htm,Fortrea Holdings Inc.  (FTRE)  (CIK 0001965040),0001965040,10-K,2026-02-26,2025-12-31,"Durham, NC",0001628280-26-012244
0001628280-26-018218:hlly-20251231.htm,"Holley Inc.  (HLLY, HLLY-WT)  (CIK 0001822928)",0001822928,10-K,2026-03-16,2025-12-31,"Nashville, TN",0001628280-26-018218
0001193125-26-105064:shim-20260102.htm,Shimmick Corp  (SHIM)  (CIK 0001887944),0001887944,10-K,2026-03-13,2026-01-02,"Irvine, CA",0001193125-26-105064
0001084765-26-000051:rgp-20260530.htm,"RESOURCES CONNECTION, INC.  (RGP)  (CIK 0001084765)",0001084765,10-K,2026-07-24,2026-05-30,"Dallas, TX",0001084765-26-000051
0000917251-26-000013:adc-20251231.htm,"AGREE REALTY CORP  (ADC, ADC-PA)  (CIK 0000917251)",0000917251,10-K,2026-02-10,2025-12-31,"Royal Oak, MI",0000917251-26-000013
0001193125-26-135011:ck0002063196-20260131.htm,Netskope Inc  (NTSK)  (CIK 0002063196),0002063196,10-K,2026-03-31,2026-01-31,"Santa Clara, CA",0001193125-26-135011
0001193125-26-098531:myo-20251231.htm,"MYOMO, INC.  (MYO)  (CIK 0001369290)",0001369290,10-K,2026-03-09,2025-12-31,"Boston, MA",0001193125-26-098531
0001213900-26-043341:ea0283656-10k_triller.htm,"Triller Group Inc.  (ILLR, ILLRW)  (CIK 0001769624)",0001769624,10-K,2026-04-14,2025-12-31,"Los Angeles, CA",0001213900-26-043341
0001104659-26-028599:frst-20251231x10k.htm,Primis Financial Corp.  (FRST)  (CIK 0001325670),0001325670,10-K,2026-03-16,2025-12-31,"Mclean, VA",0001104659-26-028599
0001079973-26-000401:zpat_10k-123125.htm,"Zapata Quantum, Inc.  (ZPTA, ZPTAW)  (CIK 0001843714)",0001843714,10-K,2026-03-31,2025-12-31,"Boston, MA",0001079973-26-000401
0001213900-26-037499:ea0282013-10k_health.htm,HealthLynked Corp  (HLYK)  (CIK 0001680139),0001680139,10-K,2026-03-31,2025-12-31,"Naples, FL",0001213900-26-037499
0001111711-26-000027:nix-20251231.htm,NISOURCE INC.  (NI)  (CIK 0001111711),0001111711,10-K,2026-02-11,2025-12-31,"Merrillville, IN",0001111711-26-000027
0000014272-26-000004:bmy-20251231.htm,"BRISTOL MYERS SQUIBB CO  (BMY, BMYMP, CELG-RI)  (CIK 0000014272)",0000014272,10-K,2026-02-11,2025-12-31,"Princeton, NJ",0000014272-26-000004
0001104659-26-017561:rmax-20251231x10k.htm,"RE/MAX Holdings, Inc.  (RMAX)  (CIK 0001581091)",0001581091,10-K,2026-02-19,2025-12-31,"Denver, CO",0001104659-26-017561
0001193125-26-062397:ryi-20251231.htm,Ryerson Holding Corp  (RYI)  (CIK 0001481582),0001481582,10-K,2026-02-23,2025-12-31,"Chicago, IL",0001193125-26-062397
0001213900-26-044040:ea0285271-10k_cero.htm,"CERO THERAPEUTICS HOLDINGS, INC.  (CERO, CEROW)  (CIK 0001870404)",0001870404,10-K,2026-04-15,2025-12-31,"South San Francisco, CA",0001213900-26-044040
0000048287-26-000084:hni-20260103.htm,HNI CORP  (HNI)  (CIK 0000048287),0000048287,10-K,2026-03-03,2026-01-03,"Muscatine, IA",0000048287-26-000084
0000005513-26-000008:unm-20251231.htm,"Unum Group  (UNM, UNMA)  (CIK 0000005513)",0000005513,10-K,2026-02-17,2025-12-31,"Chattanooga, TN",0000005513-26-000008
0001493152-26-013324:form10-k.htm,"CISO Global, Inc.  (CISO)  (CIK 0001777319)",0001777319,10-K,2026-03-30,2025-12-31,"Scottsdale, AZ",0001493152-26-013324
0001833197-26-000017:swim-20251231.htm,"Latham Group, Inc.  (SWIM)  (CIK 0001833197)",0001833197,10-K,2026-03-04,2025-12-31,"Latham, NY",0001833197-26-000017
0000705432-26-000034:sbsi-20251231.htm,SOUTHSIDE BANCSHARES INC  (SBSI)  (CIK 0000705432),0000705432,10-K,2026-02-27,2025-12-31,"Tyler, TX",0000705432-26-000034
0001649749-26-000012:fbk-20251231.htm,FB Financial Corp  (FBK)  (CIK 0001649749),0001649749,10-K,2026-02-26,2025-12-31,"Nashville, TN",0001649749-26-000012
0000935036-26-000011:aciw-20251231.htm,"ACI WORLDWIDE, INC.  (ACIW)  (CIK 0000935036)",0000935036,10-K,2026-02-26,2025-12-31,"Elkhorn, NE",0000935036-26-000011
0001562528-26-000008:bsprt-20251231.htm,"Franklin BSP Realty Trust, Inc.  (FBRT, FBRT-PE)  (CIK 0001562528)",0001562528,10-K,2026-02-25,2025-12-31,"New York, NY",0001562528-26-000008
0001699838-26-000006:cflt-20251231.htm,"Confluent, Inc.  (CFLT)  (CIK 0001699838)",0001699838,10-K,2026-02-11,2025-12-31,"Mountain View, CA",0001699838-26-000006
0000764180-26-000017:mo-20251231.htm,"ALTRIA GROUP, INC.  (MO)  (CIK 0000764180)",0000764180,10-K,2026-02-25,2025-12-31,"Richmond, VA",0000764180-26-000017
0001104659-26-037421:xbp-20251231x10k.htm,"XBP Global Holdings, Inc.  (XBP, XBPEW)  (CIK 0001839530)",0001839530,10-K,2026-03-31,2025-12-31,"Irving, TX",0001104659-26-037421
0001571123-26-000029:saic-20260130.htm,Science Applications International Corp  (SAIC)  (CIK 0001571123),0001571123,10-K,2026-03-16,2026-01-30,"Reston, VA",0001571123-26-000029
0000753308-26-000015:nee-20251231.htm,"NEXTERA ENERGY INC  (NEE, NEE-PN, NEE-PS, NEE-PT, NEE-PU)  (CIK 0000753308), FLORIDA POWER & LIGHT CO  (CIK 0000037634)","0000753308, 0000037634",10-K,2026-02-13,2025-12-31,"Juno Beach, FL, Juno Beach, FL",0000753308-26-000015
0001304280-26-000019:nvl-20260331.htm,Novelis Inc.  (CIK 0001304280),0001304280,10-K,2026-05-19,2026-03-31,"Atlanta, GA",0001304280-26-000019
0001628280-26-007117:leu-20251231.htm,CENTRUS ENERGY CORP  (LEU)  (CIK 0001065059),0001065059,10-K,2026-02-11,2025-12-31,"Bethesda, MD",0001628280-26-007117
0001140361-26-006977:ef20060646_10k.htm,Anteris Technologies Global Corp.  (AVR)  (CIK 0002011514),0002011514,10-K,2026-02-26,2025-12-31,"Eagan, MN",0001140361-26-006977
0001823239-26-000011:mrvi-20251231.htm,"MARAVAI LIFESCIENCES HOLDINGS, INC.  (MRVI)  (CIK 0001823239)",0001823239,10-K,2026-02-26,2025-12-31,"San Diego, CA",0001823239-26-000011
0001810806-26-000011:unity-20251231.htm,Unity Software Inc.  (U)  (CIK 0001810806),0001810806,10-K,2026-02-11,2025-12-31,"San Francisco, CA",0001810806-26-000011
0001193125-26-085815:ceco-20251231.htm,CECO ENVIRONMENTAL CORP  (CECO)  (CIK 0000003197),0000003197,10-K,2026-03-02,2025-12-31,"Addison, TX",0001193125-26-085815
0000777917-26-000036:cik777917-20251231.htm,PRUCO LIFE INSURANCE CO  (CIK 0000777917),0000777917,10-K,2026-03-06,2025-12-31,"Newark, NJ",0000777917-26-000036
0001048911-26-000105:fdx-20260531.htm,FEDEX CORP  (FDX)  (CIK 0001048911),0001048911,10-K,2026-07-20,2026-05-31,"Memphis, TN",0001048911-26-000105
0001213900-26-052176:ea0283348-10k_saratoga.htm,"SARATOGA INVESTMENT CORP.  (SAJ, SAR, SAT, SAV, SAY, SAZ)  (CIK 0001377936)",0001377936,10-K,2026-05-05,2026-02-28,"New York, NY",0001213900-26-052176
0001836875-26-000026:nvve-20251231.htm,"Nuvve Holding Corp.  (NVVE, NVVEW)  (CIK 0001836875)",0001836875,10-K,2026-03-31,2025-12-31,"San Diego, CA",0001836875-26-000026
0000850141-26-000007:hmn-20251231.htm,HORACE MANN EDUCATORS CORP /DE/  (HMN)  (CIK 0000850141),0000850141,10-K,2026-02-27,2025-12-31,"Springfield, IL",0000850141-26-000007
0001193125-26-133372:pvla-20251231.htm,"PALVELLA THERAPEUTICS, INC.  (PVLA)  (CIK 0001583648)",0001583648,10-K,2026-03-31,2025-12-31,"Wayne, PA",0001193125-26-133372
0001104659-26-014731:aeis-20251231x10k.htm,ADVANCED ENERGY INDUSTRIES INC  (AEIS)  (CIK 0000927003),0000927003,10-K,2026-02-13,2025-12-31,"Denver, CO",0001104659-26-014731
0001753926-26-000536:g085455_10-k.htm,CoJax Oil & Gas Corp  (CJAX)  (CIK 0001763925),0001763925,10-K,2026-03-25,2025-12-31,"Arlington, VA",0001753926-26-000536
0001628280-26-021640:vra-20260131.htm,"Vera Bradley, Inc.  (VRA)  (CIK 0001495320)",0001495320,10-K,2026-03-27,2026-01-31,"Roanoke, IN",0001628280-26-021640
0000764622-26-000011:pnw-20251231.htm,"PINNACLE WEST CAPITAL CORP  (PNW)  (CIK 0000764622), ARIZONA PUBLIC SERVICE CO  (CIK 0000007286)","0000764622, 0000007286",10-K,2026-02-25,2025-12-31,"Phoenix, AZ, Phoenix, AZ",0000764622-26-000011
0001321655-26-000011:pltr-20251231.htm,Palantir Technologies Inc.  (PLTR)  (CIK 0001321655),0001321655,10-K,2026-02-17,2025-12-31,"Aventura, FL",0001321655-26-000011
0001493152-26-014270:form10-k.htm,Palomino Laboratories Inc.  (CIK 0001938569),0001938569,10-K,2026-03-31,2025-12-31,"New York, NY",0001493152-26-014270
0001654954-26-002342:tssi_10k.htm,"TSS, Inc.  (TSSI)  (CIK 0001320760)",0001320760,10-K,2026-03-18,2025-12-31,"Round Rock, TX",0001654954-26-002342
0000822416-26-000007:phm-20251231.htm,PULTEGROUP INC/MI/  (PHM)  (CIK 0000822416),0000822416,10-K,2026-02-04,2025-12-31,"Atlanta, GA",0000822416-26-000007
0001903596-26-000185:xpon_10ka.htm,Expion360 Inc.  (XPON)  (CIK 0001894954),0001894954,10-K/A,2026-04-30,2025-12-31,"Redmond, OR",0001903596-26-000185
0001611647-26-000006:frpt-20251231.htm,"Freshpet, Inc.  (FRPT)  (CIK 0001611647)",0001611647,10-K,2026-02-23,2025-12-31,"Bedminster, NJ",0001611647-26-000006
0001213900-26-029095:ea0277611-10k_intelligent.htm,INTELLIGENT PROTECTION MANAGEMENT CORP.  (IPM)  (CIK 0001355839),0001355839,10-K,2026-03-17,2025-12-31,"Jericho, NY",0001213900-26-029095
0000045012-26-000015:hal-20251231.htm,HALLIBURTON CO  (HAL)  (CIK 0000045012),0000045012,10-K,2026-02-06,2025-12-31,"Houston, TX",0000045012-26-000015
0000824142-26-000005:aaon-20251231.htm,"AAON, INC.  (AAON)  (CIK 0000824142)",0000824142,10-K,2026-03-02,2025-12-31,"Tulsa, OK",0000824142-26-000005
0001903596-26-000116:nwpp_10k.htm,NEW PEOPLES BANKSHARES INC  (NWPP)  (CIK 0001163389),0001163389,10-K,2026-03-31,2025-12-31,"Honaker, VA",0001903596-26-000116
0001213900-26-034100:ea0277662-10k_lafayette1.htm,"Lafayette Digital Acquisition Corp. I  (ZKP, ZKPU, ZKPW)  (CIK 0002087447)",0002087447,10-K,2026-03-25,2025-12-31,"Miami, FL",0001213900-26-034100
0001213900-26-026927:ea0279194-10k_duke.htm,"DUKE Robotics Corp.  (DUKR, DUKRD)  (CIK 0001638911)",0001638911,10-K,2026-03-12,2025-12-31,Science and Industry Park,0001213900-26-026927
0001193125-26-073395:kymr-20251231.htm,"Kymera Therapeutics, Inc.  (KYMR)  (CIK 0001815442)",0001815442,10-K,2026-02-26,2025-12-31,"Watertown, MA",0001193125-26-073395
0000883948-26-000021:aub-20251231x10k.htm,"Atlantic Union Bankshares Corp  (AUB, AUB-PA)  (CIK 0000883948)",0000883948,10-K,2026-02-26,2025-12-31,"Glen Allen, VA",0000883948-26-000021
0001214659-26-004113:tog32026010k.htm,"TurnOnGreen, Inc.  (TOGI, TOGIW)  (CIK 0001349706)",0001349706,10-K,2026-03-31,2025-12-31,"Milpitas, CA",0001214659-26-004113
0000014846-26-000007:brt-20251231.htm,BRT Apartments Corp.  (BRT)  (CIK 0000014846),0000014846,10-K,2026-03-13,2025-12-31,"Great Neck, NY",0000014846-26-000007
0001193125-26-093992:lctx-20251231.htm,"Lineage Cell Therapeutics, Inc.  (LCTX)  (CIK 0000876343)",0000876343,10-K,2026-03-05,2025-12-31,"Carlsbad, CA",0001193125-26-093992
0001416265-26-000012:prosper-20251231.htm,"PROSPER MARKETPLACE, INC  (CIK 0001416265), Prosper Funding LLC  (CIK 0001542574)","0001416265, 0001542574",10-K,2026-03-26,2025-12-31,"San Francisco, CA, San Francisco, CA",0001416265-26-000012
0001628280-26-020484:rc-20251231.htm,Rise Companies Corp  (CIK 0001640967),0001640967,10-K,2026-03-23,2025-12-31,"Washington, DC",0001628280-26-020484
0001493152-26-032759:form10-k.htm,Radiant Strategies Corp  (RDSC)  (CIK 0002056016),0002056016,10-K,2026-07-10,2026-04-30,Kuala Lumpur,0001493152-26-032759
0001089819-26-000002:cnl-20251231.htm,"Cleco Corporate Holdings LLC  (CIK 0001089819), CLECO POWER LLC  (CIK 0000018672)","0001089819, 0000018672",10-K,2026-03-27,2025-12-31,"Pineville, LA, Pineville, LA",0001089819-26-000002
0001620459-26-000009:jrvr-20251231.htm,"James River Group Holdings, Inc.  (JRVR)  (CIK 0001620459)",0001620459,10-K,2026-03-03,2025-12-31,"Chapel Hill, NC",0001620459-26-000009
0001564408-26-000013:snap-20251231.htm,Snap Inc  (SNAP)  (CIK 0001564408),0001564408,10-K,2026-02-05,2025-12-31,"Santa Monica, CA",0001564408-26-000013
0000893847-26-000037:hwbk-20251231.htm,"HAWTHORN BANCSHARES, INC.  (HWBK)  (CIK 0000893847)",0000893847,10-K,2026-03-05,2025-12-31,"Jefferson City, MO",0000893847-26-000037
0001822993-26-000022:jxn-20251231.htm,"Jackson Financial Inc.  (JXN, JXN-PA)  (CIK 0001822993)",0001822993,10-K,2026-02-24,2025-12-31,"Lansing, MI",0001822993-26-000022
0000701985-26-000008:bbwi-20260131.htm,"Bath & Body Works, Inc.  (BBWI)  (CIK 0000701985)",0000701985,10-K,2026-03-12,2026-01-31,"Columbus, OH",0000701985-26-000008
0001013857-26-000017:pega-20251231.htm,PEGASYSTEMS INC  (PEGA)  (CIK 0001013857),0001013857,10-K,2026-02-10,2025-12-31,"Waltham, MA",0001013857-26-000017
0001640334-26-000139:yinfu_10ka.htm,Yinfu Gold Corp.  (ELRE)  (CIK 0001438461),0001438461,10-K/A,2026-01-27,2025-03-31,"Shenzhen, F4",0001640334-26-000139
0001193125-26-134545:ck0001889956-20251231.htm,"OneStream, Inc.  (OS)  (CIK 0001889956)",0001889956,10-K/A,2026-03-31,2025-12-31,"Birmingham, MI",0001193125-26-134545
0000719955-26-000059:wsm-20260201.htm,WILLIAMS SONOMA INC  (WSM)  (CIK 0000719955),0000719955,10-K,2026-03-26,2026-02-01,"San Francisco, CA",0000719955-26-000059
0001193125-26-059372:payc-20251231.htm,"Paycom Software, Inc.  (PAYC)  (CIK 0001590955)",0001590955,10-K,2026-02-19,2025-12-31,"Oklahoma City, OK",0001193125-26-059372
0001185185-26-001141:lvpr110k123125.htm,"Lightstone Value Plus REIT I, Inc.  (CIK 0001296884)",0001296884,10-K,2026-03-30,2025-12-31,"Lakewood, NJ",0001185185-26-001141
0001104659-26-035216:agx-20260131x10k.htm,ARGAN INC  (AGX)  (CIK 0000100591),0000100591,10-K,2026-03-26,2026-01-31,"Arlington, VA",0001104659-26-035216
0001086222-26-000022:akam-20251231.htm,AKAMAI TECHNOLOGIES INC  (AKAM)  (CIK 0001086222),0001086222,10-K,2026-02-20,2025-12-31,"Cambridge, MA",0001086222-26-000022
0001477932-26-001076:ltbr_10k.htm,LIGHTBRIDGE Corp  (LTBR)  (CIK 0001084554),0001084554,10-K,2026-02-26,2025-12-31,"Reston, VA",0001477932-26-001076
0001499832-26-000020:tsq-20251231.htm,"Townsquare Media, Inc.  (TSQ)  (CIK 0001499832)",0001499832,10-K,2026-03-16,2025-12-31,"Purchase, NY",0001499832-26-000020
0001871638-26-000011:blz-20251231.htm,"Blaize Holdings, Inc.  (BZAI, BZAIW)  (CIK 0001871638)",0001871638,10-K,2026-03-24,2025-12-31,"El Dorado Hills, CA",0001871638-26-000011
0001280784-26-000009:htgc-20251231.htm,"Hercules Capital, Inc.  (HCXY, HTGC)  (CIK 0001280784)",0001280784,10-K,2026-02-12,2025-12-31,"San Mateo, CA",0001280784-26-000009
0001628280-26-007500:hubb-20251231.htm,HUBBELL INC  (HUBB)  (CIK 0000048898),0000048898,10-K,2026-02-12,2025-12-31,"Shelton, CT",0001628280-26-007500
0001628280-26-016793:fwrd-20251231.htm,FORWARD AIR CORP  (FWRD)  (CIK 0000912728),0000912728,10-K,2026-03-11,2025-12-31,"Dallas, TX",0001628280-26-016793
0001554855-26-000131:eeft-20251231.htm,"EURONET WORLDWIDE, INC.  (EEFT)  (CIK 0001029199)",0001029199,10-K,2026-02-26,2025-12-31,"Leawood, KS",0001554855-26-000131
0001437749-26-012302:crex20251231c_10k.htm,"CREATIVE REALITIES, INC.  (CREX)  (CIK 0001356093)",0001356093,10-K,2026-04-15,2025-12-31,"Louisville, KY",0001437749-26-012302
0001061630-26-000009:bxmt-20251231.htm,"BLACKSTONE MORTGAGE TRUST, INC.  (BXMT)  (CIK 0001061630)",0001061630,10-K,2026-02-11,2025-12-31,"New York, NY",0001061630-26-000009
0001805651-26-000016:mktw-20251231.htm,"MARKETWISE, INC.  (MKTW)  (CIK 0001805651)",0001805651,10-K,2026-03-06,2025-12-31,"Baltimore, MD",0001805651-26-000016
0001023731-26-000041:eght-20260331.htm,8X8 INC /DE/  (EGHT)  (CIK 0001023731),0001023731,10-K,2026-05-22,2026-03-31,"Campbell, CA",0001023731-26-000041
0000866729-26-000018:schl-20260531.htm,SCHOLASTIC CORP  (SCHL)  (CIK 0000866729),0000866729,10-K,2026-07-24,2026-05-31,"New York, NY",0000866729-26-000018
0001628280-26-020909:qti-20251231.htm,"QT IMAGING HOLDINGS, INC.  (QTI, QTIWW)  (CIK 0001844505)",0001844505,10-K,2026-03-25,2025-12-31,"Novato, CA",0001628280-26-020909
0001032975-26-000021:logi-20260331.htm,LOGITECH INTERNATIONAL S.A.  (LOGI)  (CIK 0001032975),0001032975,10-K,2026-05-21,2026-03-31,"San Jose, CA",0001032975-26-000021
0001214816-26-000097:axs-20251231.htm,"AXIS CAPITAL HOLDINGS LTD  (AXS, AXS-PE)  (CIK 0001214816)",0001214816,10-K,2026-02-27,2025-12-31,Pembroke,0001214816-26-000097
0001193125-26-248290:vsat-20260331.htm,VIASAT INC  (VSAT)  (CIK 0000797721),0000797721,10-K,2026-05-29,2026-03-31,"Carlsbad, CA",0001193125-26-248290
0001193125-26-065194:beam-20251231.htm,Beam Therapeutics Inc.  (BEAM)  (CIK 0001745999),0001745999,10-K,2026-02-24,2025-12-31,"Cambridge, MA",0001193125-26-065194
0001193125-26-134921:ck0002032019-20251231.htm,EQT Infrastructure Co LLC  (CIK 0002032019),0002032019,10-K,2026-03-31,2025-12-31,"New York, NY",0001193125-26-134921
0001628280-26-012724:fsbc-20251231.htm,FIVE STAR BANCORP  (FSBC)  (CIK 0001275168),0001275168,10-K,2026-02-27,2025-12-31,"Rancho Cordova, CA",0001628280-26-012724
0001628280-26-021706:locl-20251231.htm,"Local Bounti Corporation/DE  (LOCL, LOCLW)  (CIK 0001840780)",0001840780,10-K,2026-03-27,2025-12-31,"Hamilton, MT",0001628280-26-021706
0001634117-26-000070:bned-20260502.htm,"Barnes & Noble Education, Inc.  (BNED)  (CIK 0001634117)",0001634117,10-K,2026-07-09,2026-05-02,"Florham Park, NJ",0001634117-26-000070
0001880613-26-000032:drct-20251231.htm,"Direct Digital Holdings, Inc.  (DRCT)  (CIK 0001880613)",0001880613,10-K,2026-03-31,2025-12-31,"Houston, TX",0001880613-26-000032
0001628280-26-018167:iot-20260131.htm,Samsara Inc.  (IOT)  (CIK 0001642896),0001642896,10-K,2026-03-16,2026-01-31,"San Francisco, CA",0001628280-26-018167
0001437749-26-008073:main20251231_10k.htm,"MainStreet Bancshares, Inc.  (MNSB, MNSBP)  (CIK 0001693577)",0001693577,10-K,2026-03-13,2025-12-31,"Fairfax, VA",0001437749-26-008073
0001628280-26-013285:lmb-20251231.htm,"Limbach Holdings, Inc.  (LMB)  (CIK 0001606163)",0001606163,10-K,2026-03-02,2025-12-31,"Warrendale, PA",0001628280-26-013285
0001193125-26-094004:ambq-20251231.htm,"Ambiq Micro, Inc.  (AMBQ)  (CIK 0001500412)",0001500412,10-K,2026-03-05,2025-12-31,"Austin, TX",0001193125-26-094004
0001493152-26-039471:form10-k.htm,"Flux Power Holdings, Inc.  (FLUX)  (CIK 0001083743)",0001083743,10-K,2026-08-20,2026-06-30,"Vista, CA",0001493152-26-039471
0001193125-26-134550:gix-20251231.htm,"GigCapital9 Corp.  (GIX, GIXXR, GIXXU)  (CIK 0002098712)",0002098712,10-K,2026-03-31,2025-12-31,"Palo Alto, CA",0001193125-26-134550
0001193125-26-076753:navi-20251231.htm,"NAVIENT CORP  (JSM, NAVI)  (CIK 0001593538)",0001593538,10-K,2026-02-26,2025-12-31,"Herndon, VA",0001193125-26-076753
0001816431-26-000011:qsi-20251231.htm,"Quantum-Si Inc  (QSI, QSIAW)  (CIK 0001816431)",0001816431,10-K,2026-03-03,2025-12-31,"Branford, CT",0001816431-26-000011
0001507605-26-000007:mara-20251231.htm,"MARA Holdings, Inc.  (MARA)  (CIK 0001507605)",0001507605,10-K,2026-03-02,2025-12-31,"Hallandale Beach, FL",0001507605-26-000007
0000874716-26-000038:idxx-20251231.htm,IDEXX LABORATORIES INC /DE  (IDXX)  (CIK 0000874716),0000874716,10-K,2026-02-20,2025-12-31,"Westbrook, ME",0000874716-26-000038
0001628280-26-012545:alhc-20251231.htm,"Alignment Healthcare, Inc.  (ALHC)  (CIK 0001832466)",0001832466,10-K,2026-02-27,2025-12-31,"Orange, CA",0001628280-26-012545
0000066740-26-000014:mmm-20251231.htm,3M CO  (MMM)  (CIK 0000066740),0000066740,10-K,2026-02-03,2025-12-31,"St Paul, MN",0000066740-26-000014
0000880266-26-000010:agco-20251231.htm,AGCO CORP /DE  (AGCO)  (CIK 0000880266),0000880266,10-K,2026-02-13,2025-12-31,"Duluth, GA",0000880266-26-000010
0001193125-26-076572:fdus-20251231.htm,FIDUS INVESTMENT Corp  (FDUS)  (CIK 0001513363),0001513363,10-K,2026-02-26,2025-12-31,"Evanston, IL",0001193125-26-076572
0000062709-26-000022:mrsh-20251231.htm,"MARSH & MCLENNAN COMPANIES, INC.  (MRSH)  (CIK 0000062709)",0000062709,10-K,2026-02-09,2025-12-31,"New York, NY",0000062709-26-000022
0001542447-26-000020:rpt-20251231.htm,"RREEF Property Trust, Inc.  (CIK 0001542447)",0001542447,10-K,2026-03-06,2025-12-31,"New York, NY",0001542447-26-000020
0001647639-26-000027:upst-20251231.htm,"Upstart Holdings, Inc.  (UPST)  (CIK 0001647639)",0001647639,10-K,2026-02-10,2025-12-31,"San Mateo, CA",0001647639-26-000027
0001690820-26-000009:cvna-20251231.htm,CARVANA CO.  (CVNA)  (CIK 0001690820),0001690820,10-K,2026-02-18,2025-12-31,"Tempe, AZ",0001690820-26-000009
0001943896-26-000013:rbrk-20260131.htm,"Rubrik, Inc.  (RBRK)  (CIK 0001943896)",0001943896,10-K,2026-03-19,2026-01-31,"Palo Alto, CA",0001943896-26-000013
0001193125-26-077343:nxrt-20251231.htm,"NexPoint Residential Trust, Inc.  (NXRT)  (CIK 0001620393)",0001620393,10-K,2026-02-26,2025-12-31,"Dallas, TX",0001193125-26-077343
0001477932-26-002278:cosm_10k.htm,Cosmos Health Inc.  (COSM)  (CIK 0001474167),0001474167,10-K,2026-04-15,2025-12-31,"Thessaloniki, J3",0001477932-26-002278
0001628280-26-022010:bcax-20251231.htm,Bicara Therapeutics Inc.  (BCAX)  (CIK 0002023658),0002023658,10-K,2026-03-30,2025-12-31,"Boston, MA",0001628280-26-022010
0001773383-26-000019:dt-20260331.htm,"Dynatrace, Inc.  (DT)  (CIK 0001773383)",0001773383,10-K,2026-05-20,2026-03-31,"Boston, MA",0001773383-26-000019
0001901440-26-000005:uls-20251231.htm,UL Solutions Inc.  (ULS)  (CIK 0001901440),0001901440,10-K,2026-02-19,2025-12-31,"Northbrook, IL",0001901440-26-000005
0001628280-26-019870:bakkt-20251231.htm,"Bakkt, Inc.  (BKKT, BKKT-WT)  (CIK 0001820302)",0001820302,10-K,2026-03-19,2025-12-31,"New York, NY",0001628280-26-019870
0001163370-26-000007:nrim-20251231.htm,NORTHRIM BANCORP INC  (NRIM)  (CIK 0001163370),0001163370,10-K,2026-03-06,2025-12-31,"Anchorage, AK",0001163370-26-000007
0000060086-26-000008:l-20251231.htm,LOEWS CORP  (L)  (CIK 0000060086),0000060086,10-K,2026-02-10,2025-12-31,"New York, NY",0000060086-26-000008
0001144879-26-000048:apld-20260531.htm,Applied Digital Corp.  (APLD)  (CIK 0001144879),0001144879,10-K,2026-07-29,2026-05-31,"Dallas, TX",0001144879-26-000048
0001193125-26-081484:rpc-20251231.htm,"Ridgepost Capital, Inc.  (RPC)  (CIK 0001841968)",0001841968,10-K,2026-02-27,2025-12-31,"Dallas, TX",0001193125-26-081484
0000721994-26-000018:lkfn-20251231.htm,LAKELAND FINANCIAL CORP  (LKFN)  (CIK 0000721994),0000721994,10-K,2026-02-25,2025-12-31,"Warsaw, IN",0000721994-26-000018
0001628280-26-058238:bill-20260630.htm,"BILL Holdings, Inc.  (BILL)  (CIK 0001786352)",0001786352,10-K,2026-08-20,2026-06-30,"San Jose, CA",0001628280-26-058238
0001753926-26-000435:g085449_10k.htm,"Sensus Healthcare, Inc.  (SRTS)  (CIK 0001494891)",0001494891,10-K,2026-03-04,2025-12-31,"Boca Raton, FL",0001753926-26-000435
0001654954-26-003294:qmci_10k.htm,QUOTEMEDIA INC  (QMCI)  (CIK 0001101433),0001101433,10-K,2026-04-07,2025-12-31,"Fountain Hills, AZ",0001654954-26-003294
0001193125-26-073317:nuvl-20251231.htm,"Nuvalent, Inc.  (NUVL)  (CIK 0001861560)",0001861560,10-K,2026-02-26,2025-12-31,"Cambridge, MA",0001193125-26-073317
0001820721-26-000008:arry-20251231.htm,"Array Technologies, Inc.  (ARRY)  (CIK 0001820721)",0001820721,10-K,2026-02-25,2025-12-31,"Albuquerque, NM",0001820721-26-000008
0001628280-26-011213:ahco-20251231.htm,AdaptHealth Corp.  (AHCO)  (CIK 0001725255),0001725255,10-K,2026-02-24,2025-12-31,"Conshohocken, PA",0001628280-26-011213
0001437749-26-005294:jbht20251231_10k.htm,HUNT J B TRANSPORT SERVICES INC  (JBHT)  (CIK 0000728535),0000728535,10-K,2026-02-24,2025-12-31,"Lowell, AR",0001437749-26-005294
0001829126-26-001254:rfacq2_10k.htm,"RF Acquisition Corp II  (RFAI, RFAIR, RFAIU)  (CIK 0002012807)",0002012807,10-K,2026-02-11,2025-12-31,Singapore,0001829126-26-001254
0001736035-26-000004:bxsl-20251231.htm,Blackstone Secured Lending Fund  (BXSL)  (CIK 0001736035),0001736035,10-K,2026-02-25,2025-12-31,"New York, NY",0001736035-26-000004
0001497645-26-000015:inn-20251231.htm,"Summit Hotel Properties, Inc.  (INN, INN-PE, INN-PF)  (CIK 0001497645)",0001497645,10-K,2026-02-25,2025-12-31,"Austin, TX",0001497645-26-000015
0001355096-26-000010:qvcga-20251231.htm,"QVC Group, Inc.  (QVCGA, QVCGB, QVCGP)  (CIK 0001355096)",0001355096,10-K,2026-04-15,2025-12-31,"West Chester, PA",0001355096-26-000010
0001683168-26-001886:lifeway_i10k-123125.htm,"Lifeway Foods, Inc.  (LWAY)  (CIK 0000814586)",0000814586,10-K,2026-03-17,2025-12-31,"Morton Grove, IL",0001683168-26-001886
0001640334-26-001178:yinfu_10k.htm,Yinfu Gold Corp.  (ELRE)  (CIK 0001438461),0001438461,10-K,2026-07-14,2026-03-31,"Shenzhen, F4",0001640334-26-001178
0001193125-26-071922:ccap-20251231.htm,"Crescent Capital BDC, Inc.  (CCAP, FCRX)  (CIK 0001633336)",0001633336,10-K,2026-02-25,2025-12-31,"Los Angeles, CA",0001193125-26-071922
0001475115-26-000005:eb-20251231.htm,"Eventbrite, Inc.  (EB)  (CIK 0001475115)",0001475115,10-K,2026-03-12,2025-12-31,"San Francisco, CA",0001475115-26-000005
0000832101-26-000003:iex-20251231.htm,IDEX CORP /DE/  (IEX)  (CIK 0000832101),0000832101,10-K,2026-02-19,2025-12-31,"Northbrook, IL",0000832101-26-000003
0001628280-26-023250:navn-20260131.htm,"Navan, Inc.  (NAVN)  (CIK 0001639723)",0001639723,10-K,2026-04-02,2026-01-31,"Palo Alto, CA",0001628280-26-023250
0001193125-26-092518:tngx-20251231.htm,"Tango Therapeutics, Inc.  (TNGX)  (CIK 0001819133)",0001819133,10-K,2026-03-05,2025-12-31,"Boston, MA",0001193125-26-092518
0001193125-26-051281:trip-20251231.htm,"TripAdvisor, Inc.  (TRIP)  (CIK 0001526520)",0001526520,10-K,2026-02-13,2025-12-31,"Needham, MA",0001193125-26-051281
0001104659-26-034528:edap-20251231xex4d3.htm,EDAP TMS SA  (EDAP)  (CIK 0001041934),0001041934,10-K,2026-03-25,2025-12-31,"69120 Vaulx En Velin, I0",0001104659-26-034528
0001124198-26-000007:flr-20251231.htm,FLUOR CORP  (FLR)  (CIK 0001124198),0001124198,10-K,2026-02-17,2025-12-31,"Irving, TX",0001124198-26-000007
0001683168-26-002503:focus_i10k-123125.htm,FOCUS UNIVERSAL INC.  (FCUV)  (CIK 0001590418),0001590418,10-K,2026-03-31,2025-12-31,"Ontario, CA",0001683168-26-002503
0001213900-26-035359:ea0275203-10k_logicmark.htm,"LogicMark, Inc.  (LGMK)  (CIK 0001566826)",0001566826,10-K,2026-03-27,2025-12-31,"Louisville, KY",0001213900-26-035359
0001327688-26-000009:ooma-ex10_24.htm,OOMA INC  (OOMA)  (CIK 0001327688),0001327688,10-K,2026-04-03,2026-01-31,"Sunnyvale, CA",0001327688-26-000009
0001104659-26-030899:ubcp-20251231xex13.htm,UNITED BANCORP INC /OH/  (UBCP)  (CIK 0000731653),0000731653,10-K,2026-03-18,2025-12-31,"Martins Ferry, OH",0001104659-26-030899
0001769628-26-000104:crwv-20251231.htm,"CoreWeave, Inc.  (CRWV)  (CIK 0001769628)",0001769628,10-K,2026-03-02,2025-12-31,"Livingston, NJ",0001769628-26-000104
0001620533-26-000018:shak-20251231.htm,Shake Shack Inc.  (SHAK)  (CIK 0001620533),0001620533,10-K,2026-02-26,2025-12-31,"New York, NY",0001620533-26-000018
0000928054-26-000020:ftk-20251231.htm,FLOTEK INDUSTRIES INC/CN/  (FTK)  (CIK 0000928054),0000928054,10-K,2026-03-16,2025-12-31,"Houston, TX",0000928054-26-000020
0001089907-26-000004:swkh-20251231.htm,"SWK Holdings Corp  (SWKH, SWKHL)  (CIK 0001089907)",0001089907,10-K,2026-03-20,2025-12-31,"Dallas, TX",0001089907-26-000004
0001213900-26-034341:ea0278305-10k_white.htm,"WhiteFiber, Inc.  (WYFI)  (CIK 0002042022)",0002042022,10-K,2026-03-26,2025-12-31,"New York, NY",0001213900-26-034341
0001193125-26-130388:nmra-20251231.htm,"Neumora Therapeutics, Inc.  (NMRA)  (CIK 0001885522)",0001885522,10-K,2026-03-30,2025-12-31,"Watertown, MA",0001193125-26-130388
0001104659-26-025923:urg-20251231x10k.htm,UR-ENERGY INC  (URG)  (CIK 0001375205),0001375205,10-K,2026-03-10,2025-12-31,"Casper, WY",0001104659-26-025923
0001070235-26-000039:bbry-20260228.htm,BLACKBERRY Ltd  (BB)  (CIK 0001070235),0001070235,10-K,2026-04-09,2026-02-28,"Waterloo, A6",0001070235-26-000039
0001493152-26-013563:form10-k.htm,EXOZYMES INC.  (EXOZ)  (CIK 0002010788),0002010788,10-K,2026-03-30,2025-12-31,"Monrovia, CA",0001493152-26-013563
0001951070-26-000022:mh-20260331.htm,"McGraw Hill, Inc.  (MH)  (CIK 0001951070)",0001951070,10-K,2026-06-11,2026-03-31,"Beverly Hills, CA",0001951070-26-000022
0001104659-26-024579:olp-20251231x10k.htm,ONE LIBERTY PROPERTIES INC  (OLP)  (CIK 0000712770),0000712770,10-K,2026-03-06,2025-12-31,"Great Neck, NY",0001104659-26-024579
0000913142-26-000009:bdc-20251231.htm,BELDEN INC.  (BDC)  (CIK 0000913142),0000913142,10-K,2026-02-17,2025-12-31,"St. Louis, MO",0000913142-26-000009
0000072971-26-000133:wfc-20251231_d2.htm,"WELLS FARGO & COMPANY/MN  (WFC, WFCNP, WFC-PA, WFC-PC, WFC-PD, WFC-PL, WFC-PY, WFC-PZ)  (CIK 0000072971)",0000072971,10-K,2026-02-24,2025-12-31,"San Francisco, CA",0000072971-26-000133
0001104659-26-014300:mbly-20251227x10k.htm,Mobileye Global Inc.  (MBLY)  (CIK 0001910139),0001910139,10-K,2026-02-12,2025-12-27,Jerusalem,0001104659-26-014300
0001671933-26-000014:ttd-20251231.htm,"Trade Desk, Inc.  (TTD)  (CIK 0001671933)",0001671933,10-K,2026-02-27,2025-12-31,"Ventura, CA",0001671933-26-000014
0001326380-26-000013:gme-20260131.htm,"GameStop Corp.  (GME, GME-WT)  (CIK 0001326380)",0001326380,10-K,2026-03-24,2026-01-31,"Grapevine, TX",0001326380-26-000013
0001193125-26-048350:nov-20251231.htm,NOV Inc.  (NOV)  (CIK 0001021860),0001021860,10-K,2026-02-12,2025-12-31,"Houston, TX",0001193125-26-048350
0000716643-26-000031:rgs-20260630.htm,REGIS CORP  (RGS)  (CIK 0000716643),0000716643,10-K,2026-09-01,2026-06-30,"Minneapolis, MN",0000716643-26-000031
0001104659-26-067615:rsvr-20260331x10k.htm,"Reservoir Media, Inc.  (RSVR, RSVRW)  (CIK 0001824403)",0001824403,10-K,2026-05-28,2026-03-31,"New York, NY",0001104659-26-067615
0001193125-26-057025:pcar-20251231.htm,PACCAR INC  (PCAR)  (CIK 0000075362),0000075362,10-K,2026-02-18,2025-12-31,"Bellevue, WA",0001193125-26-057025
0001663577-26-000094:iqst10k_123125.htm,iQSTEL Inc  (IQST)  (CIK 0001527702),0001527702,10-K,2026-04-06,2025-12-31,"Coral Gables, FL",0001663577-26-000094
0000918965-26-000044:scsc-20260630.htm,"SCANSOURCE, INC.  (SCSC)  (CIK 0000918965)",0000918965,10-K,2026-08-20,2026-06-30,"Greenville, SC",0000918965-26-000044
0000040545-26-000008:ge-20251231.htm,GENERAL ELECTRIC CO  (GE)  (CIK 0000040545),0000040545,10-K,2026-01-29,2025-12-31,"Evendale, OH",0000040545-26-000008
0001628280-26-014001:eols-20251231.htm,"Evolus, Inc.  (EOLS)  (CIK 0001570562)",0001570562,10-K,2026-03-03,2025-12-31,"Newport Beach, CA",0001628280-26-014001
0001324424-26-000008:expe-20251231.htm,"Expedia Group, Inc.  (EXPE)  (CIK 0001324424)",0001324424,10-K,2026-02-13,2025-12-31,"Seattle, WA",0001324424-26-000008
0001808834-26-000012:prg-20251231.htm,"PROG Holdings, Inc.  (PRG)  (CIK 0001808834)",0001808834,10-K,2026-02-18,2025-12-31,"Draper, UT",0001808834-26-000012
0001522540-26-000017:mq-20251231.htm,"Marqeta, Inc.  (MQ)  (CIK 0001522540)",0001522540,10-K,2026-02-24,2025-12-31,"Oakland, CA",0001522540-26-000017
0001058623-26-000018:cmls-20251231.htm,"CUMULUS MEDIA INC  (CMLS, CMLSQ)  (CIK 0001058623)",0001058623,10-K,2026-04-10,2025-12-31,"Atlanta, GA",0001058623-26-000018
0001726978-26-000010:gshd-20251231.htm,"Goosehead Insurance, Inc.  (GSHD)  (CIK 0001726978)",0001726978,10-K,2026-02-19,2025-12-31,"Westlake, TX",0001726978-26-000010
0001603923-26-000014:wfrd-20251231.htm,Weatherford International plc  (WFRD)  (CIK 0001603923),0001603923,10-K,2026-02-04,2025-12-31,"Houston, TX",0001603923-26-000014
0001378950-26-000035:prts-20260103x10k.htm,"CarParts.com, Inc.  (PRTS)  (CIK 0001378950)",0001378950,10-K,2026-03-05,2026-01-03,"Long Beach, CA",0001378950-26-000035
0000028823-26-000008:dbd-20251231.htm,"DIEBOLD NIXDORF, Inc  (DBD)  (CIK 0000028823)",0000028823,10-K,2026-02-12,2025-12-31,"North Canton, OH",0000028823-26-000008
0001650729-26-000005:site-20251228.htm,"SiteOne Landscape Supply, Inc.  (SITE)  (CIK 0001650729)",0001650729,10-K,2026-02-19,2025-12-28,"Roswell, GA",0001650729-26-000005
0001193125-26-043647:curb-20251231.htm,Curbline Properties Corp.  (CURB)  (CIK 0002027317),0002027317,10-K,2026-02-10,2025-12-31,"New York, NY",0001193125-26-043647
0001193125-26-058074:md-20251231.htm,"Pediatrix Medical Group, Inc.  (MD)  (CIK 0000893949)",0000893949,10-K,2026-02-19,2025-12-31,"Sunrise, FL",0001193125-26-058074
0001069202-26-000028:lii-20251231.htm,LENNOX INTERNATIONAL INC  (LII)  (CIK 0001069202),0001069202,10-K,2026-02-17,2025-12-31,"Richardson, TX",0001069202-26-000028
0001193125-26-064849:bhe-20251231.htm,BENCHMARK ELECTRONICS INC  (BHE)  (CIK 0000863436),0000863436,10-K,2026-02-24,2025-12-31,"Tempe, AZ",0001193125-26-064849
0001437749-26-007180:fcbc20251231c_10k.htm,FIRST COMMUNITY BANKSHARES INC /VA/  (FCBC)  (CIK 0000859070),0000859070,10-K,2026-03-06,2025-12-31,"Bluefield, VA",0001437749-26-007180
0000814453-26-000008:nwl-20251231.htm,NEWELL BRANDS INC.  (NWL)  (CIK 0000814453),0000814453,10-K,2026-02-13,2025-12-31,"Atlanta, GA",0000814453-26-000008
0001628280-26-012520:sg-20251228.htm,"Sweetgreen, Inc.  (SG)  (CIK 0001477815)",0001477815,10-K,2026-02-27,2025-12-28,"Los Angeles, CA",0001628280-26-012520
0001628280-26-021763:vgasw-20251231.htm,"Verde Clean Fuels, Inc.  (VGAS, VGASW)  (CIK 0001841425)",0001841425,10-K,2026-03-27,2025-12-31,"Houston, TX",0001628280-26-021763
0001433660-26-000053:jbt-20251231.htm,JBT MAREL Corp  (JBTM)  (CIK 0001433660),0001433660,10-K,2026-03-02,2025-12-31,"Chicago, IL",0001433660-26-000053
0001628280-26-021073:fnwd-20251231.htm,Finward Bancorp  (FNWD)  (CIK 0000919864),0000919864,10-K,2026-03-25,2025-12-31,"Munster, IN",0001628280-26-021073
0001451505-26-000018:rig-20251231x10k.htm,Transocean Ltd.  (RIG)  (CIK 0001451505),0001451505,10-K,2026-02-23,2025-12-31,"Steinhausen, V8",0001451505-26-000018
0000802481-26-000011:ppc-20251228.htm,PILGRIMS PRIDE CORP  (PPC)  (CIK 0000802481),0000802481,10-K,2026-02-12,2025-12-28,"Greeley, CO",0000802481-26-000011
0001628280-26-011108:alit-20251231.htm,"Alight, Inc. / Delaware  (ALIT)  (CIK 0001809104)",0001809104,10-K,2026-02-24,2025-12-31,"Chicago, IL",0001628280-26-011108
0000874238-26-000024:strl-20251231.htm,"STERLING INFRASTRUCTURE, INC.  (STRL)  (CIK 0000874238)",0000874238,10-K,2026-02-26,2025-12-31,"The Woodlands, TX",0000874238-26-000024
0001731122-26-000317:e7378_10-k.htm,"Twin Vee PowerCats, Co.  (VEEE)  (CIK 0001855509)",0001855509,10-K,2026-02-27,2025-12-31,"Ft. Pierce, FL",0001731122-26-000317
0001043277-26-000009:chrw-20251231.htm,"C. H. ROBINSON WORLDWIDE, INC.  (CHRW)  (CIK 0001043277)",0001043277,10-K,2026-02-13,2025-12-31,"Eden Prairie, MN",0001043277-26-000009
0001448431-26-000005:oprx-20251231.htm,OptimizeRx Corp  (OPRX)  (CIK 0001448431),0001448431,10-K,2026-03-12,2025-12-31,"Waltham, MA",0001448431-26-000005
0001097149-26-000014:algn-20251231.htm,ALIGN TECHNOLOGY INC  (ALGN)  (CIK 0001097149),0001097149,10-K,2026-02-27,2025-12-31,"Tempe, AZ",0001097149-26-000014
0001104659-26-021956:xrn-20251231x10k.htm,"Chiron Real Estate Inc.  (XRN, GMRE, XRN-PA, XRN-PB, GMRE-PA, GMRE-PB)  (CIK 0001533615)",0001533615,10-K,2026-03-02,2025-12-31,"Bethesda, MD",0001104659-26-021956
0001654954-26-001672:suig_10k.htm,SUI Group Holdings Ltd.  (SUIG)  (CIK 0001425355),0001425355,10-K,2026-02-27,2025-12-31,"Wayzata, MN",0001654954-26-001672
0000721371-26-000038:cah-20260630.htm,CARDINAL HEALTH INC  (CAH)  (CIK 0000721371),0000721371,10-K,2026-08-11,2026-06-30,"Dublin, OH",0000721371-26-000038
0001104659-26-051797:qvcgp-20251231x10ka.htm,"QVC Group, Inc.  (QVCGA, QVCGB, QVCGP)  (CIK 0001355096)",0001355096,10-K/A,2026-04-30,2025-12-31,"West Chester, PA",0001104659-26-051797
0001651562-26-000029:cour-20251231.htm,"Coursera, Inc.  (COUR)  (CIK 0001651562)",0001651562,10-K/A,2026-04-30,2025-12-31,"Mountain View, CA",0001651562-26-000029
0001437749-26-009844:mpti20251231_10k.htm,"M-tron Industries, Inc.  (MPTI)  (CIK 0001902314)",0001902314,10-K,2026-03-26,2025-12-31,"Orlando, FL",0001437749-26-009844
0001213900-26-051103:ea0288475-10ka1_springbig.htm,"SpringBig Holdings, Inc.  (SBIG, SBIGW)  (CIK 0001801602)",0001801602,10-K/A,2026-05-04,2025-12-31,"Boca Raton, FL",0001213900-26-051103
0001104659-26-051654:hhc-20251231x10ka.htm,Howard Hughes Holdings Inc.  (HHH)  (CIK 0001981792),0001981792,10-K/A,2026-04-29,2025-12-31,"The Woodlands, TX",0001104659-26-051654
0000745732-26-000006:rost-20260131.htm,"ROSS STORES, INC.  (ROST)  (CIK 0000745732)",0000745732,10-K,2026-03-31,2026-01-31,"Dublin, CA",0000745732-26-000006
0001330399-26-000020:fhlbpgh-20251231.htm,Federal Home Loan Bank of Pittsburgh  (CIK 0001330399),0001330399,10-K,2026-03-04,2025-12-31,"Pittsburgh, PA",0001330399-26-000020
0001185185-26-001133:bhic10k123125.htm,"BioScience Health Innovations, Inc.  (BHIC)  (CIK 0001784440)",0001784440,10-K,2026-03-30,2025-12-31,"Salt Lake City, UT",0001185185-26-001133
0001880661-26-000011:tpg-20251231.htm,"TPG Inc.  (TPG, TPGXL)  (CIK 0001880661)",0001880661,10-K,2026-02-17,2025-12-31,"Fort Worth, TX",0001880661-26-000011
0002065337-26-000016:cpep-20251231.htm,"Carlyle Private Equity Partners Fund, L.P.  (CIK 0002065337)",0002065337,10-K,2026-03-30,2025-12-31,"Washington, DC",0002065337-26-000016
0001193125-26-091861:ck0002028686-20251231.htm,SL Investment Fund II LLC  (CIK 0002028686),0002028686,10-K,2026-03-04,2025-12-31,"New York, NY",0001193125-26-091861
0001213900-26-048590:ea0287029-10ka1_nine.htm,"Nine Energy Service, Inc.  (NINE)  (CIK 0001532286)",0001532286,10-K/A,2026-04-28,2025-12-31,"Houston, TX",0001213900-26-048590
0001816708-26-000018:owlt-20251231.htm,"Owlet, Inc.  (OWLT, OWLTW)  (CIK 0001816708)",0001816708,10-K,2026-03-09,2025-12-31,"Lehi, UT",0001816708-26-000018
0001628280-26-009136:mco-2025x1231xexx191.htm,MOODYS CORP /DE/  (MCO)  (CIK 0001059556),0001059556,10-K,2026-02-18,2025-12-31,"New York, NY",0001628280-26-009136
0001050446-26-000020:mstr-20251231.htm,"Strategy Inc  (MSTR, STRC, STRD, STRF, STRK)  (CIK 0001050446)",0001050446,10-K,2026-02-19,2025-12-31,"Tysons Corner, VA",0001050446-26-000020
0001193125-26-196674:d103122d10ka.htm,"POWER SOLUTIONS INTERNATIONAL, INC.  (PSIX)  (CIK 0001137091)",0001137091,10-K/A,2026-04-30,2025-12-31,"Wood Dale, IL",0001193125-26-196674
0001628280-26-012240:bcrx-20251231.htm,BIOCRYST PHARMACEUTICALS INC  (BCRX)  (CIK 0000882796),0000882796,10-K,2026-02-26,2025-12-31,"Durham, NC",0001628280-26-012240
0001104659-26-028971:bcyc-20251231x10k.htm,BICYCLE THERAPEUTICS PLC  (BCYC)  (CIK 0001761612),0001761612,10-K,2026-03-17,2025-12-31,"Cambridge, X0",0001104659-26-028971
0001104659-26-015264:hth-20251231x10k.htm,Hilltop Holdings Inc.  (HTH)  (CIK 0001265131),0001265131,10-K,2026-02-13,2025-12-31,"Dallas, TX",0001104659-26-015264
0001193125-26-085756:d17859d10k.htm,"POPULAR, INC.  (BPOP, BPOPM, BPOPO)  (CIK 0000763901)",0000763901,10-K,2026-03-02,2025-12-31,"Hato Rey, PR",0001193125-26-085756
0001193125-26-103276:mcrb-20251231.htm,"Seres Therapeutics, Inc.  (MCRB)  (CIK 0001609809)",0001609809,10-K,2026-03-12,2025-12-31,"Cambridge, MA",0001193125-26-103276
0001628280-26-057358:lite-20260627.htm,Lumentum Holdings Inc.  (LITE)  (CIK 0001633978),0001633978,10-K,2026-08-17,2026-06-27,"San Jose, CA",0001628280-26-057358
0001628280-26-008008:axta-20251231.htm,Axalta Coating Systems Ltd.  (AXTA)  (CIK 0001616862),0001616862,10-K,2026-02-13,2025-12-31,"Philadelphia, PA",0001628280-26-008008
0001030469-26-000008:ofg-20251231.htm,OFG BANCORP  (OFG)  (CIK 0001030469),0001030469,10-K,2026-02-25,2025-12-31,"San Juan, PR",0001030469-26-000008
0001628280-26-012352:ctkb-20251231.htm,"Cytek Biosciences, Inc.  (CTKB)  (CIK 0001831915)",0001831915,10-K,2026-02-26,2025-12-31,"Fremont, CA",0001628280-26-012352
0001213900-26-034861:ea0281107-10k_proem1.htm,"Proem Acquisition Corp. I  (PAAC, PAACU)  (CIK 0002087446)",0002087446,10-K,2026-03-26,2025-12-31,"Dallas, TX",0001213900-26-034861
0001104659-26-037701:sngx-20251231x10k.htm,"SOLIGENIX, INC.  (SNGX)  (CIK 0000812796)",0000812796,10-K,2026-03-31,2025-12-31,"Princeton, NJ",0001104659-26-037701
0001104659-26-070987:taox-20251231x10ka.htm,TAO Synergies Inc.  (TAOX)  (CIK 0001571934),0001571934,10-K/A,2026-06-05,2025-12-31,"New York, NY",0001104659-26-070987
0001193125-26-088391:arct-20251231.htm,Arcturus Therapeutics Holdings Inc.  (ARCT)  (CIK 0001768224),0001768224,10-K,2026-03-03,2025-12-31,"San Diego, CA",0001193125-26-088391
0001628280-26-012274:art-20251231.htm,AMERICOLD REALTY TRUST  (COLD)  (CIK 0001455863),0001455863,10-K,2026-02-26,2025-12-31,"Atlanta, GA",0001628280-26-012274
0000064040-26-000013:spgi-20251231.htm,S&P Global Inc.  (SPGI)  (CIK 0000064040),0000064040,10-K,2026-02-11,2025-12-31,"New York, NY",0000064040-26-000013
0001590976-26-000037:mbuu-20260630.htm,"MALIBU BOATS, INC.  (MBUU)  (CIK 0001590976)",0001590976,10-K,2026-08-27,2026-06-30,"Loudon, TN",0001590976-26-000037
0001628280-26-011405:ghc-20251231.htm,Graham Holdings Co  (GHC)  (CIK 0000104889),0000104889,10-K,2026-02-25,2025-12-31,"Arlington, VA",0001628280-26-011405
0001213900-26-044066:ea0283888-10k_western.htm,Western Uranium & Vanadium Corp.  (WSTRF)  (CIK 0001621906),0001621906,10-K,2026-04-15,2025-12-31,Toronto,0001213900-26-044066
0001628280-26-011618:sfnc-20251231.htm,SIMMONS FIRST NATIONAL CORP  (SFNC)  (CIK 0000090498),0000090498,10-K,2026-02-25,2025-12-31,"Pine Bluff, AR",0001628280-26-011618
0001628280-26-011992:coll-20251231.htm,"COLLEGIUM PHARMACEUTICAL, INC  (COLL)  (CIK 0001267565)",0001267565,10-K,2026-02-26,2025-12-31,"Stoughton, MA",0001628280-26-011992
0001193125-26-102183:ttgt-20251231.htm,"TechTarget, Inc.  (TTGT)  (CIK 0002018064)",0002018064,10-K,2026-03-11,2025-12-31,"Newton, MA",0001193125-26-102183
0001437749-26-021988:podc20260331_10k.htm,"PodcastOne, Inc.  (PODC)  (CIK 0001940177)",0001940177,10-K,2026-06-29,2026-03-31,"Beverly Hills, CA",0001437749-26-021988
0001628280-26-059279:afrm-20260630.htm,"Affirm Holdings, Inc.  (AFRM)  (CIK 0001820953)",0001820953,10-K,2026-08-27,2026-06-30,"San Francisco, CA",0001628280-26-059279
0000033992-26-000013:kins-20251231.htm,"KINGSTONE COMPANIES, INC.  (KINS)  (CIK 0000033992)",0000033992,10-K,2026-03-16,2025-12-31,"Kingston, NY",0000033992-26-000013
0001628280-26-011089:bow-20251231.htm,Bowhead Specialty Holdings Inc.  (BOW)  (CIK 0002002473),0002002473,10-K,2026-02-24,2025-12-31,"New York, NY",0001628280-26-011089
0001802156-26-000016:xpof-20251231.htm,"Xponential Fitness, Inc.  (XPOF)  (CIK 0001802156)",0001802156,10-K,2026-03-04,2025-12-31,"Irvine, CA",0001802156-26-000016
0001628280-26-017546:chmg-20251231.htm,CHEMUNG FINANCIAL CORP  (CHMG)  (CIK 0000763563),0000763563,10-K,2026-03-13,2025-12-31,"Elmira, NY",0001628280-26-017546
0001753926-26-000548:vani-20251231.htm,"Vivani Medical, Inc.  (VANI)  (CIK 0001266806)",0001266806,10-K,2026-03-26,2025-12-31,"Alameda, CA",0001753926-26-000548
0000003499-26-000005:alx-20251231.htm,ALEXANDERS INC  (ALX)  (CIK 0000003499),0000003499,10-K,2026-02-09,2025-12-31,"Paramus, NJ",0000003499-26-000005
0001193125-26-057113:hlf-20251231.htm,HERBALIFE LTD.  (HLF)  (CIK 0001180262),0001180262,10-K,2026-02-18,2025-12-31,"George Town, E9",0001193125-26-057113
0001104659-26-020881:ntra-20251231x10k.htm,"Natera, Inc.  (NTRA)  (CIK 0001604821)",0001604821,10-K,2026-02-27,2025-12-31,"Austin, TX",0001104659-26-020881
0001516912-26-000011:obnk-20251231.htm,"Origin Bancorp, Inc.  (OBK)  (CIK 0001516912)",0001516912,10-K,2026-02-25,2025-12-31,"Ruston, LA",0001516912-26-000011
0001213900-26-068933:ea0285850-10k_terra.htm,Terra Innovatum Global N.V.  (NKLR)  (CIK 0002067627),0002067627,10-K,2026-06-16,2025-12-31,Lucca,0001213900-26-068933
0001104659-26-019696:ptgx-20251231x10k.htm,"Protagonist Therapeutics, Inc  (PTGX)  (CIK 0001377121)",0001377121,10-K,2026-02-25,2025-12-31,"Newark, CA",0001104659-26-019696
0001341766-26-000024:celh-20251231.htm,"Celsius Holdings, Inc.  (CELH)  (CIK 0001341766)",0001341766,10-K,2026-03-02,2025-12-31,"Boca Raton, FL",0001341766-26-000024
0000896264-26-000021:usna-20260103.htm,USANA HEALTH SCIENCES INC  (USNA)  (CIK 0000896264),0000896264,10-K,2026-03-16,2026-01-03,"Salt Lake City, UT",0000896264-26-000021
0001193125-26-058162:alv-20251231.htm,AUTOLIV INC  (ALV)  (CIK 0001034670),0001034670,10-K,2026-02-19,2025-12-31,"Ogden, UT",0001193125-26-058162
0001834584-26-000024:cpng-20251231.htm,"Coupang, Inc.  (CPNG)  (CIK 0001834584)",0001834584,10-K,2026-02-26,2025-12-31,"Seattle, WA",0001834584-26-000024
0001193125-26-102071:ck0001755755-20251231.htm,"VINEBROOK HOMES TRUST, INC.  (CIK 0001755755)",0001755755,10-K,2026-03-11,2025-12-31,"Dallas, TX",0001193125-26-102071
0001635282-26-000014:rmni-20251231.htm,"Rimini Street, Inc.  (RMNI)  (CIK 0001635282)",0001635282,10-K,2026-02-19,2025-12-31,"Las Vegas, NV",0001635282-26-000014
0001698990-26-000005:mgy-20251231.htm,Magnolia Oil & Gas Corp  (MGY)  (CIK 0001698990),0001698990,10-K,2026-02-12,2025-12-31,"Houston, TX",0001698990-26-000005
0001477333-26-000016:cloud-20251231.htm,"Cloudflare, Inc.  (NET)  (CIK 0001477333)",0001477333,10-K,2026-02-26,2025-12-31,"San Francisco, CA",0001477333-26-000016
0000726728-26-000011:o-20251231.htm,REALTY INCOME CORP  (O)  (CIK 0000726728),0000726728,10-K,2026-02-25,2025-12-31,"San Diego, CA",0000726728-26-000011
0000316709-26-000009:schw-20251231.htm,"SCHWAB CHARLES CORP  (SCHW, SCHW-PD, SCHW-PJ)  (CIK 0000316709)",0000316709,10-K,2026-02-25,2025-12-31,"Westlake, TX",0000316709-26-000009
0001193125-26-061340:wu-20251231.htm,Western Union CO  (WU)  (CIK 0001365135),0001365135,10-K,2026-02-20,2025-12-31,"Denver, CO",0001193125-26-061340
0001345016-26-000019:yelp-20251231.htm,YELP INC  (YELP)  (CIK 0001345016),0001345016,10-K,2026-02-27,2025-12-31,"San Francisco, CA",0001345016-26-000019
0001104659-26-021567:bfc-20251231x10k.htm,Bank First Corp  (BFC)  (CIK 0001746109),0001746109,10-K,2026-02-27,2025-12-31,"Manitowoc, WI",0001104659-26-021567
0001628280-26-057406:sndk-20260703.htm,Sandisk Corp  (SNDK)  (CIK 0002023554),0002023554,10-K,2026-08-17,2026-07-03,"Milpitas, CA",0001628280-26-057406
0001140361-26-011402:ef20060623_10k.htm,GRAHAM ALTERNATIVE INVESTMENT FUND I LLC  (CIK 0001461219),0001461219,10-K,2026-03-26,2025-12-31,"Rowayton, CT",0001140361-26-011402
0001193125-26-098616:acco-20251231.htm,ACCO BRANDS Corp  (ACCO)  (CIK 0000712034),0000712034,10-K,2026-03-09,2025-12-31,"Lake Zurich, IL",0001193125-26-098616
0000726865-26-000097:cik0000726865-20251231.htm,LINCOLN NATIONAL LIFE INSURANCE CO /IN/  (CIK 0000726865),0000726865,10-K,2026-03-12,2025-12-31,"Fort Wayne, IN",0000726865-26-000097
0001193125-26-067228:invx-20251231.htm,"Innovex International, Inc.  (INVX)  (CIK 0001042893)",0001042893,10-K,2026-02-24,2025-12-31,"Humble, TX",0001193125-26-067228
0001193125-26-104410:brbs-20251231.htm,"BLUE RIDGE BANKSHARES, INC.  (BRBS)  (CIK 0000842717)",0000842717,10-K,2026-03-12,2025-12-31,"Richmond, VA",0001193125-26-104410
0001102993-26-000014:lpsn-20251231.htm,LIVEPERSON INC  (LPSN)  (CIK 0001102993),0001102993,10-K,2026-03-16,2025-12-31,"New York, NY",0001102993-26-000014
0001463101-26-000013:enph-20251231.htm,"Enphase Energy, Inc.  (ENPH)  (CIK 0001463101)",0001463101,10-K,2026-02-17,2025-12-31,"Fremont, CA",0001463101-26-000013
0001617553-26-000016:zip-20251231.htm,"ZIPRECRUITER, INC.  (ZIP)  (CIK 0001617553)",0001617553,10-K,2026-02-25,2025-12-31,"Santa Monica, CA",0001617553-26-000016
0001922446-26-000020:dec-20251231.htm,Diversified Energy Co  (DEC)  (CIK 0001922446),0001922446,10-K,2026-02-26,2025-12-31,"Birmingham, AL",0001922446-26-000020
0001828185-26-000012:brns-20251231.htm,Barinthus Biotherapeutics plc.  (BRNS)  (CIK 0001828185),0001828185,10-K,2026-03-13,2025-12-31,"Germantown, MD",0001828185-26-000012
0001527166-26-000009:cg2025123110k.pdf,"Carlyle Group Inc.  (CG, CGABL)  (CIK 0001527166)",0001527166,10-K,2026-02-27,2025-12-31,"Washington, DC",0001527166-26-000009
0001454938-26-000015:tead-20251231.htm,Teads Holding Co.  (TEAD)  (CIK 0001454938),0001454938,10-K,2026-03-16,2025-12-31,"New York, NY",0001454938-26-000015
0001104659-26-021381:glp-20251231x10k.htm,"GLOBAL PARTNERS LP  (GLP, GLP-PB)  (CIK 0001323468)",0001323468,10-K,2026-02-27,2025-12-31,"Waltham, MA",0001104659-26-021381
0001964738-26-000007:solv-20251231.htm,Solventum Corp  (SOLV)  (CIK 0001964738),0001964738,10-K,2026-02-27,2025-12-31,"St. Paul, MN",0001964738-26-000007
0001737706-26-000010:sdrl-20251231.htm,Seadrill Ltd  (SDRL)  (CIK 0001737706),0001737706,10-K,2026-02-26,2025-12-31,Hamilton,0001737706-26-000010
0001437749-26-009237:oblg20251231_10k.htm,"TaoWeave, Inc.  (TWAV)  (CIK 0000746210)",0000746210,10-K,2026-03-20,2025-12-31,"Denver, CO",0001437749-26-009237
0001628280-26-007567:kmb-20251231.htm,KIMBERLY CLARK CORP  (KMB)  (CIK 0000055785),0000055785,10-K,2026-02-12,2025-12-31,"Irving, TX",0001628280-26-007567
0001528985-26-000002:ireit-20251231.htm,"Inland Real Estate Income Trust, Inc.  (INRE)  (CIK 0001528985)",0001528985,10-K,2026-03-11,2025-12-31,"Oak Brook, IL",0001528985-26-000002
0001588978-26-000009:prct-20251231.htm,PROCEPT BioRobotics Corp  (PRCT)  (CIK 0001588978),0001588978,10-K,2026-02-26,2025-12-31,"San Jose, CA",0001588978-26-000009
0001628280-26-006960:lyft-20251231.htm,"Lyft, Inc.  (LYFT)  (CIK 0001759509)",0001759509,10-K,2026-02-11,2025-12-31,"San Francisco, CA",0001628280-26-006960
0001524472-26-000012:xyl-20251231.htm,Xylem Inc.  (XYL)  (CIK 0001524472),0001524472,10-K,2026-02-25,2025-12-31,"Washington, DC",0001524472-26-000012
0001213900-26-035559:ea0281449-10k_praetorian.htm,"Praetorian Acquisition Corp.  (PTOR, PTORU, PTORW)  (CIK 0002093912)",0002093912,10-K,2026-03-27,2025-12-31,"Miami, FL",0001213900-26-035559
0001104659-26-027675:ep-20251231x10k.htm,EMPIRE PETROLEUM CORP  (EP)  (CIK 0000887396),0000887396,10-K,2026-03-13,2025-12-31,"Tulsa, OK",0001104659-26-027675
0001193125-26-158986:vnce-20260131.htm,VINCE HOLDING CORP.  (VNCE)  (CIK 0001579157),0001579157,10-K,2026-04-16,2026-01-31,"New York, NY",0001193125-26-158986
0001145197-26-000028:podd-20251231.htm,INSULET CORP  (PODD)  (CIK 0001145197),0001145197,10-K,2026-02-18,2025-12-31,"Acton, MA",0001145197-26-000028
0001575515-26-000008:sfm-20251228.htm,"Sprouts Farmers Market, Inc.  (SFM)  (CIK 0001575515)",0001575515,10-K,2026-02-19,2025-12-28,"Phoenix, AZ",0001575515-26-000008
0001679273-26-000026:lw-20260531.htm,"Lamb Weston Holdings, Inc.  (LW)  (CIK 0001679273)",0001679273,10-K,2026-07-24,2026-05-31,"Eagle, ID",0001679273-26-000026
0001857154-26-000015:dnut-20251228.htm,"Krispy Kreme, Inc.  (DNUT)  (CIK 0001857154)",0001857154,10-K,2026-03-06,2025-12-28,"Charlotte, NC",0001857154-26-000015
0000217346-26-000006:txt-20260103.htm,TEXTRON INC  (TXT)  (CIK 0000217346),0000217346,10-K,2026-02-11,2026-01-03,"Providence, RI",0000217346-26-000006
0001104659-26-016358:skyw-20251231x10k.htm,SKYWEST INC  (SKYW)  (CIK 0000793733),0000793733,10-K,2026-02-17,2025-12-31,"St George, UT",0001104659-26-016358
0000079879-26-000046:ppg-20251231.htm,PPG INDUSTRIES INC  (PPG)  (CIK 0000079879),0000079879,10-K,2026-02-19,2025-12-31,"Pittsburgh, PA",0000079879-26-000046
0000711669-26-000007:cban-20251231.htm,COLONY BANKCORP INC  (CBAN)  (CIK 0000711669),0000711669,10-K,2026-03-13,2025-12-31,"Fitzgerald, GA",0000711669-26-000007
0001579091-26-000018:cart-20251231.htm,Maplebear Inc.  (CART)  (CIK 0001579091),0001579091,10-K,2026-02-26,2025-12-31,"San Francisco, CA",0001579091-26-000018
0001566044-26-000002:vyne-20251231.htm,VYNE Therapeutics Inc.  (VYNE)  (CIK 0001566044),0001566044,10-K,2026-02-27,2025-12-31,"Bridgewater, NJ",0001566044-26-000002
0001535527-26-000010:crwd-20260131.htm,"CrowdStrike Holdings, Inc.  (CRWD)  (CIK 0001535527)",0001535527,10-K,2026-03-05,2026-01-31,"Austin, TX",0001535527-26-000010
0001722684-26-000007:wh-20251231.htm,"WYNDHAM HOTELS & RESORTS, INC.  (WH)  (CIK 0001722684)",0001722684,10-K,2026-02-19,2025-12-31,"Parsippany, NJ",0001722684-26-000007
0001213900-26-037459:ea0275977-10k_authid.htm,authID Inc.  (AUID)  (CIK 0001534154),0001534154,10-K,2026-03-31,2025-12-31,"Denver, CO",0001213900-26-037459
0001315098-26-000024:rblx-20251231.htm,Roblox Corp  (RBLX)  (CIK 0001315098),0001315098,10-K,2026-02-11,2025-12-31,"San Mateo, CA",0001315098-26-000024
0001079973-26-000368:dlpn_10k.htm,"Dolphin Entertainment, Inc.  (DLPN)  (CIK 0001282224)",0001282224,10-K,2026-03-27,2025-12-31,"Coral Gables, FL",0001079973-26-000368
0001104659-26-019699:arcb-20251231x10k.htm,ARCBEST CORP /DE/  (ARCB)  (CIK 0000894405),0000894405,10-K,2026-02-25,2025-12-31,"Fort Smith, AR",0001104659-26-019699
0001022079-26-000015:dgx-20251231.htm,QUEST DIAGNOSTICS INC  (DGX)  (CIK 0001022079),0001022079,10-K,2026-02-26,2025-12-31,"Secaucus, NJ",0001022079-26-000015
0001193125-26-062604:d778470d10k.htm,WATERS CORP /DE/  (WAT)  (CIK 0001000697),0001000697,10-K,2026-02-23,2025-12-31,"Milford, MA",0001193125-26-062604
0002041385-26-000023:ral-20251231.htm,Ralliant Corp  (RAL)  (CIK 0002041385),0002041385,10-K,2026-02-26,2025-12-31,"Raleigh, NC",0002041385-26-000023
0001193125-26-104172:pew-20251231.htm,"GrabAGun Digital Holdings Inc.  (PEW, PEW-WT)  (CIK 0002051380)",0002051380,10-K,2026-03-12,2025-12-31,"Coppell, TX",0001193125-26-104172
0001295947-26-000016:pbh-20260331.htm,Prestige Consumer Healthcare Inc.  (PBH)  (CIK 0001295947),0001295947,10-K,2026-05-14,2026-03-31,"Tarrytown, NY",0001295947-26-000016
0000864270-26-000006:ahfc-20260331.htm,AMERICAN HONDA FINANCE CORP  (CIK 0000864270),0000864270,10-K,2026-06-18,2026-03-31,"Torrance, CA",0000864270-26-000006
0001631569-26-000012:chct-20251231.htm,Community Healthcare Trust Inc  (CHCT)  (CIK 0001631569),0001631569,10-K,2026-02-17,2025-12-31,"Franklin, TN",0001631569-26-000012
0000884887-26-000007:rcl-20251231.htm,ROYAL CARIBBEAN CRUISES LTD  (RCL)  (CIK 0000884887),0000884887,10-K,2026-02-11,2025-12-31,"Miami, FL",0000884887-26-000007
0001104659-26-031270:asrv-20251231x10k.htm,AMERISERV FINANCIAL INC /PA/  (ASRV)  (CIK 0000707605),0000707605,10-K,2026-03-18,2025-12-31,"Johnstown, PA",0001104659-26-031270
0001713445-26-000022:rddt-20251231.htm,"Reddit, Inc.  (RDDT)  (CIK 0001713445)",0001713445,10-K,2026-02-06,2025-12-31,"San Francisco, CA",0001713445-26-000022
0001628280-26-014379:eye-20260103.htm,"National Vision Holdings, Inc.  (EYE)  (CIK 0001710155)",0001710155,10-K,2026-03-04,2026-01-03,"Duluth, GA",0001628280-26-014379
0001628280-26-059179:bowl-20260628.htm,Lucky Strike Entertainment Corp  (LUCK)  (CIK 0001840572),0001840572,10-K,2026-08-27,2026-06-28,"Mechanicsville, VA",0001628280-26-059179
0001213900-26-016592:ea0275738-10k_ambow.htm,Ambow Education Holding Ltd.  (AMBO)  (CIK 0001494558),0001494558,10-K,2026-02-13,2025-12-31,"Cupertino, CA",0001213900-26-016592
0001748790-26-000022:amcr-20260630.htm,"Amcor plc  (AMCR, AMCCF)  (CIK 0001748790)",0001748790,10-K,2026-08-14,2026-06-30,"Warmley, Bristol, X0",0001748790-26-000022
0000840489-26-000032:fcfs-20251231.htm,"FirstCash Holdings, Inc.  (FCFS)  (CIK 0000840489)",0000840489,10-K,2026-02-09,2025-12-31,"Fort Worth, TX",0000840489-26-000032
0001837671-26-000019:cpt-20251231.htm,Copper Property CTL Pass Through Trust  (CPPTL)  (CIK 0001837671),0001837671,10-K,2026-03-13,2025-12-31,"Plano, TX",0001837671-26-000019
0000102752-26-000015:vsec-20251231.htm,"VSE CORP  (VSEC, VSECU)  (CIK 0000102752)",0000102752,10-K,2026-02-27,2025-12-31,"Miramar, FL",0000102752-26-000015
0001193125-26-076932:altg-20251231.htm,"ALTA EQUIPMENT GROUP INC.  (ALTG, ALTG-PA)  (CIK 0001759824)",0001759824,10-K,2026-02-26,2025-12-31,"Livonia, MI",0001193125-26-076932
0001437749-26-010647:rekr20251231_10k.htm,"Rekor Systems, Inc.  (REKR)  (CIK 0001697851)",0001697851,10-K,2026-03-31,2025-12-31,"Columbia, MD",0001437749-26-010647
0001827090-26-000011:cert-20251231.htm,"Certara, Inc.  (CERT)  (CIK 0001827090)",0001827090,10-K,2026-02-26,2025-12-31,"Radnor, PA",0001827090-26-000011
0000766421-26-000010:alk-20251231.htm,"ALASKA AIR GROUP, INC.  (ALK)  (CIK 0000766421)",0000766421,10-K,2026-02-12,2025-12-31,"Seattle, WA",0000766421-26-000010
0001493152-26-010604:form10-k.htm,Hapi Metaverse Inc.  (CIK 0001600347),0001600347,10-K,2026-03-17,2025-12-31,"Bethesda, MD",0001493152-26-010604
0001999371-26-007357:cvu-10k_123125.htm,CPI AEROSTRUCTURES INC  (CVU)  (CIK 0000889348),0000889348,10-K,2026-03-31,2025-12-31,"Edgewood, NY",0001999371-26-007357
0000910108-26-000009:lxp-20251231.htm,"LXP Industrial Trust  (LXP, LXP-PC)  (CIK 0000910108)",0000910108,10-K,2026-02-12,2025-12-31,"New York, NY",0000910108-26-000009
0001193125-26-125205:mchx-20251231.htm,MARCHEX INC  (MCHX)  (CIK 0001224133),0001224133,10-K,2026-03-26,2025-12-31,"Seattle, WA",0001193125-26-125205
0001474432-26-000027:pstg-20260201.htm,"Everpure, Inc.  (PSTG)  (CIK 0001474432)",0001474432,10-K,2026-03-25,2026-02-01,"Santa Clara, CA",0001474432-26-000027
0001628280-26-007587:cw-20251231.htm,CURTISS WRIGHT CORP  (CW)  (CIK 0000026324),0000026324,10-K,2026-02-12,2025-12-31,"Davidson, NC",0001628280-26-007587
0001328581-26-000006:bcc-20251231.htm,BOISE CASCADE Co  (BCC)  (CIK 0001328581),0001328581,10-K,2026-02-24,2025-12-31,"Boise, ID",0001328581-26-000006
0001999371-26-007731:cvu-10ka_123125.htm,CPI AEROSTRUCTURES INC  (CVU)  (CIK 0000889348),0000889348,10-K/A,2026-04-07,2025-12-31,"Edgewood, NY",0001999371-26-007731
0000930420-26-000007:kfrc-20251231.htm,KFORCE INC  (KFRC)  (CIK 0000930420),0000930420,10-K,2026-02-20,2025-12-31,"Tampa, FL",0000930420-26-000007
0001096906-26-000918:sntl_10k.htm,Sentinel Holdings Ltd.  (SNTL)  (CIK 0000889353),0000889353,10-K,2026-06-05,2025-12-31,"Santa Clara, CA",0001096906-26-000918
0000091142-26-000008:aos-20251231.htm,SMITH A O CORP  (AOS)  (CIK 0000091142),0000091142,10-K,2026-02-10,2025-12-31,"Milwaukee, WI",0000091142-26-000008
0001040161-26-000019:pxlw-20251231.htm,"PIXELWORKS, INC  (PXLW)  (CIK 0001040161)",0001040161,10-K,2026-03-12,2025-12-31,"Portland, OR",0001040161-26-000019
0000072909-26-000003:nspw-20251231.htm,NORTHERN STATES POWER CO /WI/  (CIK 0000072909),0000072909,10-K,2026-02-25,2025-12-31,"Eau Claire, WI",0000072909-26-000003
0001683168-26-002975:bioregenx_i10k-123125.htm,"BIOREGENX, INC.  (BRGX)  (CIK 0001593184)",0001593184,10-K,2026-04-15,2025-12-31,"Chattanooga, TN",0001683168-26-002975
0000932696-26-000007:nsit-20251231.htm,INSIGHT ENTERPRISES INC  (NSIT)  (CIK 0000932696),0000932696,10-K,2026-02-12,2025-12-31,"Chandler, AZ",0000932696-26-000007
0001104659-26-037886:dwsn-20251231x10k.htm,DAWSON GEOPHYSICAL CO  (DWSN)  (CIK 0000799165),0000799165,10-K,2026-03-31,2025-12-31,"Midland, TX",0001104659-26-037886
0001493152-26-027756:form10-ka.htm,"Cycurion, Inc.  (CYCU, CYCUW)  (CIK 0001868419)",0001868419,10-K/A,2026-06-08,2025-12-31,"Mclean, VA",0001493152-26-027756
0001493152-26-016615:form10-k.htm,"Mag Mile Capital, Inc.  (MMCP)  (CIK 0001879293)",0001879293,10-K,2026-04-14,2025-12-31,"Chicago, IL",0001493152-26-016615
0000701719-26-000004:ela-20251231x10k.htm,Envela Corp  (ELA)  (CIK 0000701719),0000701719,10-K,2026-03-18,2025-12-31,"Irving, TX",0000701719-26-000004
0000071829-26-000009:nr-20251231.htm,NPK International Inc.  (NPKI)  (CIK 0000071829),0000071829,10-K,2026-02-27,2025-12-31,"The Woodlands, TX",0000071829-26-000009
0001193125-26-108471:ghi-20251231.htm,Greystone Housing Impact Investors LP  (GHI)  (CIK 0001059142),0001059142,10-K,2026-03-16,2025-12-31,"Omaha, NE",0001193125-26-108471
0001140361-26-009576:ef20039040_10k.htm,TRUSTCO BANK CORP N Y  (TRST)  (CIK 0000357301),0000357301,10-K,2026-03-16,2025-12-31,"Albany, NY",0001140361-26-009576
0001493152-26-021954:form10-k.htm,HONG YUAN HOLDING GROUP  (HGYN)  (CIK 0001324759),0001324759,10-K,2026-05-08,2025-12-31,Chengdu High-tech Zone,0001493152-26-021954
0001002910-26-000009:aee-20251231.htm,"AMEREN CORP  (AEE)  (CIK 0001002910), Ameren Illinois Co  (CIK 0000018654), UNION ELECTRIC CO  (CIK 0000100826)","0001002910, 0000018654, 0000100826",10-K,2026-02-18,2025-12-31,"St Louis, MO, Collinsville, IL, St Louis, MO",0001002910-26-000009
0001193125-26-096522:gaia-20251231.htm,"GAIA, INC  (GAIA)  (CIK 0001089872)",0001089872,10-K,2026-03-06,2025-12-31,"Louisville, CO",0001193125-26-096522
0001375365-26-000022:smci-20260630.htm,"Super Micro Computer, Inc.  (SMCI, SMCIP)  (CIK 0001375365)",0001375365,10-K,2026-08-31,2026-06-30,"San Jose, CA",0001375365-26-000022
0002061670-26-000022:mlend-20251231.htm,Monroe Capital Enhanced Corporate Lending Fund  (CIK 0002061670),0002061670,10-K,2026-03-09,2025-12-31,"Chicago, IL",0002061670-26-000022
0000798941-26-000015:fcnca-20251231.htm,"FIRST CITIZENS BANCSHARES INC /DE/  (FCNCA, FCNCB, FCNCN, FCNCO, FCNCP)  (CIK 0000798941)",0000798941,10-K,2026-02-24,2025-12-31,"Raleigh, NC",0000798941-26-000015
0001193125-26-239413:mdrx-20241231.htm,Veradigm Inc.  (CIK 0001124804),0001124804,10-K,2026-05-26,2024-12-31,"Chicago, IL",0001193125-26-239413
0001037540-26-000006:bxp-20251231.htm,"BXP, Inc.  (BXP)  (CIK 0001037540), BOSTON PROPERTIES LTD PARTNERSHIP  (CIK 0001043121)","0001037540, 0001043121",10-K,2026-02-27,2025-12-31,"Boston, MA, Boston, MA",0001037540-26-000006
0000037996-26-000015:f-20251231.htm,"FORD MOTOR CO  (F, F-PB, F-PC, F-PD)  (CIK 0000037996)",0000037996,10-K,2026-02-11,2025-12-31,"Dearborn, MI",0000037996-26-000015
0001593275-26-000021:hg-20251231.htm,"Hamilton Insurance Group, Ltd.  (HG)  (CIK 0001593275)",0001593275,10-K,2026-02-25,2025-12-31,"Pembroke, D0",0001593275-26-000021
0001289419-26-000013:morn-20251231.htm,"Morningstar, Inc.  (MORN)  (CIK 0001289419)",0001289419,10-K,2026-02-13,2025-12-31,"Chicago, IL",0001289419-26-000013
0001036262-26-000012:intt-20251231.htm,INTEST CORP  (INTT)  (CIK 0001036262),0001036262,10-K,2026-03-12,2025-12-31,"Mt. Laurel, NJ",0001036262-26-000012
0001104659-26-037680:sdir-20251231x10k.htm,"StratCap Digital Infrastructure REIT, Inc.  (CIK 0001868516)",0001868516,10-K,2026-03-31,2025-12-31,"New York, NY",0001104659-26-037680
0001493152-26-014133:form10-k.htm,"Our Bond, Inc.  (OBAI)  (CIK 0001756064)",0001756064,10-K,2026-03-31,2025-12-31,"Boston, MA",0001493152-26-014133
0001628280-26-008002:trow-20251231.htm,PRICE T ROWE GROUP INC  (TROW)  (CIK 0001113169),0001113169,10-K,2026-02-13,2025-12-31,"Baltimore, MD",0001628280-26-008002
0001058290-26-000008:ctsh-20251231.htm,COGNIZANT TECHNOLOGY SOLUTIONS CORP  (CTSH)  (CIK 0001058290),0001058290,10-K,2026-02-12,2025-12-31,"Teaneck, NJ",0001058290-26-000008
0001441683-26-000013:appn-20251231.htm,APPIAN CORP  (APPN)  (CIK 0001441683),0001441683,10-K,2026-02-19,2025-12-31,"Mclean, VA",0001441683-26-000013
0001213900-26-035586:ea0283261-10k_muzero.htm,"Muzero Acquisition Corp  (MUZE, MUZEU, MUZEW)  (CIK 0002093484)",0002093484,10-K,2026-03-27,2025-12-31,"New York, NY",0001213900-26-035586
0001193125-26-071747:geo-20251231.htm,GEO GROUP INC  (GEO)  (CIK 0000923796),0000923796,10-K,2026-02-25,2025-12-31,"Boca Raton, FL",0001193125-26-071747
0001055160-26-000004:mfa-20251231.htm,"MFA FINANCIAL, INC.  (MFA, MFAN, MFAO, MFA-PB, MFA-PC)  (CIK 0001055160)",0001055160,10-K,2026-02-20,2025-12-31,"New York, NY",0001055160-26-000004
0001193125-26-071551:carl-20251231.htm,"CARLSMED, INC.  (CARL)  (CIK 0001794546)",0001794546,10-K,2026-02-25,2025-12-31,"Carlsbad, CA",0001193125-26-071551
0001213900-26-036370:ea0279078-10k_inmune.htm,"Inmune Bio, Inc.  (INMB)  (CIK 0001711754)",0001711754,10-K,2026-03-30,2025-12-31,"Boca Raton, FL",0001213900-26-036370
0001652044-26-000018:goog-20251231.htm,"Alphabet Inc.  (GOOG, GOOGL)  (CIK 0001652044)",0001652044,10-K,2026-02-05,2025-12-31,"Mountain View, CA",0001652044-26-000018
0001967680-26-000011:vlto-20251231.htm,Veralto Corp  (VLTO)  (CIK 0001967680),0001967680,10-K,2026-02-20,2025-12-31,"Waltham, MA",0001967680-26-000011
0001193125-26-105146:talk-20251231.htm,"Talkspace, Inc.  (TALK, TALKW)  (CIK 0001803901)",0001803901,10-K,2026-03-13,2025-12-31,"New York, NY",0001193125-26-105146
0001493152-26-011988:form10-k.htm,"AI Infrastructure Acquisition Corp.  (AIIA, AIIA-RI, AIIA-UN)  (CIK 0002073553)",0002073553,10-K,2026-03-20,2025-12-31,"Las Vegas, NV",0001493152-26-011988
0001437749-26-005114:blkbx20251231_10k.htm,BLACKBOXSTOCKS INC.  (BLBX)  (CIK 0001567900),0001567900,10-K,2026-02-23,2025-12-31,"Dallas, TX",0001437749-26-005114
0001078075-26-000050:ntct-20260331.htm,NETSCOUT SYSTEMS INC  (NTCT)  (CIK 0001078075),0001078075,10-K,2026-05-14,2026-03-31,"Westford, MA",0001078075-26-000050
0001437749-26-006076:dan20251231_10k.htm,DANA Inc  (DAN)  (CIK 0000026780),0000026780,10-K,2026-02-27,2025-12-31,"Maumee, OH",0001437749-26-006076
0001628280-26-045262:dakt-20260502.htm,DAKTRONICS INC /SD/  (DAKT)  (CIK 0000915779),0000915779,10-K,2026-06-24,2026-05-02,"Brookings, SD",0001628280-26-045262
0001493152-26-018144:form10-k.htm,AMC Robotics Corp  (AMCI)  (CIK 0001937891),0001937891,10-K,2026-04-20,2025-12-31,"New York, NY",0001493152-26-018144
0001630472-26-000004:trtx-20251231.htm,"TPG RE Finance Trust, Inc.  (TRTX, TRTX-PC)  (CIK 0001630472)",0001630472,10-K,2026-02-17,2025-12-31,"San Francisco, CA",0001630472-26-000004
0001104659-26-037915:taox-20251231x10k.htm,TAO Synergies Inc.  (TAOX)  (CIK 0001571934),0001571934,10-K,2026-03-31,2025-12-31,"New York, NY",0001104659-26-037915
0001662972-26-000032:breit-20251231.htm,"Blackstone Real Estate Income Trust, Inc.  (BSTT)  (CIK 0001662972)",0001662972,10-K,2026-02-27,2025-12-31,"New York, NY",0001662972-26-000032
0001493152-26-014376:form10-k.htm,Streamex Corp.  (STEX)  (CIK 0001530766),0001530766,10-K,2026-03-31,2025-12-31,"Winter Park, FL",0001493152-26-014376
0001628280-26-012000:cccc-20251231.htm,"C4 Therapeutics, Inc.  (CCCC)  (CIK 0001662579)",0001662579,10-K,2026-02-26,2025-12-31,"Watertown, MA",0001628280-26-012000
0001193125-26-115123:acrv-20251231.htm,"Acrivon Therapeutics, Inc.  (ACRV)  (CIK 0001781174)",0001781174,10-K,2026-03-19,2025-12-31,"Watertown, MA",0001193125-26-115123
0001039828-26-000004:angpd-20251231.htm,American National Group Inc.  (ANG-PD)  (CIK 0001039828),0001039828,10-K,2026-03-31,2025-12-31,"West Demoines, IA",0001039828-26-000004
0001525221-26-000013:vtol-20251231.htm,Bristow Group Inc.  (VTOL)  (CIK 0001525221),0001525221,10-K,2026-02-26,2025-12-31,"Houston, TX",0001525221-26-000013
0001653558-26-000066:prth-20251231.htm,"Priority Technology Holdings, Inc.  (PRTH, PRTHU)  (CIK 0001653558)",0001653558,10-K,2026-03-10,2025-12-31,"Alpharetta, GA",0001653558-26-000066
0001511737-26-000056:ubnt-20260630.htm,Ubiquiti Inc.  (UI)  (CIK 0001511737),0001511737,10-K,2026-08-21,2026-06-30,"New York, NY",0001511737-26-000056
0001628280-26-015920:davey-20251231.htm,DAVEY TREE EXPERT CO  (CIK 0000277638),0000277638,10-K,2026-03-09,2025-12-31,"Kent, OH",0001628280-26-015920
0001628280-26-037664:deck-20260331.htm,DECKERS OUTDOOR CORP  (DECK)  (CIK 0000910521),0000910521,10-K,2026-05-22,2026-03-31,"Goleta, CA",0001628280-26-037664
0001032208-26-000010:sre-20251231.htm,"SEMPRA  (SRE, SREA)  (CIK 0001032208), SAN DIEGO GAS & ELECTRIC CO  (CIK 0000086521), SOUTHERN CALIFORNIA GAS CO  (CIK 0000092108)","0001032208, 0000086521, 0000092108",10-K,2026-02-26,2025-12-31,"San Diego, CA, San Diego, CA, Los Angeles, CA",0001032208-26-000010
0001939433-26-000046:cnsreit-20251231.htm,"Cohen & Steers Income Opportunities REIT, Inc.  (CIK 0001939433)",0001939433,10-K,2026-03-17,2025-12-31,"New York, NY",0001939433-26-000046
0001628280-26-013808:hnge-20251231.htm,"Hinge Health, Inc.  (HNGE)  (CIK 0001673743)",0001673743,10-K,2026-03-03,2025-12-31,"San Francisco, CA",0001628280-26-013808
0001386570-26-000013:cdxc-20251231.htm,"Niagen Bioscience, Inc.  (NAGE)  (CIK 0001386570)",0001386570,10-K,2026-03-04,2025-12-31,"Los Angeles, CA",0001386570-26-000013
0001193125-26-054586:dfin-20251231.htm,"Donnelley Financial Solutions, Inc.  (DFIN)  (CIK 0001669811)",0001669811,10-K,2026-02-17,2025-12-31,"Lancaster, PA",0001193125-26-054586
0001628280-26-011576:fss-20251231.htm,FEDERAL SIGNAL CORP /DE/  (FSS)  (CIK 0000277509),0000277509,10-K,2026-02-25,2025-12-31,"Downers Grove, IL",0001628280-26-011576
0001808997-26-000031:aout-20260430.htm,"American Outdoor Brands, Inc.  (AOUT)  (CIK 0001808997)",0001808997,10-K,2026-06-25,2026-04-30,"Columbia, MO",0001808997-26-000031
0001628280-26-009479:laur-20251231.htm,"LAUREATE EDUCATION, INC.  (LAUR)  (CIK 0000912766)",0000912766,10-K,2026-02-19,2025-12-31,"Miami, FL",0001628280-26-009479
0001753539-26-000049:bksy-20251231.htm,"BlackSky Technology Inc.  (BKSY, BKSY-WT)  (CIK 0001753539)",0001753539,10-K/A,2026-04-16,2025-12-31,"Herndon, VA",0001753539-26-000049
0001140361-26-011404:ef20060624_10k.htm,GRAHAM ALTERNATIVE INVESTMENT FUND II LLC  (CIK 0001461237),0001461237,10-K,2026-03-26,2025-12-31,"Rowayton, CT",0001140361-26-011404
0001213900-26-022417:ea0278445-10k_quantum.htm,Quantum Computing Inc.  (QUBT)  (CIK 0001758009),0001758009,10-K,2026-03-02,2025-12-31,"Hoboken, NJ",0001213900-26-022417
0001193125-26-071676:uhs-20251231.htm,UNIVERSAL HEALTH SERVICES INC  (UHS)  (CIK 0000352915),0000352915,10-K,2026-02-25,2025-12-31,"King of Prussia, PA",0001193125-26-071676
0001193125-26-086645:amlx-20251231.htm,"Amylyx Pharmaceuticals, Inc.  (AMLX)  (CIK 0001658551)",0001658551,10-K,2026-03-03,2025-12-31,"Cambridge, MA",0001193125-26-086645
0001104659-26-092044:cvsa-20260630x10k.htm,Covista Inc.  (CVSA)  (CIK 0000730464),0000730464,10-K,2026-08-06,2026-06-30,"Chicago, IL",0001104659-26-092044
0001376474-26-000348:nvec-20260331_10k.htm,NVE CORP /NEW/  (NVEC)  (CIK 0000724910),0000724910,10-K,2026-05-06,2026-03-31,"Eden Prairie, MN",0001376474-26-000348
0001101302-26-000012:entg-20251231.htm,ENTEGRIS INC  (ENTG)  (CIK 0001101302),0001101302,10-K,2026-02-11,2025-12-31,"Billerica, MA",0001101302-26-000012
0001258602-26-000014:nni-20251231.htm,NELNET INC  (NNI)  (CIK 0001258602),0001258602,10-K,2026-02-26,2025-12-31,"Lincoln, NE",0001258602-26-000014
0001964333-26-000016:bhrb-20251231.htm,Burke & Herbert Financial Services Corp.  (BHRB)  (CIK 0001964333),0001964333,10-K,2026-02-27,2025-12-31,"Alexandria, VA",0001964333-26-000016
0001628280-26-017374:aawh-20251231.htm,"Ascend Wellness Holdings, Inc.  (AAWH)  (CIK 0001756390)",0001756390,10-K,2026-03-12,2025-12-31,"Morristown, NJ",0001628280-26-017374
0001286043-26-000009:krg-20251231.htm,"KITE REALTY GROUP TRUST  (KRG)  (CIK 0001286043), Kite Realty Group, L.P.  (CIK 0001636315)","0001286043, 0001636315",10-K,2026-02-17,2025-12-31,"Indianapolis, IN, Indianapolis, IN",0001286043-26-000009
0001628280-26-015693:tusk-20251231.htm,"MAMMOTH ENERGY SERVICES, INC.  (TUSK)  (CIK 0001679268)",0001679268,10-K,2026-03-06,2025-12-31,"Oklahoma City, OK",0001628280-26-015693
0001193125-26-076902:adpt-20251231.htm,Adaptive Biotechnologies Corp  (ADPT)  (CIK 0001478320),0001478320,10-K,2026-02-26,2025-12-31,"Seattle, WA",0001193125-26-076902
0001493152-26-031069:form10-k.htm,"Roadzen Inc.  (RDZN, RDZNW)  (CIK 0001868640)",0001868640,10-K,2026-06-29,2026-03-31,"Burlingame, CA",0001493152-26-031069
0001398733-26-000018:aqst-20251231.htm,"Aquestive Therapeutics, Inc.  (AQST)  (CIK 0001398733)",0001398733,10-K,2026-03-04,2025-12-31,"Warren, NJ",0001398733-26-000018
0001193125-26-092614:algs-20251231.htm,"Aligos Therapeutics, Inc.  (ALGS)  (CIK 0001799448)",0001799448,10-K,2026-03-05,2025-12-31,"South San Francisco, CA",0001193125-26-092614
0001493152-26-025106:form10-k.htm,"Global Interactive Technologies, Inc.  (GITS)  (CIK 0001911545)",0001911545,10-K,2026-05-26,2025-12-31,"Seoul, M5",0001493152-26-025106
0001493152-26-003989:form10-k.htm,"M2i Global, Inc.  (MTWO)  (CIK 0001753373)",0001753373,10-K,2026-01-28,2025-11-30,"Incline Village, NV",0001493152-26-003989
0001437749-26-005982:vpg20251231_10k.htm,"Vishay Precision Group, Inc.  (VPG)  (CIK 0001487952)",0001487952,10-K,2026-02-27,2025-12-31,"Malvern, PA",0001437749-26-005982
0001175454-26-000018:flt-20251231.htm,"CORPAY, INC.  (CPAY)  (CIK 0001175454)",0001175454,10-K,2026-02-27,2025-12-31,"Atlanta, GA",0001175454-26-000018
0001104659-26-034532:armp-20251231x10k.htm,"Armata Pharmaceuticals, Inc.  (ARMP)  (CIK 0000921114)",0000921114,10-K,2026-03-25,2025-12-31,"Los Angeles, CA",0001104659-26-034532
0001140361-26-024463:ef20070436_10k.htm,MOTORCAR PARTS OF AMERICA INC  (MPAA)  (CIK 0000918251),0000918251,10-K,2026-06-08,2026-03-31,"Torrance, CA",0001140361-26-024463
0001213900-26-035981:ea0282911-10k_ondas.htm,Ondas Inc.  (ONDS)  (CIK 0001646188),0001646188,10-K,2026-03-30,2025-12-31,"West Palm Beach, FL",0001213900-26-035981
0001101239-26-000032:eqix-20251231.htm,EQUINIX INC  (EQIX)  (CIK 0001101239),0001101239,10-K,2026-02-11,2025-12-31,"Redwood City, CA",0001101239-26-000032
0001104659-26-017560:cto-20251231x10k.htm,"CTO Realty Growth, Inc.  (CTO, CTO-PA)  (CIK 0000023795)",0000023795,10-K,2026-02-19,2025-12-31,"Winter Park, FL",0001104659-26-017560
0001493152-26-007352:form10-k.htm,"ProCap Financial, Inc.  (BRR, BRRWW)  (CIK 0002076163)",0002076163,10-K,2026-02-18,2025-12-31,"New York, NY",0001493152-26-007352
0001045450-26-000007:epr-20251231.htm,"EPR PROPERTIES  (EPR, EPR-PC, EPR-PE, EPR-PG)  (CIK 0001045450)",0001045450,10-K,2026-02-26,2025-12-31,"Kansas City, MO",0001045450-26-000007
0001628280-26-037074:rl-20260328.htm,RALPH LAUREN CORP  (RL)  (CIK 0001037038),0001037038,10-K,2026-05-21,2026-03-28,"New York, NY",0001628280-26-037074
0001217234-26-000018:cdna-20251231.htm,"CareDx, Inc.  (CDNA)  (CIK 0001217234)",0001217234,10-K,2026-02-25,2025-12-31,"Brisbane, CA",0001217234-26-000018
0001934850-26-000026:fg-20251231.htm,"F&G Annuities & Life, Inc.  (FG, FGN, FGSN)  (CIK 0001934850)",0001934850,10-K,2026-02-26,2025-12-31,"Des Moines, IA",0001934850-26-000026
0000796343-26-000003:adbe-20251128.htm,ADOBE INC.  (ADBE)  (CIK 0000796343),0000796343,10-K,2026-01-15,2025-11-28,"San Jose, CA",0000796343-26-000003
0001766502-26-000034:chwy-20260201.htm,"Chewy, Inc.  (CHWY)  (CIK 0001766502)",0001766502,10-K,2026-03-25,2026-02-01,"Plantation, FL",0001766502-26-000034
0001267238-26-000010:aiz-20251231.htm,"ASSURANT, INC.  (AIZ, AIZN)  (CIK 0001267238)",0001267238,10-K,2026-02-19,2025-12-31,"Atlanta, GA",0001267238-26-000010
0001636422-26-000035:hcat-20251231.htm,"Health Catalyst, Inc.  (HCAT)  (CIK 0001636422)",0001636422,10-K,2026-03-12,2025-12-31,"South Jordan, UT",0001636422-26-000035
0001083301-26-000031:wulf-20251231.htm,TERAWULF INC.  (WULF)  (CIK 0001083301),0001083301,10-K,2026-02-27,2025-12-31,"Easton, MD",0001083301-26-000031
0001213900-26-035730:ea0282653-10k_muzinich.htm,"Muzinich BDC, Inc.  (CIK 0001779523)",0001779523,10-K,2026-03-27,2025-12-31,"New York, NY",0001213900-26-035730
0001628280-26-019865:lunr-20251231.htm,"Intuitive Machines, Inc.  (LUNR)  (CIK 0001844452)",0001844452,10-K,2026-03-19,2025-12-31,"Houston, TX",0001628280-26-019865
0001628280-26-012289:run-20251231.htm,Sunrun Inc.  (RUN)  (CIK 0001469367),0001469367,10-K,2026-02-26,2025-12-31,"San Francisco, CA",0001628280-26-012289
0001193125-26-128311:nksh-20251231.htm,NATIONAL BANKSHARES INC  (NKSH)  (CIK 0000796534),0000796534,10-K,2026-03-27,2025-12-31,"Blacksburg, VA",0001193125-26-128311
0001213900-26-035683:ea0282966-10k_launchpad1.htm,"Launchpad Cadenza Acquisition Corp I  (LPCV, LPCVU, LPCVW)  (CIK 0002083728)",0002083728,10-K,2026-03-27,2025-12-31,"Oakland, CA",0001213900-26-035683
0001628280-26-027232:wlth-20260131.htm,WEALTHFRONT CORP  (WLTH)  (CIK 0001524566),0001524566,10-K,2026-04-24,2026-01-31,"Palo Alto, CA",0001628280-26-027232
0001628280-26-010705:lpla-20251231.htm,LPL Financial Holdings Inc.  (LPLA)  (CIK 0001397911),0001397911,10-K,2026-02-23,2025-12-31,"San Diego, CA",0001628280-26-010705
0001628280-26-016799:mdb-20260131.htm,"MongoDB, Inc.  (MDB)  (CIK 0001441816)",0001441816,10-K,2026-03-11,2026-01-31,"New York, NY",0001628280-26-016799
0001466026-26-000020:msbi-20251231.htm,"Midland States Bancorp, Inc.  (MSBI, MSBIP)  (CIK 0001466026)",0001466026,10-K,2026-03-02,2025-12-31,"Effingham, IL",0001466026-26-000020
0001606909-26-000010:panl-20251231.htm,Pangaea Logistics Solutions Ltd.  (PANL)  (CIK 0001606909),0001606909,10-K,2026-03-16,2025-12-31,"Newport, RI",0001606909-26-000010
0001585364-26-000009:prgo-20251231.htm,PERRIGO Co plc  (PRGO)  (CIK 0001585364),0001585364,10-K,2026-02-26,2025-12-31,"Dublin 2, L2",0001585364-26-000009
0000093410-26-000078:cvx-20251231.htm,CHEVRON CORP  (CVX)  (CIK 0000093410),0000093410,10-K,2026-02-24,2025-12-31,"Houston, TX",0000093410-26-000078
0000059558-26-000016:lnc-20251231.htm,"LINCOLN NATIONAL CORP  (LNC, LNC-PD)  (CIK 0000059558)",0000059558,10-K,2026-02-19,2025-12-31,"Radnor, PA",0000059558-26-000016
0001506307-26-000011:kmi-20251231.htm,"KINDER MORGAN, INC.  (KMI, EP-PC)  (CIK 0001506307)",0001506307,10-K,2026-02-13,2025-12-31,"Houston, TX",0001506307-26-000011
0001214659-26-002458:wti-20251231.htm,"WisdomTree, Inc.  (WT)  (CIK 0000880631)",0000880631,10-K,2026-02-25,2025-12-31,"New York, NY",0001214659-26-002458
0000876437-26-000010:mtg-20251231.htm,MGIC INVESTMENT CORP  (MTG)  (CIK 0000876437),0000876437,10-K,2026-02-25,2025-12-31,"Milwaukee, WI",0000876437-26-000010
0001628280-26-009997:iaci-20251231.htm,IAC Inc.  (IAC)  (CIK 0001800227),0001800227,10-K,2026-02-20,2025-12-31,"New York, NY",0001628280-26-009997
0001193125-26-079167:tmci-20251231.htm,"TREACE MEDICAL CONCEPTS, INC.  (TMCI)  (CIK 0001630627)",0001630627,10-K,2026-02-27,2025-12-31,"Ponte Vedra, FL",0001193125-26-079167
0001856365-26-000006:finw-20251231.htm,Finwise Bancorp  (FINW)  (CIK 0001856365),0001856365,10-K,2026-03-23,2025-12-31,"Murray, UT",0001856365-26-000006
0001819810-26-000029:rdw-20251231.htm,Redwire Corp  (RDW)  (CIK 0001819810),0001819810,10-K,2026-02-27,2025-12-31,"Jacksonville, FL",0001819810-26-000029
0001062993-26-002973:form10k.htm,HIVE Digital Technologies Ltd.  (HIVE)  (CIK 0001720424),0001720424,10-K,2026-06-02,2026-03-31,"Vancouver, A1",0001062993-26-002973
0001524358-26-000010:vac-20251231.htm,MARRIOTT VACATIONS WORLDWIDE Corp  (VAC)  (CIK 0001524358),0001524358,10-K,2026-03-02,2025-12-31,"Orlando, FL",0001524358-26-000010
0001193125-26-124183:gcts-20251231.htm,"GCT Semiconductor Holding, Inc.  (GCTS, GCTS-WT)  (CIK 0001851961)",0001851961,10-K,2026-03-25,2025-12-31,"San Jose, CA",0001193125-26-124183
0001104659-26-027217:bhb-20251231x10k.htm,BAR HARBOR BANKSHARES  (BHB)  (CIK 0000743367),0000743367,10-K,2026-03-13,2025-12-31,"Bar Harbor, ME",0001104659-26-027217
0001193125-26-120372:ftci-20251231.htm,"FTC Solar, Inc.  (FTCI)  (CIK 0001828161)",0001828161,10-K,2026-03-24,2025-12-31,"Austin, TX",0001193125-26-120372
0000732712-26-000007:vz-20251231.htm,VERIZON COMMUNICATIONS INC  (VZ)  (CIK 0000732712),0000732712,10-K,2026-02-17,2025-12-31,"New York, NY",0000732712-26-000007
0001473844-26-000006:stel-20251231.htm,"Stellar Bancorp, Inc.  (STEL)  (CIK 0001473844)",0001473844,10-K,2026-02-26,2025-12-31,"Houston, TX",0001473844-26-000006
0001336706-26-000020:npb-20251231.htm,NORTHPOINTE BANCSHARES INC  (NPB)  (CIK 0001336706),0001336706,10-K,2026-03-27,2025-12-31,"Grand Rapids, MI",0001336706-26-000020
0001437749-26-008612:axti20251231_10k.htm,AXT INC  (AXTI)  (CIK 0001051627),0001051627,10-K,2026-03-17,2025-12-31,"Fremont, CA",0001437749-26-008612
0001747068-26-000010:mcbs-20251231x10k.htm,"MetroCity Bankshares, Inc.  (MCBS)  (CIK 0001747068)",0001747068,10-K,2026-03-16,2025-12-31,"Doraville, GA",0001747068-26-000010
0001317685-26-000011:all-20251231.htm,Alliance Laundry Holdings Inc.  (ALH)  (CIK 0001317685),0001317685,10-K,2026-03-13,2025-12-31,"Ripon, WI",0001317685-26-000011
0001628280-26-009136:mco-20251231.htm,MOODYS CORP /DE/  (MCO)  (CIK 0001059556),0001059556,10-K,2026-02-18,2025-12-31,"New York, NY",0001628280-26-009136
0000078239-26-000021:pvh-20260201.htm,PVH CORP. /DE/  (PVH)  (CIK 0000078239),0000078239,10-K,2026-03-31,2026-02-01,"New York, NY",0000078239-26-000021
0001193125-26-072181:fvr-20251231.htm,"FrontView REIT, Inc.  (FVR)  (CIK 0001988494)",0001988494,10-K,2026-02-25,2025-12-31,"Dallas, TX",0001193125-26-072181
0001607939-26-000034:udmy-20251231.htm,"Udemy, Inc.  (UDMY)  (CIK 0001607939)",0001607939,10-K,2026-02-19,2025-12-31,"San Francisco, CA",0001607939-26-000034
0001104659-26-101493:pahc-20260630x10k.htm,PHIBRO ANIMAL HEALTH CORP  (PAHC)  (CIK 0001069899),0001069899,10-K,2026-08-26,2026-06-30,"Teaneck, NJ",0001104659-26-101493
0001104659-26-037842:tm268350d1_10k.htm,Third Point Private Capital Partners  (CIK 0002025369),0002025369,10-K,2026-03-31,2025-12-31,"New York, NY",0001104659-26-037842
0001193125-26-098507:sepn-20251231.htm,"Septerna, Inc.  (SEPN)  (CIK 0001984086)",0001984086,10-K,2026-03-09,2025-12-31,"South San Francisco, CA",0001193125-26-098507
0001376139-26-000014:cvi-20251231.htm,CVR ENERGY INC  (CVI)  (CIK 0001376139),0001376139,10-K,2026-02-18,2025-12-31,"Sugar Land, TX",0001376139-26-000014
0001835830-26-000007:kvyo-20251231.htm,"Klaviyo, Inc.  (KVYO)  (CIK 0001835830)",0001835830,10-K,2026-02-10,2025-12-31,"Boston, MA",0001835830-26-000007
0001193125-26-115851:avah-20260103.htm,"Aveanna Healthcare Holdings, Inc.  (AVAH)  (CIK 0001832332)",0001832332,10-K,2026-03-19,2026-01-03,"Atlanta, GA",0001193125-26-115851
0001384101-26-000010:vcyt-20251231.htm,"VERACYTE, INC.  (VCYT)  (CIK 0001384101)",0001384101,10-K,2026-02-26,2025-12-31,"South San Francisco, CA",0001384101-26-000010
0001828318-26-000006:envx-20251228.htm,Enovix Corp  (ENVX)  (CIK 0001828318),0001828318,10-K,2026-02-25,2025-12-28,"Fremont, CA",0001828318-26-000006
0001193125-26-201759:cmbmf-20251231.htm,Cambium Networks Corp  (CMBMF)  (CIK 0001738177),0001738177,10-K,2026-05-01,2025-12-31,"Grand Cayman, E9",0001193125-26-201759
0001193125-26-108593:avd-20251231.htm,AMERICAN VANGUARD CORP  (AVD)  (CIK 0000005981),0000005981,10-K,2026-03-16,2025-12-31,"Newport Beach, CA",0001193125-26-108593
0000922224-26-000008:ppl-20251231.htm,"PPL Corp  (PPL)  (CIK 0000922224), PPL ELECTRIC UTILITIES CORP  (CIK 0000317187), KENTUCKY UTILITIES CO  (CIK 0000055387), LOUISVILLE GAS & ELECTRIC CO /KY/  (CIK 0000060549)","0000922224, 0000317187, 0000055387, 0000060549",10-K,2026-02-20,2025-12-31,"Allentown, PA, Allentown, PA, Lexington, KY, Louisville, KY",0000922224-26-000008
0001709164-26-000037:hbb-20251231.htm,Hamilton Beach Brands Holding Co  (HBB)  (CIK 0001709164),0001709164,10-K,2026-02-25,2025-12-31,"Glen Allen, VA",0001709164-26-000037
0001193125-26-072255:bbsi-20251231.htm,BARRETT BUSINESS SERVICES INC  (BBSI)  (CIK 0000902791),0000902791,10-K,2026-02-26,2025-12-31,"Vancouver, WA",0001193125-26-072255
0000883237-26-000009:vrts-20251231.htm,"VIRTUS INVESTMENT PARTNERS, INC.  (VRTS)  (CIK 0000883237)",0000883237,10-K,2026-02-27,2025-12-31,"Hartford, CT",0000883237-26-000009
0001060391-26-000094:rsg-20251231.htm,"REPUBLIC SERVICES, INC.  (RSG)  (CIK 0001060391)",0001060391,10-K,2026-02-18,2025-12-31,"Phoenix, AZ",0001060391-26-000094
0001193125-26-048957:crsp-20251231.htm,CRISPR Therapeutics AG  (CRSP)  (CIK 0001674416),0001674416,10-K,2026-02-12,2025-12-31,Zug,0001193125-26-048957
0001871638-26-000028:blz-20251231.htm,"Blaize Holdings, Inc.  (BZAI, BZAIW)  (CIK 0001871638)",0001871638,10-K/A,2026-04-30,2025-12-31,"El Dorado Hills, CA",0001871638-26-000028
0001628280-26-007733:bax-20251231.htm,BAXTER INTERNATIONAL INC  (BAX)  (CIK 0000010456),0000010456,10-K,2026-02-12,2025-12-31,"Deerfield, IL",0001628280-26-007733
0000062996-26-000005:mas-20251231.htm,MASCO CORP /DE/  (MAS)  (CIK 0000062996),0000062996,10-K,2026-02-10,2025-12-31,"Livonia, MI",0000062996-26-000005
0001193125-26-062314:ck0000096271-20251231.htm,TAMPA ELECTRIC CO  (CIK 0000096271),0000096271,10-K,2026-02-23,2025-12-31,"Tampa, FL",0001193125-26-062314
0001493152-26-012903:form10-k.htm,"VirTra, Inc  (VTSI)  (CIK 0001085243)",0001085243,10-K,2026-03-26,2025-12-31,"Chandler, AZ",0001493152-26-012903
0001493152-26-024361:form10-k.htm,INNSUITES HOSPITALITY TRUST  (IHT)  (CIK 0000082473),0000082473,10-K,2026-05-19,2026-01-31,"Phoenix, AZ",0001493152-26-024361
0001213900-26-044055:ea0285468-10k_drugs2.htm,"Drugs Made In America Acquisition II Corp.  (DMII, DMIIR, DMIIU)  (CIK 0002040475)",0002040475,10-K,2026-04-15,2025-12-31,"New York, NY",0001213900-26-044055
0001302215-26-000053:hli-20260331.htm,"HOULIHAN LOKEY, INC.  (HLI)  (CIK 0001302215)",0001302215,10-K,2026-05-22,2026-03-31,"Los Angeles, CA",0001302215-26-000053
0001628280-26-008656:med-20251231.htm,MEDIFAST INC  (MED)  (CIK 0000910329),0000910329,10-K,2026-02-17,2025-12-31,"Baltimore, MD",0001628280-26-008656
0001104659-26-019145:expi-20251231x10k.htm,"eXp World Holdings, Inc.  (EXPI)  (CIK 0001495932)",0001495932,10-K,2026-02-24,2025-12-31,"Bellingham, WA",0001104659-26-019145
0001929561-26-000013:rxo-20251231.htm,"RXO, Inc.  (RXO)  (CIK 0001929561)",0001929561,10-K,2026-02-09,2025-12-31,"Charlotte, NC",0001929561-26-000013
0000071691-26-000011:nyt-20251231.htm,NEW YORK TIMES CO  (NYT)  (CIK 0000071691),0000071691,10-K,2026-02-27,2025-12-31,"New York, NY",0000071691-26-000011
0001193125-26-127278:abtc-20251231.htm,American Bitcoin Corp.  (ABTC)  (CIK 0001755953),0001755953,10-K,2026-03-27,2025-12-31,"Miami, FL",0001193125-26-127278
0000092521-26-000003:sps-20251231.htm,SOUTHWESTERN PUBLIC SERVICE CO  (CIK 0000092521),0000092521,10-K,2026-02-25,2025-12-31,"Amarillo, TX",0000092521-26-000003
0001852244-26-000007:gxo-20251231.htm,"GXO Logistics, Inc.  (GXO)  (CIK 0001852244)",0001852244,10-K,2026-02-25,2025-12-31,"Greenwich, CT",0001852244-26-000007
0000085961-26-000007:r-20251231.htm,RYDER SYSTEM INC  (R)  (CIK 0000085961),0000085961,10-K,2026-02-11,2025-12-31,"Miami, FL",0000085961-26-000007
0000860546-26-000011:cdp-20251231.htm,COPT DEFENSE PROPERTIES  (CDP)  (CIK 0000860546),0000860546,10-K,2026-02-20,2025-12-31,"Columbia, MD",0000860546-26-000011
0001193125-26-128416:vabk-20251231.htm,Virginia National Bankshares Corp  (VABK)  (CIK 0001572334),0001572334,10-K,2026-03-27,2025-12-31,"Charlottesville, VA",0001193125-26-128416
0001193125-26-303316:vivs-20260331.htm,"VivoSim Labs, INC.  (VIVS)  (CIK 0001497253)",0001497253,10-K,2026-07-14,2026-03-31,"San Diego, CA",0001193125-26-303316
0001193125-26-124051:self-20251231.htm,"Global Self Storage, Inc.  (SELF)  (CIK 0001031235)",0001031235,10-K,2026-03-25,2025-12-31,"Millbrook, NY",0001193125-26-124051
0001193125-26-055516:faf-20251231.htm,First American Financial Corp  (FAF)  (CIK 0001472787),0001472787,10-K,2026-02-18,2025-12-31,"Santa Ana, CA",0001193125-26-055516
0001606268-26-000013:spke-20251231.htm,"Via Renewables, Inc.  (VIASP)  (CIK 0001606268)",0001606268,10-K,2026-03-05,2025-12-31,"Houston, TX",0001606268-26-000013
0001334978-26-000010:cco-20251231.htm,"Clear Channel Outdoor Holdings, Inc.  (CCO)  (CIK 0001334978)",0001334978,10-K,2026-02-26,2025-12-31,"San Antonio, TX",0001334978-26-000010
0001437749-26-005366:pdfs20251231d_10k.htm,PDF SOLUTIONS INC  (PDFS)  (CIK 0001120914),0001120914,10-K,2026-02-24,2025-12-31,"Santa Clara, CA",0001437749-26-005366
0001551306-26-000020:pgny-20251231.htm,"Progyny, Inc.  (PGNY)  (CIK 0001551306)",0001551306,10-K,2026-02-27,2025-12-31,"New York, NY",0001551306-26-000020
0001185185-26-000158:novaccess10k093024.htm,NovAccess Global Inc.  (CIK 0001039466),0001039466,10-K,2026-01-14,2024-09-30,"Chagrin Falls, OH",0001185185-26-000158
0001493152-26-016828:form10-k.htm,XMax Inc.  (XWIN)  (CIK 0001473334),0001473334,10-K,2026-04-15,2025-12-31,"Commerce, CA",0001493152-26-016828
0000040211-26-000018:gmt-20251231.htm,GATX CORP  (GATX)  (CIK 0000040211),0000040211,10-K,2026-02-19,2025-12-31,"Chicago, IL",0000040211-26-000018
0001628280-26-013628:blde-20251231.htm,"Strata Critical Medical, Inc.  (SRTA, SRTAW)  (CIK 0001779128)",0001779128,10-K,2026-03-03,2025-12-31,"New York, NY",0001628280-26-013628
0001104659-26-037723:kr-20260131x10k.htm,KROGER CO  (KR)  (CIK 0000056873),0000056873,10-K,2026-03-31,2026-01-31,"Cincinnati, OH",0001104659-26-037723
0001140361-26-007170:ef20060831_10k.htm,U S PHYSICAL THERAPY INC /NV  (USPH)  (CIK 0000885978),0000885978,10-K,2026-02-27,2025-12-31,"Houston, TX",0001140361-26-007170
0001193125-26-116169:spir-20251231.htm,"Spire Global, Inc.  (SPIR)  (CIK 0001816017)",0001816017,10-K,2026-03-19,2025-12-31,"Vienna, VA",0001193125-26-116169
0001437749-26-004339:cohu20251227_10k.htm,COHU INC  (COHU)  (CIK 0000021535),0000021535,10-K,2026-02-17,2025-12-27,"Poway, CA",0001437749-26-004339
0001104659-26-017047:lope-20251231x10k.htm,"Grand Canyon Education, Inc.  (LOPE)  (CIK 0001434588)",0001434588,10-K,2026-02-18,2025-12-31,"Phoenix, AZ",0001104659-26-017047
0001104659-26-090515:lrn-20260630x10k.htm,"Stride, Inc.  (LRN)  (CIK 0001157408)",0001157408,10-K,2026-08-05,2026-06-30,"Reston, VA",0001104659-26-090515
0001437749-26-011602:skil20260131_10k.htm,"Skillsoft Corp.  (SKIL, SKILW)  (CIK 0001774675)",0001774675,10-K,2026-04-07,2026-01-31,"Nashua, NH",0001437749-26-011602
0000056679-26-000021:kfy-20260430.htm,KORN FERRY  (KFY)  (CIK 0000056679),0000056679,10-K,2026-06-26,2026-04-30,"Los Angeles, CA",0000056679-26-000021
0000914208-26-000079:ivz-20251231.htm,Invesco Ltd.  (IVZ)  (CIK 0000914208),0000914208,10-K,2026-02-24,2025-12-31,"Atlanta, GA",0000914208-26-000079
0001213900-26-021201:ea0278430-10k_drorortho.htm,"Dror Ortho-Design, Inc.  (DROR)  (CIK 0001282980)",0001282980,10-K,2026-02-27,2025-12-31,"Washington, PA",0001213900-26-021201
0001104659-26-066795:mod-20260331x10k.htm,MODINE MANUFACTURING CO  (MOD)  (CIK 0000067347),0000067347,10-K,2026-05-27,2026-03-31,"Racine, WI",0001104659-26-066795
0001213900-26-035726:ea0280155-10k_daedalus.htm,"Daedalus Special Acquisition Corp.  (DSAC, DSACU, DSACW)  (CIK 0002082149)",0002082149,10-K,2026-03-27,2025-12-31,London,0001213900-26-035726
0001683168-26-002180:paysign_i10k-123125.htm,"Paysign, Inc.  (PAYS)  (CIK 0001496443)",0001496443,10-K,2026-03-25,2025-12-31,"Henderson, NV",0001683168-26-002180
0001520138-26-000360:axil-20260531_10k.htm,"Axil Brands, Inc.  (AXIL)  (CIK 0001718500)",0001718500,10-K,2026-08-18,2026-05-31,"Beverly Hills, CA",0001520138-26-000360
0001438533-26-000014:tvtx-20251231.htm,"Travere Therapeutics, Inc.  (TVTX)  (CIK 0001438533)",0001438533,10-K,2026-02-19,2025-12-31,"San Diego, CA",0001438533-26-000014
0001171843-26-001548:hbio20251231_10k.htm,HARVARD BIOSCIENCE INC  (HBIO)  (CIK 0001123494),0001123494,10-K,2026-03-13,2025-12-31,"Holliston, MA",0001171843-26-001548
0001261333-26-000021:docu-20260131.htm,"DOCUSIGN, INC.  (DOCU)  (CIK 0001261333)",0001261333,10-K,2026-03-18,2026-01-31,"San Francisco, CA",0001261333-26-000021
0001327811-26-000014:wday-20260131.htm,"Workday, Inc.  (WDAY)  (CIK 0001327811)",0001327811,10-K,2026-03-06,2026-01-31,"Pleasanton, CA",0001327811-26-000014
0001493152-26-014687:form10-k.htm,"JUPITER NEUROSCIENCES, INC.  (JUNS)  (CIK 0001679628)",0001679628,10-K,2026-04-01,2025-12-31,"Jupiter, FL",0001493152-26-014687
0001580808-26-000014:aten-20251231.htm,"A10 Networks, Inc.  (ATEN)  (CIK 0001580808)",0001580808,10-K,2026-02-25,2025-12-31,"San Jose, CA",0001580808-26-000014
0001437749-26-006091:ceva20251231_10k.htm,CEVA INC  (CEVA)  (CIK 0001173489),0001173489,10-K,2026-02-27,2025-12-31,"Rockville, MD",0001437749-26-006091
0000714562-26-000014:thff-20251231x10k.htm,FIRST FINANCIAL CORP /IN/  (THFF)  (CIK 0000714562),0000714562,10-K,2026-03-04,2025-12-31,"Terre Haute, IN",0000714562-26-000014
0001792781-26-000007:thi-20260131.htm,Torrid Holdings Inc.  (CURV)  (CIK 0001792781),0001792781,10-K,2026-03-31,2026-01-31,"City of Industry, CA",0001792781-26-000007
0001628280-26-005731:tt-20251231.htm,Trane Technologies plc  (TT)  (CIK 0001466258),0001466258,10-K,2026-02-05,2025-12-31,"Co. Dublin, L2",0001628280-26-005731
0001635327-26-000005:flut-20251231.htm,Flutter Entertainment plc  (FLUT)  (CIK 0001635327),0001635327,10-K,2026-02-26,2025-12-31,"New York, NY",0001635327-26-000005
0001628280-26-011775:mitt-20251231.htm,"TPG Mortgage Investment Trust, Inc.  (MITN, MITP, MITT, MITT-PA, MITT-PB, MITT-PC)  (CIK 0001514281)",0001514281,10-K,2026-02-25,2025-12-31,"New York, NY",0001628280-26-011775
0001104659-26-100081:nssc-20260630x10k.htm,"NAPCO SECURITY TECHNOLOGIES, INC  (NSSC)  (CIK 0000069633)",0000069633,10-K,2026-08-24,2026-06-30,"Amityville, NY",0001104659-26-100081
0001628280-26-009030:tmhc-20251231.htm,Taylor Morrison Home Corp  (TMHC)  (CIK 0001562476),0001562476,10-K,2026-02-18,2025-12-31,"Scottsdale, AZ",0001628280-26-009030
0000007084-26-000011:adm-20251231.htm,Archer-Daniels-Midland Co  (ADM)  (CIK 0000007084),0000007084,10-K,2026-02-17,2025-12-31,"Chicago, IL",0000007084-26-000011
0000028917-26-000006:dds-20260131x10k.htm,"DILLARD'S, INC.  (DDS, DDT)  (CIK 0000028917)",0000028917,10-K,2026-03-27,2026-01-31,"Little Rock, AR",0000028917-26-000006
0001193125-26-117508:dlth-20260201.htm,DULUTH HOLDINGS INC.  (DLTH)  (CIK 0001649744),0001649744,10-K,2026-03-20,2026-02-01,"Mount Horeb, WI",0001193125-26-117508
0001104659-26-032049:uamy-20251231x10k.htm,UNITED STATES ANTIMONY CORP  (UAMY)  (CIK 0000101538),0000101538,10-K,2026-03-19,2025-12-31,"Dallas, TX",0001104659-26-032049
0001628280-26-018153:aren-20251231.htm,"Arena Group Holdings, Inc.  (AREN)  (CIK 0000894871)",0000894871,10-K,2026-03-16,2025-12-31,"New York, NY",0001628280-26-018153
0001193125-26-077903:hwc-20251231.htm,"HANCOCK WHITNEY CORP  (HWC, HWCPZ)  (CIK 0000750577)",0000750577,10-K,2026-02-27,2025-12-31,"Gulfport, MS",0001193125-26-077903
0001683168-26-005836:pharmacyte_i10k-043026.htm,"PharmaCyte Biotech, Inc.  (PMCB)  (CIK 0001157075)",0001157075,10-K,2026-07-29,2026-04-30,"Las Vegas, NV",0001683168-26-005836
0001000623-26-000016:matv-20251231.htm,"Mativ Holdings, Inc.  (MATV)  (CIK 0001000623)",0001000623,10-K,2026-02-26,2025-12-31,"Alpharetta, GA",0001000623-26-000016
0001451809-26-000012:sitm-20251231.htm,SITIME Corp  (SITM)  (CIK 0001451809),0001451809,10-K,2026-02-11,2025-12-31,"Santa Clara, CA",0001451809-26-000012
0001193125-26-126371:ikt-20251231.htm,"Inhibikase Therapeutics, Inc.  (IKT)  (CIK 0001750149)",0001750149,10-K,2026-03-26,2025-12-31,"Wilmington, DE",0001193125-26-126371
0001437749-26-010712:bdco20251231_10k.htm,BLUE DOLPHIN ENERGY CO  (BDCO)  (CIK 0000793306),0000793306,10-K,2026-03-31,2025-12-31,"Houston, TX",0001437749-26-010712
0001062993-26-001203:form10k.htm,ZeroStack Corp.  (ZSTK)  (CIK 0001790169),0001790169,10-K,2026-02-27,2025-12-31,Toronto,0001062993-26-001203
0001104659-26-022286:plug-20251231x10k.htm,PLUG POWER INC  (PLUG)  (CIK 0001093691),0001093691,10-K,2026-03-02,2025-12-31,"Slingerlands, NY",0001104659-26-022286
0001694028-26-000006:lbrt-20251231.htm,Liberty Energy Inc.  (LBRT)  (CIK 0001694028),0001694028,10-K,2026-02-02,2025-12-31,"Denver, CO",0001694028-26-000006
0001606366-26-000017:loco-20251231x10k.htm,"El Pollo Loco Holdings, Inc.  (LOCO)  (CIK 0001606366)",0001606366,10-K,2026-03-13,2025-12-31,"Costa Mesa, CA",0001606366-26-000017
0001193125-26-082573:ck0001585389-20251231.htm,"SmartStop Self Storage REIT, Inc.  (SMA, STSFF)  (CIK 0001585389)",0001585389,10-K,2026-02-27,2025-12-31,"Ladera Ranch, CA",0001193125-26-082573
0001683168-26-001856:cps_i10k-123125.htm,"CONSUMER PORTFOLIO SERVICES, INC.  (CPSS)  (CIK 0000889609)",0000889609,10-K,2026-03-16,2025-12-31,"Las Vegas, NV",0001683168-26-001856
0000034067-26-000009:boom-20251231.htm,DMC Global Inc.  (BOOM)  (CIK 0000034067),0000034067,10-K,2026-02-23,2025-12-31,"Broomfield, CO",0000034067-26-000009
0001193125-26-134672:nref-20251231.htm,"NexPoint Real Estate Finance, Inc.  (NREF, NREF-PA)  (CIK 0001786248)",0001786248,10-K,2026-03-31,2025-12-31,"Dallas, TX",0001193125-26-134672
0001476150-26-000011:trno-20251231.htm,Terreno Realty Corp  (TRNO)  (CIK 0001476150),0001476150,10-K,2026-02-04,2025-12-31,"San Francisco, CA",0001476150-26-000011
0001213900-26-037514:ea0282809-10k_bitfarms.htm,Bitfarms Ltd  (BITF)  (CIK 0001812477),0001812477,10-K,2026-03-31,2025-12-31,"Toronto, A6",0001213900-26-037514
0001140361-26-025662:ef20070498_10k.htm,"Grace Therapeutics, Inc.  (GRCE)  (CIK 0001444192)",0001444192,10-K,2026-06-18,2026-03-31,"Princeton, NJ",0001140361-26-025662
0001104659-26-043870:tmb-20251231x10k.htm,"DEEP FISSION, INC.  (CIK 0001918102)",0001918102,10-K,2026-04-15,2025-12-31,"Berkeley, CA",0001104659-26-043870
0001193125-26-197712:talk-20251231.htm,"Talkspace, Inc.  (TALK, TALKW)  (CIK 0001803901)",0001803901,10-K/A,2026-04-30,2025-12-31,"New York, NY",0001193125-26-197712
0001628280-26-028366:veri-20251231.htm,"Veritone, Inc.  (VERI)  (CIK 0001615165)",0001615165,10-K/A,2026-04-29,2025-12-31,"Irvine, CA",0001628280-26-028366
0002050260-26-000011:tpop-20251231.htm,"TPG Private Equity Opportunities, L.P.  (CIK 0002050260)",0002050260,10-K,2026-03-23,2025-12-31,"Fort Worth, TX",0002050260-26-000011
0001628280-26-027529:gety-20251231.htm,"Getty Images Holdings, Inc.  (GETY)  (CIK 0001898496)",0001898496,10-K/A,2026-04-27,2025-12-31,"Seattle, WA",0001628280-26-027529
0001628280-26-013247:brkl-20251231.htm,Beacon Financial Corp  (BBT)  (CIK 0001108134),0001108134,10-K,2026-03-02,2025-12-31,"Boston, MA",0001628280-26-013247
0001193125-26-124538:ck0001849894-20251231.htm,MSD Investment Corp.  (CIK 0001849894),0001849894,10-K,2026-03-26,2025-12-31,"New York, NY",0001193125-26-124538
0001465128-26-000009:stwd-20251231.htm,"STARWOOD PROPERTY TRUST, INC.  (STWD)  (CIK 0001465128)",0001465128,10-K,2026-02-25,2025-12-31,"Miami Beach, FL",0001465128-26-000009
0001889539-26-000022:crbg-20251231.htm,"Corebridge Financial, Inc.  (CRBD, CRBG)  (CIK 0001889539)",0001889539,10-K,2026-02-11,2025-12-31,"Houston, TX",0001889539-26-000022
0001193125-26-197148:d120451dex45.htm,"DBV Technologies S.A.  (DBVT, DBVTF)  (CIK 0001613780)",0001613780,10-K/A,2026-04-30,2025-12-31,"Chatillon, I0",0001193125-26-197148
0001104659-26-034880:cgtx-20251231x10k.htm,COGNITION THERAPEUTICS INC  (CGTX)  (CIK 0001455365),0001455365,10-K,2026-03-26,2025-12-31,"Purchase, NY",0001104659-26-034880
0001596993-26-000025:lpg-20260331x10k.htm,DORIAN LPG LTD.  (LPG)  (CIK 0001596993),0001596993,10-K,2026-05-27,2026-03-31,"Stamford, CT",0001596993-26-000025
0001477932-26-001802:global_10k.htm,GlobalTech Corp  (GLTK)  (CIK 0001938338),0001938338,10-K,2026-03-31,2025-12-31,"Reno, NV",0001477932-26-001802
0001193125-26-082692:ahr-20251231.htm,"American Healthcare REIT, Inc.  (AHR)  (CIK 0001632970)",0001632970,10-K,2026-02-27,2025-12-31,"Irvine, CA",0001193125-26-082692
0001493152-26-019663:form10-ka.htm,"Q/C TECHNOLOGIES, INC.  (QCLS)  (CIK 0001321834)",0001321834,10-K/A,2026-04-29,2025-12-31,"New York, NY",0001493152-26-019663
0001580345-26-000008:tpvg-20251231.htm,TriplePoint Venture Growth BDC Corp.  (TPVG)  (CIK 0001580345),0001580345,10-K,2026-03-04,2025-12-31,"Menlo Park, CA",0001580345-26-000008
0001879016-26-000005:ie-20251231.htm,Ivanhoe Electric Inc.  (IE)  (CIK 0001879016),0001879016,10-K,2026-02-23,2025-12-31,"Tempe, AZ",0001879016-26-000005
0001628280-26-017626:fscreit-20251231.htm,"FS Credit Real Estate Income Trust, Inc.  (CIK 0001690536)",0001690536,10-K,2026-03-13,2025-12-31,"Philadelphia, PA",0001628280-26-017626
0001437749-26-004219:aray20260630_10ka.htm,ACCURAY INC  (ARAY)  (CIK 0001138723),0001138723,10-K/A,2026-02-17,2025-06-30,"Madison, WI",0001437749-26-004219
0001683168-26-002522:chilean_i10k-123125.htm,Chilean Cobalt Corp.  (COBA)  (CIK 0001727255),0001727255,10-K,2026-03-31,2025-12-31,"Berwyn, PA",0001683168-26-002522
0001628280-26-012576:ncr-20251231.htm,NCR Atleos Corp  (NATL)  (CIK 0001974138),0001974138,10-K,2026-02-27,2025-12-31,"Atlanta, GA",0001628280-26-012576
0001713407-26-000021:oak-20251231.htm,BROOKFIELD REAL ESTATE INCOME TRUST INC.  (CIK 0001713407),0001713407,10-K,2026-03-17,2025-12-31,"New York, NY",0001713407-26-000021
0000091388-26-000014:smf-20251228.htm,SMITHFIELD FOODS INC  (SFD)  (CIK 0000091388),0000091388,10-K,2026-03-24,2025-12-28,"Smithfield, VA",0000091388-26-000014
0001462120-26-000020:lob-20251231.htm,"Live Oak Bancshares, Inc.  (LOB, LOB-PA)  (CIK 0001462120)",0001462120,10-K,2026-02-27,2025-12-31,"Wilmington, NC",0001462120-26-000020
0001193125-26-108887:life-20251231.htm,Ethos Technologies Inc.  (LIFE)  (CIK 0001788451),0001788451,10-K,2026-03-17,2025-12-31,"Austin, TX",0001193125-26-108887
0001193125-26-056015:cnk-20251231.htm,"Cinemark Holdings, Inc.  (CNK)  (CIK 0001385280), CINEMARK USA INC /TX  (CIK 0000885975)","0001385280, 0000885975",10-K,2026-02-18,2025-12-31,"Plano, TX, Plano, TX",0001193125-26-056015
0001193125-26-140703:ck0001603480-20251231.htm,TCW Direct Lending LLC  (CIK 0001603480),0001603480,10-K,2026-04-03,2025-12-31,"Los Angeles, CA",0001193125-26-140703
0001628280-26-052243:br-20260630.htm,"BROADRIDGE FINANCIAL SOLUTIONS, INC.  (BR)  (CIK 0001383312)",0001383312,10-K,2026-08-04,2026-06-30,"Lake Success, NY",0001628280-26-052243
0000881453-26-000014:fliac-20251231.htm,FORTITUDE LIFE INSURANCE & ANNUITY CO  (CIK 0000881453),0000881453,10-K,2026-03-19,2025-12-31,"Jersey City, NJ",0000881453-26-000014
0001675644-26-000017:fvcb-20251231.htm,"FVCBankcorp, Inc.  (FVCB)  (CIK 0001675644)",0001675644,10-K,2026-03-16,2025-12-31,"Fairfax, VA",0001675644-26-000017
0001628280-26-039136:ste-20260331.htm,STERIS plc  (STE)  (CIK 0001757898),0001757898,10-K,2026-05-29,2026-03-31,"Dublin, L2",0001628280-26-039136
0001193125-26-115878:lrmr-20251231.htm,"Larimar Therapeutics, Inc.  (LRMR)  (CIK 0001374690)",0001374690,10-K,2026-03-19,2025-12-31,"Bala Cynwyd, PA",0001193125-26-115878
0001628280-26-010749:vir-20251231.htm,"Vir Biotechnology, Inc.  (VIR)  (CIK 0001706431)",0001706431,10-K,2026-02-23,2025-12-31,"San Francisco, CA",0001628280-26-010749
0001193125-26-072519:acad-20251231.htm,ACADIA PHARMACEUTICALS INC  (ACAD)  (CIK 0001070494),0001070494,10-K,2026-02-26,2025-12-31,"San Diego, CA",0001193125-26-072519
0001104659-26-037194:hsdt-20251231x10k.htm,Solana Co  (HSDT)  (CIK 0001610853),0001610853,10-K,2026-03-31,2025-12-31,"Newtown, PA",0001104659-26-037194
0001628280-26-056286:msge-20260630.htm,Madison Square Garden Entertainment Corp.  (MSGE)  (CIK 0001952073),0001952073,10-K,2026-08-12,2026-06-30,"New York, NY",0001628280-26-056286
0001437749-26-010310:allr20251231_10k.htm,"Allarity Therapeutics, Inc.  (ALLR)  (CIK 0001860657)",0001860657,10-K,2026-03-30,2025-12-31,"Boston, MA",0001437749-26-010310
0001193125-26-194406:d20071d10ka.htm,CSG SYSTEMS INTERNATIONAL INC  (CSGS)  (CIK 0001005757),0001005757,10-K/A,2026-04-30,2025-12-31,"Englewood, CO",0001193125-26-194406
0000793952-26-000011:hog-20251231.htm,"HARLEY-DAVIDSON, INC.  (HOG)  (CIK 0000793952)",0000793952,10-K,2026-02-26,2025-12-31,"Milwaukee, WI",0000793952-26-000011
0001628908-26-000015:evh-20251231.htm,"Evolent Health, Inc.  (EVH)  (CIK 0001628908)",0001628908,10-K,2026-02-25,2025-12-31,"Arlington, VA",0001628908-26-000015
0001193125-26-060983:thg-20251231.htm,"HANOVER INSURANCE GROUP, INC.  (THG)  (CIK 0000944695)",0000944695,10-K,2026-02-20,2025-12-31,"Worcester, MA",0001193125-26-060983
0001628280-26-015817:gbtg-20251231.htm,"Global Business Travel Group, Inc.  (GBTG)  (CIK 0001820872)",0001820872,10-K,2026-03-09,2025-12-31,"New York, NY",0001628280-26-015817
0001193125-26-091656:tcbx-20251231.htm,"Third Coast Bancshares, Inc.  (TCBX)  (CIK 0001781730)",0001781730,10-K,2026-03-04,2025-12-31,"Humble, TX",0001193125-26-091656
0001464521-26-000042:htfl-20251231x10k.htm,"Heartflow, Inc.  (HTFL)  (CIK 0001464521)",0001464521,10-K,2026-03-18,2025-12-31,"Mountain View, CA",0001464521-26-000042
0001053507-26-000035:amt-20251231.htm,AMERICAN TOWER CORP /MA/  (AMT)  (CIK 0001053507),0001053507,10-K,2026-02-24,2025-12-31,"Boston, MA",0001053507-26-000035
0001739940-26-000006:ci-20251231.htm,Cigna Group  (CI)  (CIK 0001739940),0001739940,10-K,2026-02-26,2025-12-31,"Bloomfield, CT",0001739940-26-000006
0001193125-26-082233:pri-20251231.htm,"Primerica, Inc.  (PRI)  (CIK 0001475922)",0001475922,10-K,2026-02-27,2025-12-31,"Duluth, GA",0001193125-26-082233
0000946673-26-000009:banr-20251231.htm,BANNER CORP  (BANR)  (CIK 0000946673),0000946673,10-K,2026-02-25,2025-12-31,"Walla Walla, WA",0000946673-26-000009
0001828536-26-000022:nrgv-20251231.htm,"Energy Vault Holdings, Inc.  (NRGV)  (CIK 0001828536)",0001828536,10-K,2026-03-18,2025-12-31,"Westlake Villiage, CA",0001828536-26-000022
0001140361-26-010274:ef20060650_10k.htm,"Artius II Acquisition Inc.  (AACB, AACBR, AACBU)  (CIK 0002034334)",0002034334,10-K,2026-03-19,2025-12-31,"New York, NY",0001140361-26-010274
0001596532-26-000013:anet-20251231.htm,"Arista Networks, Inc.  (ANET)  (CIK 0001596532)",0001596532,10-K,2026-02-17,2025-12-31,"Santa Clara, CA",0001596532-26-000013
0001193125-26-081470:d90970d10k.htm,UNITED BANKSHARES INC/WV  (UBSI)  (CIK 0000729986),0000729986,10-K,2026-02-27,2025-12-31,"Charleston, WV",0001193125-26-081470
0001193125-26-303397:ck0001877184-20260430.htm,"KESTRA MEDICAL TECHNOLOGIES, LTD.  (KMTS)  (CIK 0001877184)",0001877184,10-K,2026-07-14,2026-04-30,"Kirkland, WA",0001193125-26-303397
0000828944-26-000006:wsfs-20251231.htm,WSFS FINANCIAL CORP  (WSFS)  (CIK 0000828944),0000828944,10-K,2026-03-02,2025-12-31,"Wilmington, DE",0000828944-26-000006
0001859392-26-000016:glxy-20251231.htm,Galaxy Digital Inc.  (GLXY)  (CIK 0001859392),0001859392,10-K,2026-02-26,2025-12-31,"New York, NY",0001859392-26-000016
0001628369-26-000008:cwk-20251231.htm,Cushman & Wakefield Ltd.  (CWK)  (CIK 0001628369),0001628369,10-K,2026-02-19,2025-12-31,Hamilton,0001628369-26-000008
0001447669-26-000021:twlo-20251231.htm,TWILIO INC  (TWLO)  (CIK 0001447669),0001447669,10-K,2026-02-24,2025-12-31,"San Francisco, CA",0001447669-26-000021
0001736946-26-000031:arlo-20251231.htm,"Arlo Technologies, Inc.  (ARLO)  (CIK 0001736946)",0001736946,10-K,2026-02-27,2025-12-31,"Carlsbad, CA",0001736946-26-000031
0000732717-26-000120:t-20251231.htm,"AT&T INC.  (T, TBB, T-PA, T-PC)  (CIK 0000732717)",0000732717,10-K,2026-02-09,2025-12-31,"Dallas, TX",0000732717-26-000120
0001603145-26-000007:xplr-20251231.htm,"XPLR Infrastructure, LP  (XIFR)  (CIK 0001603145)",0001603145,10-K,2026-02-17,2025-12-31,"Juno Beach, FL",0001603145-26-000007
0001104659-26-027378:jmsb-20251231x10k.htm,"John Marshall Bancorp, Inc.  (JMSB)  (CIK 0001710482)",0001710482,10-K,2026-03-13,2025-12-31,"Reston, VA",0001104659-26-027378
0001193125-26-307064:culp-20260503.htm,CULP INC  (CULP)  (CIK 0000723603),0000723603,10-K,2026-07-17,2026-05-03,"High Point, NC",0001193125-26-307064
0001683168-26-001986:aclarion_i10k-123125.htm,"Aclarion, Inc.  (ACON, ACONW)  (CIK 0001635077)",0001635077,10-K,2026-03-18,2025-12-31,"Broomfield, CO",0001683168-26-001986
0001883685-26-000013:dkng-20251231.htm,DraftKings Inc.  (DKNG)  (CIK 0001883685),0001883685,10-K,2026-02-13,2025-12-31,"Boston, MA",0001883685-26-000013
0001628280-26-056765:viav-20260627.htm,VIAVI SOLUTIONS INC.  (VIAV)  (CIK 0000912093),0000912093,10-K,2026-08-13,2026-06-27,"Chandler, AZ",0001628280-26-056765
0001675644-26-000023:fvcb-20251231.htm,"FVCBankcorp, Inc.  (FVCB)  (CIK 0001675644)",0001675644,10-K/A,2026-03-25,2025-12-31,"Fairfax, VA",0001675644-26-000023
0001628280-26-009114:awr-20251231.htm,"AMERICAN STATES WATER CO  (AWR)  (CIK 0001056903), Golden State Water CO  (CIK 0000092116)","0001056903, 0000092116",10-K,2026-02-18,2025-12-31,"San Dimas, CA, San Dimas, CA",0001628280-26-009114
0001760965-26-000014:ktb-20260103.htm,"Kontoor Brands, Inc.  (KTB)  (CIK 0001760965)",0001760965,10-K,2026-03-04,2026-01-03,"Greensboro, NC",0001760965-26-000014
0001628280-26-019616:aebi-20251231.htm,Aebi Schmidt Holding AG  (AEBI)  (CIK 0002048519),0002048519,10-K,2026-03-19,2025-12-31,"Frauenfeld, V8",0001628280-26-019616
0000861459-26-000004:gva-20251231.htm,GRANITE CONSTRUCTION INC  (GVA)  (CIK 0000861459),0000861459,10-K,2026-02-13,2025-12-31,"Watsonville, CA",0000861459-26-000004
0001326771-26-000044:fhlbcin-20251231.htm,Federal Home Loan Bank of Cincinnati  (CIK 0001326771),0001326771,10-K,2026-03-19,2025-12-31,"Cincinnati, OH",0001326771-26-000044
0000740260-26-000006:vtr-20251231.htm,"Ventas, Inc.  (VTR)  (CIK 0000740260)",0000740260,10-K,2026-02-06,2025-12-31,"Chicago, IL",0000740260-26-000006
0001104659-26-036905:tmb-20251231x10k.htm,Brightwood Capital Corp I  (CIK 0001895316),0001895316,10-K,2026-03-30,2025-12-31,"New York, NY",0001104659-26-036905
0000701347-26-000021:cpf-20251231.htm,CENTRAL PACIFIC FINANCIAL CORP  (CPF)  (CIK 0000701347),0000701347,10-K,2026-02-27,2025-12-31,"Honolulu, HI",0000701347-26-000021
0001084991-26-000015:ngs-20251231.htm,NATURAL GAS SERVICES GROUP INC  (NGS)  (CIK 0001084991),0001084991,10-K,2026-03-16,2025-12-31,"Midland, TX",0001084991-26-000015
0001627475-26-000012:upwk-20251231.htm,"UPWORK, INC  (UPWK)  (CIK 0001627475)",0001627475,10-K,2026-02-13,2025-12-31,"Palo Alto, CA",0001627475-26-000012
0001104659-26-019119:nbhc-20251231x10k.htm,National Bank Holdings Corp  (NBHC)  (CIK 0001475841),0001475841,10-K,2026-02-24,2025-12-31,"Greenwood Village, CO",0001104659-26-019119
0001104659-26-028566:cyph-20251231x10k.htm,CYPHERPUNK TECHNOLOGIES INC.  (CYPH)  (CIK 0001509745),0001509745,10-K,2026-03-16,2025-12-31,"Cambridge, MA",0001104659-26-028566
0001628280-26-017017:suns-20251231.htm,"Sunrise Realty Trust, Inc.  (SUNS)  (CIK 0002012706)",0002012706,10-K,2026-03-12,2025-12-31,"West Palm Beach, FL",0001628280-26-017017
0000888491-26-000008:ohi-20251231x10k.htm,OMEGA HEALTHCARE INVESTORS INC  (OHI)  (CIK 0000888491),0000888491,10-K,2026-02-09,2025-12-31,"Hunt Valley, MD",0000888491-26-000008
0001628280-26-054195:caci-20260630.htm,CACI INTERNATIONAL INC /DE/  (CACI)  (CIK 0000016058),0000016058,10-K,2026-08-06,2026-06-30,"Reston, VA",0001628280-26-054195
0001193125-26-067833:crsr-20251231.htm,"Corsair Gaming, Inc.  (CRSR)  (CIK 0001743759)",0001743759,10-K,2026-02-25,2025-12-31,"Milpitas, CA",0001193125-26-067833
0001527166-26-000009:cg-20251231.htm,"Carlyle Group Inc.  (CG, CGABL)  (CIK 0001527166)",0001527166,10-K,2026-02-27,2025-12-31,"Washington, DC",0001527166-26-000009
0001743881-26-000009:bbio-20251231.htm,"BridgeBio Pharma, Inc.  (BBIO)  (CIK 0001743881)",0001743881,10-K,2026-02-24,2025-12-31,"Palo Alto, CA",0001743881-26-000009
0001628280-26-005284:reyn-20251231.htm,Reynolds Consumer Products Inc.  (REYN)  (CIK 0001786431),0001786431,10-K,2026-02-04,2025-12-31,"Lake Forest, IL",0001628280-26-005284
0001185348-26-000006:praa-20251231.htm,PRA GROUP INC  (PRAA)  (CIK 0001185348),0001185348,10-K,2026-03-02,2025-12-31,"Norfolk, VA",0001185348-26-000006
0000057515-26-000019:mzti-20260630.htm,MARZETTI CO  (MZTI)  (CIK 0000057515),0000057515,10-K,2026-08-25,2026-06-30,"Westerville, OH",0000057515-26-000019
0000724004-26-000047:mlab20260331_10k.htm,MESA LABORATORIES INC /CO/  (MLAB)  (CIK 0000724004),0000724004,10-K,2026-06-03,2026-03-31,"Lakewood, CO",0000724004-26-000047
0000034903-26-000017:frt-20251231.htm,"FEDERAL REALTY INVESTMENT TRUST  (FRT, FRT-PC)  (CIK 0000034903), Federal Realty OP LP  (CIK 0001901876)","0000034903, 0001901876",10-K,2026-02-12,2025-12-31,"North Bethesda, MD, North Bethesda, MD",0000034903-26-000017
0001596961-26-000015:rdnw-20251231.htm,"RideNow Group, Inc.  (RDNW)  (CIK 0001596961)",0001596961,10-K,2026-03-13,2025-12-31,"Chandler, AZ",0001596961-26-000015
0000352825-26-000016:fstr-20251231.htm,FOSTER L B CO  (FSTR)  (CIK 0000352825),0000352825,10-K,2026-03-05,2025-12-31,"Pittsburgh, PA",0000352825-26-000016
0001996810-26-000015:gev-20251231.htm,GE Vernova Inc.  (GEV)  (CIK 0001996810),0001996810,10-K,2026-01-29,2025-12-31,"Cambridge, MA",0001996810-26-000015
0000849399-26-000017:gen-20260403.htm,"Gen Digital Inc.  (GEN, GENVR)  (CIK 0000849399)",0000849399,10-K,2026-05-21,2026-04-03,"Tempe, AZ",0000849399-26-000017
0000063908-26-000035:mcd-20251231.htm,MCDONALDS CORP  (MCD)  (CIK 0000063908),0000063908,10-K,2026-02-24,2025-12-31,"Chicago, IL",0000063908-26-000035
0001193125-26-115660:dxlg-20260131.htm,"DESTINATION XL GROUP, INC.  (DXLG)  (CIK 0000813298)",0000813298,10-K,2026-03-19,2026-01-31,"Canton, MA",0001193125-26-115660
0000109563-26-000033:ait-20260630.htm,APPLIED INDUSTRIAL TECHNOLOGIES INC  (AIT)  (CIK 0000109563),0000109563,10-K,2026-08-13,2026-06-30,"Cleveland, OH",0000109563-26-000033
0001104659-26-028450:zom-20251231x10k.htm,Zomedica Corp.  (ZOMDF)  (CIK 0001684144),0001684144,10-K,2026-03-16,2025-12-31,"Ann Arbor, MI",0001104659-26-028450
0000858877-26-000132:csco-20260725.htm,"CISCO SYSTEMS, INC.  (CSCO)  (CIK 0000858877)",0000858877,10-K,2026-09-02,2026-07-25,"San Jose, CA",0000858877-26-000132
0001193125-26-092521:mye-20251231.htm,MYERS INDUSTRIES INC  (MYE)  (CIK 0000069488),0000069488,10-K,2026-03-05,2025-12-31,"Akron, OH",0001193125-26-092521
0001193125-26-061042:mtus-20251231.htm,Metallus Inc.  (MTUS)  (CIK 0001598428),0001598428,10-K,2026-02-20,2025-12-31,"Canton, OH",0001193125-26-061042
0001759138-26-000011:caba-20251231.htm,"Cabaletta Bio, Inc.  (CABA)  (CIK 0001759138)",0001759138,10-K,2026-03-23,2025-12-31,"Philadelphia, PA",0001759138-26-000011
0000081018-26-000003:psco-20251231.htm,PUBLIC SERVICE CO OF COLORADO  (CIK 0000081018),0000081018,10-K,2026-02-25,2025-12-31,"Denver, CO",0000081018-26-000003
0001169561-26-000017:cvlt-20260331.htm,COMMVAULT SYSTEMS INC  (CVLT)  (CIK 0001169561),0001169561,10-K,2026-05-11,2026-03-31,"Tinton Falls, NJ",0001169561-26-000017
0001193125-26-067039:cts-20251231.htm,CTS CORP  (CTS)  (CIK 0000026058),0000026058,10-K,2026-02-24,2025-12-31,"Lisle, IL",0001193125-26-067039
0001437749-26-012170:adom20251231_10k.htm,"Envirotech Vehicles, Inc.  (EVTV)  (CIK 0001563568)",0001563568,10-K,2026-04-13,2025-12-31,"Corona, CA",0001437749-26-012170
0001104659-26-035244:link-20251231x10k.htm,INTERLINK ELECTRONICS INC  (LINK)  (CIK 0000828146),0000828146,10-K,2026-03-26,2025-12-31,"Fremont, CA",0001104659-26-035244
0001636222-26-000008:wing-20251227.htm,Wingstop Inc.  (WING)  (CIK 0001636222),0001636222,10-K,2026-02-18,2025-12-27,"Dallas, TX",0001636222-26-000008
0001213900-26-057626:ea0288814-10k_rbcbear.htm,RBC Bearings INC  (RBC)  (CIK 0001324948),0001324948,10-K,2026-05-15,2026-03-28,"Oxford, CT",0001213900-26-057626
0001104659-26-024691:irmd-20251231x10k.htm,IRADIMED CORP  (IRMD)  (CIK 0001325618),0001325618,10-K,2026-03-06,2025-12-31,"Orlando, FL",0001104659-26-024691
0000006845-26-000023:apog-20260228.htm,"APOGEE ENTERPRISES, INC.  (APOG)  (CIK 0000006845)",0000006845,10-K,2026-04-24,2026-02-28,"Minneapolis, MN",0000006845-26-000023
0000036966-26-000051:fhn-20251231.htm,"FIRST HORIZON CORP  (FHN, FHN-PC, FHN-PE, FHN-PF)  (CIK 0000036966)",0000036966,10-K,2026-02-26,2025-12-31,"Memphis, TN",0000036966-26-000051
0001280058-26-000006:blkb-20251231.htm,BLACKBAUD INC  (BLKB)  (CIK 0001280058),0001280058,10-K,2026-02-18,2025-12-31,"Charleston, SC",0001280058-26-000006
0001116132-26-000018:tpr-20260627.htm,"TAPESTRY, INC.  (TPR)  (CIK 0001116132)",0001116132,10-K,2026-08-13,2026-06-27,"New York, NY",0001116132-26-000018
0001764046-26-000019:clvt-20251231.htm,CLARIVATE PLC  (CLVT)  (CIK 0001764046),0001764046,10-K,2026-02-24,2025-12-31,"St. Helier, Y9",0001764046-26-000019
0001193125-26-101986:ck0001919369-20251231.htm,VISTA CREDIT STRATEGIC LENDING CORP.  (CIK 0001919369),0001919369,10-K,2026-03-11,2025-12-31,"San Francisco, CA",0001193125-26-101986
0001104659-26-020461:acls-20251231x10k.htm,AXCELIS TECHNOLOGIES INC  (ACLS)  (CIK 0001113232),0001113232,10-K,2026-02-26,2025-12-31,"Beverly, MA",0001104659-26-020461
0001193125-26-088351:ck0001973476-20251231.htm,North Haven Private Income Fund A LLC  (CIK 0001973476),0001973476,10-K,2026-03-03,2025-12-31,"New York, NY",0001193125-26-088351
0001193125-26-091583:ck0001983514-20251231.htm,LGAM Private Credit LLC  (CIK 0001983514),0001983514,10-K,2026-03-04,2025-12-31,"New York, NY",0001193125-26-091583
0001193125-26-239333:sky-20260328.htm,"Champion Homes, Inc.  (SKY)  (CIK 0000090896)",0000090896,10-K,2026-05-26,2026-03-28,"Troy, MI",0001193125-26-239333
0001493152-26-011636:form10-k.htm,"electroCore, Inc.  (ECOR)  (CIK 0001560258)",0001560258,10-K,2026-03-19,2025-12-31,"Rockaway, NJ",0001493152-26-011636
0001868159-26-000012:line-20251231.htm,"Lineage, Inc.  (LINE)  (CIK 0001868159)",0001868159,10-K,2026-02-25,2025-12-31,"Novi, MI",0001868159-26-000012
0001124140-26-000011:exas-20251231.htm,EXACT SCIENCES CORP  (EXAS)  (CIK 0001124140),0001124140,10-K,2026-02-13,2025-12-31,"Madison, WI",0001124140-26-000011
0001137774-26-000048:pru-20251231.htm,"PRUDENTIAL FINANCIAL INC  (PFH, PRH, PRS, PRU)  (CIK 0001137774)",0001137774,10-K,2026-02-12,2025-12-31,"Newark, NJ",0001137774-26-000048
0001635088-26-000061:roiv-20260331.htm,Roivant Sciences Ltd.  (ROIV)  (CIK 0001635088),0001635088,10-K,2026-05-20,2026-03-31,London,0001635088-26-000061
0001493152-26-029173:form10-ka.htm,INNSUITES HOSPITALITY TRUST  (IHT)  (CIK 0000082473),0000082473,10-K/A,2026-06-18,2026-01-31,"Phoenix, AZ",0001493152-26-029173
0001193125-26-126279:scvl-20260131.htm,SHOE CARNIVAL INC  (SCVL)  (CIK 0000895447),0000895447,10-K,2026-03-26,2026-01-31,"Fort Mill, SC",0001193125-26-126279
0001031296-26-000046:fe-20251231.htm,"FIRSTENERGY CORP  (FE)  (CIK 0001031296), JERSEY CENTRAL POWER & LIGHT CO  (CIK 0000053456)","0001031296, 0000053456",10-K,2026-02-18,2025-12-31,"Akron, OH, Akron, OH",0001031296-26-000046
0000885590-26-000023:bhc-20251231.htm,Bausch Health Companies Inc.  (BHC)  (CIK 0000885590),0000885590,10-K,2026-02-19,2025-12-31,"Quebec, A8",0000885590-26-000023
0001193125-26-064230:novt-20251231.htm,"NOVANTA INC  (NOVT, NOVTU)  (CIK 0001076930)",0001076930,10-K,2026-02-23,2025-12-31,"Bedford, MA",0001193125-26-064230
0001437749-26-007961:kfs20251231_10k.htm,KINGSWAY FINANCIAL SERVICES INC  (KFS)  (CIK 0001072627),0001072627,10-K,2026-03-12,2025-12-31,"Chicago, IL",0001437749-26-007961
0002040491-26-000011:asic-20251231.htm,Ategrity Specialty Insurance Co Holdings  (ASIC)  (CIK 0002040491),0002040491,10-K,2026-03-06,2025-12-31,"New York, NY",0002040491-26-000011
0001792509-26-000003:tpvc-20251231.htm,TriplePoint Private Venture Credit Inc.  (CIK 0001792509),0001792509,10-K,2026-03-10,2025-12-31,"Menlo Park, CA",0001792509-26-000003
0001476204-26-000005:cik0001476204-20251231.htm,"Phillips Edison & Company, Inc.  (PECO)  (CIK 0001476204)",0001476204,10-K,2026-02-10,2025-12-31,"Cincinnati, OH",0001476204-26-000005
0001628280-26-011055:pcor-20251231.htm,"PROCORE TECHNOLOGIES, INC.  (PCOR)  (CIK 0001611052)",0001611052,10-K,2026-02-24,2025-12-31,"Carpinteria, CA",0001628280-26-011055
0000915389-26-000013:emn-20251231.htm,EASTMAN CHEMICAL CO  (EMN)  (CIK 0000915389),0000915389,10-K,2026-02-13,2025-12-31,"Kingsport, TN",0000915389-26-000013
0001628280-26-016402:yext-20260131.htm,"Yext, Inc.  (YEXT)  (CIK 0001614178)",0001614178,10-K,2026-03-10,2026-01-31,"New York, NY",0001628280-26-016402
0001866581-26-000006:bros-20251231.htm,Dutch Bros Inc.  (BROS)  (CIK 0001866581),0001866581,10-K,2026-02-13,2025-12-31,"Tempe, AZ",0001866581-26-000006
0001104659-26-027706:esq-20251231x10k.htm,"Esquire Financial Holdings, Inc.  (ESQ)  (CIK 0001531031)",0001531031,10-K,2026-03-13,2025-12-31,"Jericho, NY",0001104659-26-027706
0001493152-26-010143:form10-k.htm,"bioAffinity Technologies, Inc.  (BIAF, BIAFW)  (CIK 0001712762)",0001712762,10-K,2026-03-16,2025-12-31,"San Antonio, TX",0001493152-26-010143
0000058492-26-000107:leg-20251231.htm,LEGGETT & PLATT INC  (LEG)  (CIK 0000058492),0000058492,10-K,2026-02-26,2025-12-31,"Carthage, MO",0000058492-26-000107
0001751783-26-000005:rbkb-20251231x10k.htm,"Rhinebeck Bancorp, Inc.  (RBKB)  (CIK 0001751783)",0001751783,10-K,2026-03-13,2025-12-31,"Poughkeepsie, NY",0001751783-26-000005
0001295401-26-000002:tbbk-20251231x10k.htm,"Bancorp, Inc.  (TBBK)  (CIK 0001295401)",0001295401,10-K,2026-02-25,2025-12-31,"Wilmington, DE",0001295401-26-000002
0000883902-26-000005:cnr-20251231.htm,"Cornerstone Building Brands, Inc.  (CIK 0000883902)",0000883902,10-K,2026-03-12,2025-12-31,"Cary, NC",0000883902-26-000005
0001628280-26-011620:apg-20251231.htm,APi Group Corp  (APG)  (CIK 0001796209),0001796209,10-K,2026-02-25,2025-12-31,"New Brighton, MN",0001628280-26-011620
0001493152-26-008042:form10-k.htm,"UMH PROPERTIES, INC.  (UMH, UMH-PD)  (CIK 0000752642)",0000752642,10-K,2026-02-25,2025-12-31,"Freehold, NJ",0001493152-26-008042
0001193125-26-066959:xmtr-20251231.htm,"Xometry, Inc.  (XMTR)  (CIK 0001657573)",0001657573,10-K,2026-02-24,2025-12-31,"North Bethesda, MD",0001193125-26-066959
0000732417-26-000022:hbia-20251231.htm,HILLS BANCORPORATION  (HBIA)  (CIK 0000732417),0000732417,10-K,2026-03-18,2025-12-31,"Hills, IA",0000732417-26-000022
0001628280-26-011915:bl-20251231.htm,"BLACKLINE, INC.  (BL)  (CIK 0001666134)",0001666134,10-K,2026-02-26,2025-12-31,"Woodland Hills, CA",0001628280-26-011915
0000868671-26-000023:gbci-20251231.htm,"GLACIER BANCORP, INC.  (GBCI)  (CIK 0000868671)",0000868671,10-K,2026-02-25,2025-12-31,"Kalispell, MT",0000868671-26-000023
0001403475-26-000018:bmrc-20251231.htm,Bank of Marin Bancorp  (BMRC)  (CIK 0001403475),0001403475,10-K,2026-03-13,2025-12-31,"Novato, CA",0001403475-26-000018
0001104659-26-018357:ecl-20251231x10k.htm,ECOLAB INC.  (ECL)  (CIK 0000031462),0000031462,10-K,2026-02-23,2025-12-31,"Saint Paul, MN",0001104659-26-018357
0001628280-26-012830:pag-20251231.htm,"PENSKE AUTOMOTIVE GROUP, INC.  (PAG)  (CIK 0001019849)",0001019849,10-K,2026-02-27,2025-12-31,"Bloomfield Hills, MI",0001628280-26-012830
0001447028-26-000017:abus-20251231.htm,Arbutus Biopharma Corp  (ABUS)  (CIK 0001447028),0001447028,10-K,2026-03-23,2025-12-31,"Warminster, PA",0001447028-26-000017
0001654954-26-001848:cxdo_10k.htm,"Crexendo, Inc.  (CXDO)  (CIK 0001075736)",0001075736,10-K,2026-03-03,2025-12-31,"Tempe, AZ",0001654954-26-001848
0001193125-26-277521:orcl-20260531.htm,"ORACLE CORP  (ORCL, ORCL-PD)  (CIK 0001341439)",0001341439,10-K,2026-06-22,2026-05-31,"Austin, TX",0001193125-26-277521
0001046311-26-000008:chh-20251231.htm,CHOICE HOTELS INTERNATIONAL INC /DE  (CHH)  (CIK 0001046311),0001046311,10-K,2026-02-19,2025-12-31,"North Bethesda, MD",0001046311-26-000008
0001104659-26-025299:ampy-20251231x10k.htm,Amplify Energy Corp.  (AMPY)  (CIK 0001533924),0001533924,10-K,2026-03-09,2025-12-31,"Houston, TX",0001104659-26-025299
0001193125-26-067364:plmr-20251231.htm,"Palomar Holdings, Inc.  (PLMR)  (CIK 0001761312)",0001761312,10-K,2026-02-24,2025-12-31,"La Jolla, CA",0001193125-26-067364
0001104659-26-036884:lvlu-20251228x10k.htm,"Lulu's Fashion Lounge Holdings, Inc.  (LVLU)  (CIK 0001780201)",0001780201,10-K,2026-03-30,2025-12-28,"Chico, CA",0001104659-26-036884
0001579684-26-000010:tday-20251231.htm,"USA TODAY Co., Inc.  (TDAY)  (CIK 0001579684)",0001579684,10-K,2026-02-26,2025-12-31,"Pittsford, NY",0001579684-26-000010
0000314808-26-000029:val-20251231.htm,"Valaris Ltd  (VAL, VAL-WT)  (CIK 0000314808)",0000314808,10-K,2026-02-20,2025-12-31,"Hamilton, D0",0000314808-26-000029
0001386278-26-000015:gdot-20251231.htm,GREEN DOT CORP  (GDOT)  (CIK 0001386278),0001386278,10-K,2026-03-16,2025-12-31,"Provo, UT",0001386278-26-000015
0001140361-26-010883:ef20060689_10k.htm,CREDITRISKMONITOR COM INC  (CRMZ)  (CIK 0000315958),0000315958,10-K,2026-03-24,2025-12-31,"Las Vegas, NV",0001140361-26-010883
0001628280-26-056812:msgs-20260630.htm,Madison Square Garden Sports Corp.  (MSGS)  (CIK 0001636519),0001636519,10-K,2026-08-13,2026-06-30,"New York, NY",0001628280-26-056812
0001420800-26-000012:cfx-20251231.htm,Enovis CORP  (ENOV)  (CIK 0001420800),0001420800,10-K,2026-02-26,2025-12-31,"Wilmington, DE",0001420800-26-000012
0001585521-26-000030:zm-20260131.htm,"Zoom Communications, Inc.  (ZM)  (CIK 0001585521)",0001585521,10-K,2026-02-27,2026-01-31,"San Jose, CA",0001585521-26-000030
0001628280-26-009585:lfus-20251227.htm,LITTELFUSE INC /DE  (LFUS)  (CIK 0000889331),0000889331,10-K,2026-02-19,2025-12-27,"Rosemont, IL",0001628280-26-009585
0001193125-26-073423:vitl-20251228.htm,"Vital Farms, Inc.  (VITL)  (CIK 0001579733)",0001579733,10-K,2026-02-26,2025-12-28,"Austin, TX",0001193125-26-073423
0000908937-26-000006:siri-20251231.htm,SIRIUS XM HOLDINGS INC.  (SIRI)  (CIK 0000908937),0000908937,10-K,2026-02-05,2025-12-31,"New York, NY",0000908937-26-000006
0001628280-26-009056:pkst-20251231.htm,Peakstone Realty Trust  (PKST)  (CIK 0001600626),0001600626,10-K,2026-02-18,2025-12-31,,0001628280-26-009056
0001437749-26-005352:adus20251231_10k.htm,Addus HomeCare Corp  (ADUS)  (CIK 0001468328),0001468328,10-K,2026-02-24,2025-12-31,"Frisco, TX",0001437749-26-005352
0001437749-26-010114:sqft20251231_10k.htm,"Presidio Property Trust, Inc.  (SQFT, SQFTP, SQFTW)  (CIK 0001080657)",0001080657,10-K,2026-03-27,2025-12-31,"San Diego, CA",0001437749-26-010114
0001193125-26-085465:crda-20251231.htm,"CRAWFORD & CO  (CRD-A, CRD-B)  (CIK 0000025475)",0000025475,10-K,2026-03-02,2025-12-31,"Peachtree Corners, GA",0001193125-26-085465
0001193125-26-126670:ck0002043133-20251231.htm,TCW Steel City Senior Lending BDC  (CIK 0002043133),0002043133,10-K,2026-03-26,2025-12-31,"Los Angeles, CA",0001193125-26-126670
0001193125-26-126674:ck0001916608-20251231.htm,TCW Star Direct Lending LLC  (CIK 0001916608),0001916608,10-K,2026-03-26,2025-12-31,"Boston, MA",0001193125-26-126674
0001104659-26-028542:smbk-20251231x10k.htm,SMARTFINANCIAL INC.  (SMBK)  (CIK 0001038773),0001038773,10-K,2026-03-16,2025-12-31,"Knoxville, TN",0001104659-26-028542
0001104659-26-010910:pine-20251231x10k.htm,"Alpine Income Property Trust, Inc.  (PINE, PINE-PA)  (CIK 0001786117)",0001786117,10-K,2026-02-05,2025-12-31,"Winter Park, FL",0001104659-26-010910
0001158172-26-000009:scor-20251231.htm,"COMSCORE, INC.  (SCOR)  (CIK 0001158172)",0001158172,10-K,2026-03-26,2025-12-31,"Reston, VA",0001158172-26-000009
0001493152-26-015717:form10-k.htm,"GameSquare Holdings, Inc.  (GAME)  (CIK 0001714562)",0001714562,10-K,2026-04-08,2025-12-31,"Frisco, TX",0001493152-26-015717
0001704720-26-000045:exhibit991alightincaudited.htm,"Cannae Holdings, Inc.  (CNNE)  (CIK 0001704720)",0001704720,10-K,2026-03-02,2025-12-31,"Las Vegas, NV",0001704720-26-000045
0001493152-26-027105:form10-ka.htm,"VERDE RESOURCES, INC.  (VRDR)  (CIK 0001506929)",0001506929,10-K/A,2026-06-03,2025-06-30,"St. Louis, MO",0001493152-26-027105
0001628280-26-010694:kwr-20251231.htm,QUAKER CHEMICAL CORP  (KWR)  (CIK 0000081362),0000081362,10-K,2026-02-23,2025-12-31,"Conshohocken, PA",0001628280-26-010694
0001653477-26-000014:ngvt-20251231.htm,Ingevity Corp  (NGVT)  (CIK 0001653477),0001653477,10-K,2026-02-26,2025-12-31,"North Charleston, SC",0001653477-26-000014
0001104659-26-020653:lmca-20251231x10k.htm,"Liberty Media Corp  (FWONA, FWONB, FWONK)  (CIK 0001560385)",0001560385,10-K,2026-02-26,2025-12-31,"Englewood, CO",0001104659-26-020653
0001193125-26-071563:rvmd-20251231.htm,"Revolution Medicines, Inc.  (RVMD, RVMDW)  (CIK 0001628171)",0001628171,10-K,2026-02-25,2025-12-31,"Redwood City, CA",0001193125-26-071563
0001493152-26-014116:form10-k.htm,"AIRO Group Holdings, Inc.  (AIRO)  (CIK 0001927958)",0001927958,10-K,2026-03-31,2025-12-31,"Mclean, VA",0001493152-26-014116
0001489393-26-000012:lyb-20251231.htm,LyondellBasell Industries N.V.  (LYB)  (CIK 0001489393),0001489393,10-K,2026-02-20,2025-12-31,"Houston, TX",0001489393-26-000012
0001456772-26-000022:opi-20251231.htm,OFFICE PROPERTIES INCOME TRUST  (CIK 0001456772),0001456772,10-K,2026-05-22,2025-12-31,"Newton, MA",0001456772-26-000022
0001493152-26-008562:form10-k.htm,"HARROW, INC.  (HROW)  (CIK 0001360214)",0001360214,10-K,2026-03-02,2025-12-31,"Nashville, TN",0001493152-26-008562
0001193125-26-071592:hesm-20251231.htm,Hess Midstream LP  (HESM)  (CIK 0001789832),0001789832,10-K,2026-02-25,2025-12-31,"Houston, TX",0001193125-26-071592
0001640334-26-000952:trso_10k.htm,TRANSUITE.ORG INC.  (TRSO)  (CIK 0001758699),0001758699,10-K,2026-05-22,2025-12-31,"Las Vegas, NV",0001640334-26-000952
0001193125-26-076547:bdsx-20251231.htm,BIODESIX INC  (BDSX)  (CIK 0001439725),0001439725,10-K,2026-02-26,2025-12-31,"Louisville, CO",0001193125-26-076547
0001104659-26-028308:obt-20251231x10k.htm,"Orange County Bancorp, Inc. /DE/  (OBT)  (CIK 0001754226)",0001754226,10-K,2026-03-16,2025-12-31,"Middletown, NY",0001104659-26-028308
0001424929-26-000012:foxf-20260102.htm,FOX FACTORY HOLDING CORP  (FOXF)  (CIK 0001424929),0001424929,10-K,2026-02-27,2026-01-02,"Duluth, GA",0001424929-26-000012
0001651562-26-000015:cour-20251231.htm,"Coursera, Inc.  (COUR)  (CIK 0001651562)",0001651562,10-K,2026-02-23,2025-12-31,"Mountain View, CA",0001651562-26-000015
0000842162-26-000011:lear-20251231.htm,LEAR CORP  (LEA)  (CIK 0000842162),0000842162,10-K,2026-02-13,2025-12-31,"Southfield, MI",0000842162-26-000011
0001104659-26-019035:rhp-20251231x10k.htm,"Ryman Hospitality Properties, Inc.  (RHP)  (CIK 0001040829)",0001040829,10-K,2026-02-24,2025-12-31,"Nashville, TN",0001104659-26-019035
0000081061-26-000038:ck0000081061-20251227.htm,PUBLIX SUPER MARKETS INC  (CIK 0000081061),0000081061,10-K,2026-03-02,2025-12-27,"Lakeland, FL",0000081061-26-000038
0001193125-26-077057:vctr-20251231.htm,"Victory Capital Holdings, Inc.  (VCTR)  (CIK 0001570827)",0001570827,10-K,2026-02-26,2025-12-31,"Brooklyn, OH",0001193125-26-077057
0000020286-26-000008:cinf-20251231.htm,CINCINNATI FINANCIAL CORP  (CINF)  (CIK 0000020286),0000020286,10-K,2026-02-23,2025-12-31,"Fairfield, OH",0000020286-26-000008
0001050441-26-000021:egbn-20251231.htm,EAGLE BANCORP INC  (EGBN)  (CIK 0001050441),0001050441,10-K,2026-03-09,2025-12-31,"Bethesda, MD",0001050441-26-000021
0001543151-26-000015:uber-20251231.htm,"Uber Technologies, Inc  (UBER)  (CIK 0001543151)",0001543151,10-K,2026-02-13,2025-12-31,"San Francisco, CA",0001543151-26-000015
0001193125-26-130401:aura-20251231.htm,"Aura Biosciences, Inc.  (AURA)  (CIK 0001501796)",0001501796,10-K,2026-03-30,2025-12-31,"Boston, MA",0001193125-26-130401
0000750686-26-000010:cac-20251231.htm,CAMDEN NATIONAL CORP  (CAC)  (CIK 0000750686),0000750686,10-K,2026-03-06,2025-12-31,"Camden, ME",0000750686-26-000010
0000759944-26-000028:cfg-20251231.htm,"CITIZENS FINANCIAL GROUP INC/RI  (CFG, CFG-PE, CFG-PH, CFG-PI)  (CIK 0000759944)",0000759944,10-K,2026-02-12,2025-12-31,"Providence, RI",0000759944-26-000028
0001628280-26-013788:cenx-20251231.htm,CENTURY ALUMINUM CO  (CENX)  (CIK 0000949157),0000949157,10-K,2026-03-03,2025-12-31,"Chicago, IL",0001628280-26-013788
0001717307-26-000012:ilpt-20251231.htm,Industrial Logistics Properties Trust  (ILPT)  (CIK 0001717307),0001717307,10-K,2026-02-18,2025-12-31,"Newton, MA",0001717307-26-000012
0000039263-26-000011:cfr-20251231.htm,"CULLEN/FROST BANKERS, INC.  (CFR, CFR-PB)  (CIK 0000039263)",0000039263,10-K,2026-02-05,2025-12-31,"San Antonio, TX",0000039263-26-000011
0001437749-26-029098:aray20260630_10k.htm,ACCURAY INC  (ARAY)  (CIK 0001138723),0001138723,10-K,2026-08-27,2026-06-30,"Madison, WI",0001437749-26-029098
0001193125-26-197735:d147922d10ka.htm,"Apollo Commercial Real Estate Finance, Inc.  (ARI)  (CIK 0001467760)",0001467760,10-K/A,2026-04-30,2025-12-31,"New York, NY",0001193125-26-197735
0001607939-26-000055:udmy-20251231.htm,"Udemy, Inc.  (UDMY)  (CIK 0001607939)",0001607939,10-K/A,2026-04-10,2025-12-31,"San Francisco, CA",0001607939-26-000055
0001628280-26-012814:pfs-20251231.htm,PROVIDENT FINANCIAL SERVICES INC  (PFS)  (CIK 0001178970),0001178970,10-K,2026-02-27,2025-12-31,"Jersey City, NJ",0001628280-26-012814
0001690012-26-000002:ck0001690012-20251231.htm,"InPoint Commercial Real Estate Income, Inc.  (ICRP, ICR-PA)  (CIK 0001690012)",0001690012,10-K,2026-03-13,2025-12-31,"Oak Brook, IL",0001690012-26-000002
0001628280-26-018265:flyy-20251231.htm,"Spirit Aviation Holdings, Inc.  (FLYYQ)  (CIK 0001498710)",0001498710,10-K,2026-03-16,2025-12-31,"Dania Beach, FL",0001628280-26-018265
0001628280-26-016814:fhtx-20251231.htm,Foghorn Therapeutics Inc.  (FHTX)  (CIK 0001822462),0001822462,10-K,2026-03-11,2025-12-31,"Cambridge, MA",0001628280-26-016814
0001193125-26-085818:amrn-20251231.htm,AMARIN CORP PLC\UK  (AMRN)  (CIK 0000897448),0000897448,10-K,2026-03-02,2025-12-31,Dublin 2,0001193125-26-085818
0001914496-26-000038:sdreit-20251231.htm,"Sculptor Diversified Real Estate Income Trust, Inc.  (CIK 0001914496)",0001914496,10-K,2026-03-31,2025-12-31,"New York, NY",0001914496-26-000038
0000064803-26-000010:cvs-20251231.htm,CVS HEALTH Corp  (CVS)  (CIK 0000064803),0000064803,10-K,2026-02-10,2025-12-31,"Woonsocket, RI",0000064803-26-000010
0001193125-26-100102:ck0001882850-20251231.htm,"Apollo Realty Income Solutions, Inc.  (CIK 0001882850)",0001882850,10-K,2026-03-10,2025-12-31,"New York, NY",0001193125-26-100102
0001193125-26-130483:alur-20251231.htm,"ALLURION TECHNOLOGIES, INC.  (ALUR, ALURW)  (CIK 0001964979)",0001964979,10-K,2026-03-30,2025-12-31,"Natick, MA",0001193125-26-130483
0001549595-26-000016:nrix-20251130.htm,"Nurix Therapeutics, Inc.  (NRIX)  (CIK 0001549595)",0001549595,10-K,2026-01-28,2025-11-30,"Brisbane, CA",0001549595-26-000016
0001193125-26-144057:cmbm-20241231.htm,"Cambium Networks Corp  (CMBM, CMBMF)  (CIK 0001738177)",0001738177,10-K,2026-04-07,2024-12-31,"Grand Cayman, E9",0001193125-26-144057
0001628280-26-008625:ocn-20251231.htm,ONITY GROUP INC.  (ONIT)  (CIK 0000873860),0000873860,10-K,2026-02-17,2025-12-31,"West Palm Beach, FL",0001628280-26-008625
0000073124-26-000016:ntrs-20251231.htm,"NORTHERN TRUST CORP  (NTRS, NTRSO)  (CIK 0000073124)",0000073124,10-K,2026-02-24,2025-12-31,"Chicago, IL",0000073124-26-000016
0001062993-26-001270:form10k.htm,SunOpta Inc.  (STKL)  (CIK 0000351834),0000351834,10-K,2026-03-04,2026-01-03,"Eden Prairie, MN",0001062993-26-001270
0001437749-26-007063:beep20251231_10k.htm,Mobile Infrastructure Corp  (BEEP)  (CIK 0001847874),0001847874,10-K,2026-03-05,2025-12-31,"Cincinnati, OH",0001437749-26-007063
0001064728-26-000006:btu-20251231.htm,PEABODY ENERGY CORP  (BTU)  (CIK 0001064728),0001064728,10-K,2026-02-19,2025-12-31,"St Louis, MO",0001064728-26-000006
0001213900-26-037999:ea0283352-10k_renx.htm,RenX Enterprises Corp.  (RENX)  (CIK 0001959023),0001959023,10-K,2026-04-01,2025-12-31,"Miami, FL",0001213900-26-037999
0001493152-26-013246:form10-k.htm,"Soulpower Acquisition Corp.  (SOUL, SOUL-RI, SOUL-UN)  (CIK 0002025608)",0002025608,10-K,2026-03-27,2025-12-31,"New York, NY",0001493152-26-013246
0001193125-26-067130:sf-20251231.htm,"STIFEL FINANCIAL CORP  (SF, SFB, SF-PB, SF-PC, SF-PD)  (CIK 0000720672)",0000720672,10-K,2026-02-24,2025-12-31,"St. Louis, MO",0001193125-26-067130
0001193125-26-115259:ck0002065397-20251231.htm,Antares Strategic Credit Fund II LLC  (CIK 0002065397),0002065397,10-K,2026-03-19,2025-12-31,"Chicago, IL",0001193125-26-115259
0001193125-26-117572:ck0001946997-20251231.htm,"EQT Exeter Real Estate Income Trust, Inc.  (CIK 0001946997)",0001946997,10-K,2026-03-20,2025-12-31,"Radnor, PA",0001193125-26-117572
0001193125-26-109360:glue-20251231.htm,"Monte Rosa Therapeutics, Inc.  (GLUE)  (CIK 0001826457)",0001826457,10-K,2026-03-17,2025-12-31,"Boston, MA",0001193125-26-109360
0000851205-26-000012:cgnx-20251231.htm,COGNEX CORP  (CGNX)  (CIK 0000851205),0000851205,10-K,2026-02-12,2025-12-31,"Natick, MA",0000851205-26-000012
0001193125-26-076810:lxu-20251231.htm,"LSB INDUSTRIES, INC.  (LXU)  (CIK 0000060714)",0000060714,10-K,2026-02-26,2025-12-31,"Oklahoma City, OK",0001193125-26-076810
0001104659-26-020113:insw-20251231x10k.htm,"International Seaways, Inc.  (INSW)  (CIK 0001679049)",0001679049,10-K,2026-02-26,2025-12-31,"New York, NY",0001104659-26-020113
0000733076-26-000003:bhl-20251231.htm,BRIGHTHOUSE LIFE INSURANCE Co  (CIK 0000733076),0000733076,10-K,2026-02-27,2025-12-31,"Charlotte, NC",0000733076-26-000003
0001193125-26-073379:phat-20251231.htm,"Phathom Pharmaceuticals, Inc.  (PHAT)  (CIK 0001783183)",0001783183,10-K,2026-02-26,2025-12-31,"Florham Park, NJ",0001193125-26-073379
0001193125-26-108632:agen-20251231.htm,AGENUS INC  (AGEN)  (CIK 0001098972),0001098972,10-K,2026-03-16,2025-12-31,"Lexington, MA",0001193125-26-108632
0001493152-26-009536:form10-k.htm,"Reliance Global Group, Inc.  (EZRA)  (CIK 0001812727)",0001812727,10-K,2026-03-10,2025-12-31,"Lakewood, NJ",0001493152-26-009536
0001175680-26-000014:ck0001175680-20260531.htm,CytoDyn Inc.  (CYDY)  (CIK 0001175680),0001175680,10-K,2026-08-31,2026-05-31,"Vancouver, WA",0001175680-26-000014
0001193125-26-133271:nxdt-20251231.htm,"NEXPOINT DIVERSIFIED REAL ESTATE TRUST  (NXDT, NXDT-PA)  (CIK 0001356115)",0001356115,10-K,2026-03-31,2025-12-31,"Dallas, TX",0001193125-26-133271
0001628280-26-012804:infu-20251231.htm,"InfuSystem Holdings, Inc  (INFU)  (CIK 0001337013)",0001337013,10-K,2026-02-27,2025-12-31,"Rochester Hills, MI",0001628280-26-012804
0001437749-26-029578:eth20260630c_10k.htm,ETHAN ALLEN INTERIORS INC  (ETD)  (CIK 0000896156),0000896156,10-K,2026-09-03,2026-06-30,"Danbury, CT",0001437749-26-029578
0001331754-26-000058:fhlbi-20251231.htm,Federal Home Loan Bank of Indianapolis  (CIK 0001331754),0001331754,10-K,2026-03-12,2025-12-31,"Indianapolis, IN",0001331754-26-000058
0000898173-26-000009:orly-20251231x10k.htm,O REILLY AUTOMOTIVE INC  (ORLY)  (CIK 0000898173),0000898173,10-K,2026-02-27,2025-12-31,"Springfield, MO",0000898173-26-000009
0001493152-26-015715:form10-k.htm,"PIONEER POWER SOLUTIONS, INC.  (PPSI)  (CIK 0001449792)",0001449792,10-K,2026-04-08,2025-12-31,"Fort Lee, NJ",0001493152-26-015715
0001123852-26-000003:nspm-20251231.htm,NORTHERN STATES POWER CO  (CIK 0001123852),0001123852,10-K,2026-02-25,2025-12-31,"Minneapolis, MN",0001123852-26-000003
0001709442-26-000017:fcb-20251231.htm,FIRSTSUN CAPITAL BANCORP  (FSUN)  (CIK 0001709442),0001709442,10-K,2026-03-06,2025-12-31,"Denver, CO",0001709442-26-000017
0001493152-26-016896:form10-k.htm,"NEXTNRG, INC.  (NXXT)  (CIK 0001817004)",0001817004,10-K,2026-04-16,2025-12-31,"Miami Beach, FL",0001493152-26-016896
0000715787-26-000006:tile-20251228.htm,INTERFACE INC  (TILE)  (CIK 0000715787),0000715787,10-K,2026-02-25,2025-12-28,"Atlanta, GA",0000715787-26-000006
0001193125-26-077446:peg-20251231.htm,"PUBLIC SERVICE ENTERPRISE GROUP INC  (PEG)  (CIK 0000788784), PUBLIC SERVICE ELECTRIC & GAS CO  (CIK 0000081033)","0000788784, 0000081033",10-K,2026-02-26,2025-12-31,"Newark, NJ, Newark, NJ",0001193125-26-077446
0001104659-26-019108:cnxn-20251231x10k.htm,PC CONNECTION INC  (CNXN)  (CIK 0001050377),0001050377,10-K,2026-02-24,2025-12-31,"Merrimack, NH",0001104659-26-019108
0000764478-26-000009:bby-20260131.htm,BEST BUY CO INC  (BBY)  (CIK 0000764478),0000764478,10-K,2026-03-18,2026-01-31,"Richfield, MN",0000764478-26-000009
0001628280-26-016503:newt-20251231.htm,"NewtekOne, Inc.  (NEWT, NEWTG, NEWTH, NEWTI, NEWTO, NEWTP)  (CIK 0001587987)",0001587987,10-K,2026-03-10,2025-12-31,"Boca Raton, FL",0001628280-26-016503
0000913144-26-000012:rnr-20251231.htm,"RENAISSANCERE HOLDINGS LTD  (RNR, RNR-PF, RNR-PG)  (CIK 0000913144)",0000913144,10-K,2026-02-11,2025-12-31,"Pembroke, D0",0000913144-26-000012
0001821769-26-000007:nvts-20251231.htm,Navitas Semiconductor Corp  (NVTS)  (CIK 0001821769),0001821769,10-K,2026-02-27,2025-12-31,"Torrance, CA",0001821769-26-000007
0001193125-26-326092:neog-20260531.htm,NEOGEN CORP  (NEOG)  (CIK 0000711377),0000711377,10-K,2026-07-30,2026-05-31,"Lansing, MI",0001193125-26-326092
0001628280-26-012601:qxo-20251231.htm,"QXO, Inc.  (QXO, QXO-PB)  (CIK 0001236275)",0001236275,10-K,2026-02-27,2025-12-31,"Greenwich, CT",0001628280-26-012601
0001717547-26-000008:brsp-20251231.htm,"BrightSpire Capital, Inc.  (BRSP)  (CIK 0001717547)",0001717547,10-K,2026-02-18,2025-12-31,"New York, NY",0001717547-26-000008
0001040130-26-000019:pets-20260331.htm,PETMED EXPRESS INC  (PETS)  (CIK 0001040130),0001040130,10-K,2026-06-02,2026-03-31,"Delray Beach, FL",0001040130-26-000019
0001477932-26-002117:sobr_10k.htm,"SOBR Safe, Inc.  (SOBR)  (CIK 0001425627)",0001425627,10-K,2026-04-10,2025-12-31,"Greenwood Village, CO",0001477932-26-002117
0001104659-26-032065:stks-20251228x10k.htm,"ONE Group Hospitality, Inc.  (STKS)  (CIK 0001399520)",0001399520,10-K,2026-03-19,2025-12-28,"Denver, CO",0001104659-26-032065
0001628280-26-008033:pii-20251231.htm,Polaris Inc.  (PII)  (CIK 0000931015),0000931015,10-K,2026-02-13,2025-12-31,"Medina, MN",0001628280-26-008033
0001628280-26-024204:virc-20260131.htm,VIRCO MFG CORPORATION  (VIRC)  (CIK 0000751365),0000751365,10-K,2026-04-08,2026-01-31,"Torrance, CA",0001628280-26-024204
0001587523-26-000005:kn-20251231.htm,Knowles Corp  (KN)  (CIK 0001587523),0001587523,10-K,2026-02-09,2025-12-31,"Itasca, IL",0001587523-26-000005
0000799233-26-000006:htld-20251231.htm,HEARTLAND EXPRESS INC  (HTLD)  (CIK 0000799233),0000799233,10-K,2026-03-03,2025-12-31,"North Liberty, IA",0000799233-26-000006
0001437749-26-007087:smsi20251231d_10k.htm,"SMITH MICRO SOFTWARE, INC.  (SMSI)  (CIK 0000948708)",0000948708,10-K,2026-03-05,2025-12-31,"Pittsburgh, PA",0001437749-26-007087
0001140361-26-023171:ef20070470_10k.htm,EPLUS INC  (PLUS)  (CIK 0001022408),0001022408,10-K,2026-05-28,2026-03-31,"Herndon, VA",0001140361-26-023171
0001193125-26-063138:ck0000091882-20251231.htm,"DOMINION ENERGY SOUTH CAROLINA, INC.  (CIK 0000091882)",0000091882,10-K,2026-02-23,2025-12-31,"Cayce, SC",0001193125-26-063138
0001702510-26-000021:cars-20251231.htm,"Carlyle Credit Solutions, Inc.  (CIK 0001702510)",0001702510,10-K,2026-03-18,2025-12-31,"New York, NY",0001702510-26-000021
0000073756-26-000016:oii-20251231.htm,OCEANEERING INTERNATIONAL INC  (OII)  (CIK 0000073756),0000073756,10-K,2026-02-20,2025-12-31,"Houston, TX",0000073756-26-000016
0001525769-26-000008:play-20260203.htm,"Dave & Buster's Entertainment, Inc.  (PLAY)  (CIK 0001525769)",0001525769,10-K,2026-03-31,2026-02-03,"Dallas, TX",0001525769-26-000008
0001628280-26-011733:rrgb-20251228.htm,RED ROBIN GOURMET BURGERS INC  (RRGB)  (CIK 0001171759),0001171759,10-K,2026-02-25,2025-12-28,"Englewood, CO",0001628280-26-011733
0001729149-26-000009:vmd-20251231.htm,"VIEMED HEALTHCARE, INC.  (VMD)  (CIK 0001729149)",0001729149,10-K,2026-03-04,2025-12-31,"Lafayette, LA",0001729149-26-000009
0000864749-26-000015:trmb-20260102.htm,TRIMBLE INC.  (TRMB)  (CIK 0000864749),0000864749,10-K,2026-02-25,2026-01-02,"Westminster, CO",0000864749-26-000015
0001140361-26-033719:ef20080310_10ka.htm,CREDITRISKMONITOR COM INC  (CRMZ)  (CIK 0000315958),0000315958,10-K/A,2026-08-19,2025-12-31,"Las Vegas, NV",0001140361-26-033719
0001079973-26-000403:nnup_10k.htm,NOCOPI TECHNOLOGIES INC/MD/  (NNUP)  (CIK 0000888981),0000888981,10-K,2026-03-31,2025-12-31,"King of Prussia, PA",0001079973-26-000403
0001214659-26-001181:pcmc2226010k.htm,PUBLIC CO MANAGEMENT CORP  (PCMC)  (CIK 0001141964),0001141964,10-K,2026-02-04,2025-09-30,"Beverly Hills, CA",0001214659-26-001181
0001683168-26-002981:sativus_i10ka1-123125.htm,SATIVUS TECH CORP.  (SATT)  (CIK 0001661600),0001661600,10-K/A,2026-04-15,2025-12-31,"Bethesda, MD",0001683168-26-002981
0001521332-26-000009:aptv-20251231.htm,Aptiv PLC  (APTV)  (CIK 0001521332),0001521332,10-K,2026-02-06,2025-12-31,"Schaffhausen, V8",0001521332-26-000009
0001493152-26-014210:form10-k.htm,"Greater Cannabis Company, Inc.  (GCAN)  (CIK 0001695473)",0001695473,10-K,2026-03-31,2025-12-31,"Baltimore, MD",0001493152-26-014210
0001803737-26-000020:ehab-20251231.htm,"Enhabit, Inc.  (EHAB)  (CIK 0001803737)",0001803737,10-K/A,2026-04-30,2025-12-31,"Dallas, TX",0001803737-26-000020
0001104659-26-053166:tm2611837d1_10ka.htm,"Tesla, Inc.  (TSLA)  (CIK 0001318605)",0001318605,10-K/A,2026-04-30,2025-12-31,"Austin, TX",0001104659-26-053166
0001213900-26-035544:ea0279621-10k_bitdigit.htm,"Bit Digital, Inc  (BTBT)  (CIK 0001710350)",0001710350,10-K,2026-03-27,2025-12-31,"New York, NY",0001213900-26-035544
0001193125-26-067145:aesi-20251231.htm,Atlas Energy Solutions Inc.  (AESI)  (CIK 0001984060),0001984060,10-K,2026-02-24,2025-12-31,"Austin, TX",0001193125-26-067145
0001104659-26-026351:th-20251231x10k.htm,Target Hospitality Corp.  (TH)  (CIK 0001712189),0001712189,10-K,2026-03-11,2025-12-31,"The Woodlands, TX",0001104659-26-026351
0001503274-26-000013:qtrx-20251231.htm,Quanterix Corp  (QTRX)  (CIK 0001503274),0001503274,10-K,2026-03-02,2025-12-31,"Billerica, MA",0001503274-26-000013
0001193125-26-099428:prld-20251231.htm,Prelude Therapeutics Inc  (PRLD)  (CIK 0001678660),0001678660,10-K,2026-03-10,2025-12-31,"Wilmington, DE",0001193125-26-099428
0001193125-26-156999:gloo-20260131.htm,"Gloo Holdings, Inc.  (GLOO)  (CIK 0002069785)",0002069785,10-K,2026-04-15,2026-01-31,"Boulder, CO",0001193125-26-156999
0001437749-26-020545:alce20241231_10k.htm,"Alternus Clean Energy, Inc.  (CIK 0001883984)",0001883984,10-K,2026-06-15,2025-12-31,"New York City, NY",0001437749-26-020545
0001140361-26-011732:ef20063398_10k.htm,"General Purpose Acquisition Corp.  (GPAC, GPACU, GPACW)  (CIK 0002085408)",0002085408,10-K,2026-03-27,2025-12-31,"Millbrook, NY",0001140361-26-011732
0001193125-26-079169:flgt-20251231.htm,"Fulgent Genetics, Inc.  (FLGT)  (CIK 0001674930)",0001674930,10-K,2026-02-27,2025-12-31,"El Monte, CA",0001193125-26-079169
0001193125-26-099360:rapp-20251231.htm,"Rapport Therapeutics, Inc.  (RAPP)  (CIK 0002012593)",0002012593,10-K,2026-03-10,2025-12-31,"Boston, MA",0001193125-26-099360
0001437749-26-010734:slgg20251231_10k.htm,"Super League Enterprise, Inc.  (SLE)  (CIK 0001621672)",0001621672,10-K,2026-03-31,2025-12-31,"Santa Monica, CA",0001437749-26-010734
0001004702-26-000015:ocfc-20251231.htm,OCEANFIRST FINANCIAL CORP  (OCFC)  (CIK 0001004702),0001004702,10-K,2026-02-27,2025-12-31,"Toms River, NJ",0001004702-26-000015
0001213900-26-025189:ea0276827-10k_vicarious.htm,"Vicarious Surgical Inc.  (RBOT, RBOTW)  (CIK 0001812173)",0001812173,10-K,2026-03-09,2025-12-31,"Waltham, MA",0001213900-26-025189
0001193125-26-141887:ck0001715933-20251231.htm,TCW Direct Lending VII LLC  (CIK 0001715933),0001715933,10-K,2026-04-03,2025-12-31,"Los Angeles, CA",0001193125-26-141887
0001213900-26-036946:ea0283741-10k_cadrenal.htm,"Cadrenal Therapeutics, Inc.  (CVKD)  (CIK 0001937993)",0001937993,10-K,2026-03-31,2025-12-31,"Ponte Vedra, FL",0001213900-26-036946
0001437402-26-000013:ardx-20251231.htm,"ARDELYX, INC.  (ARDX)  (CIK 0001437402)",0001437402,10-K,2026-02-19,2025-12-31,"Fremont, CA",0001437402-26-000013
0001104659-26-078906:avav-20260430x10k.htm,AeroVironment Inc  (AVAV)  (CIK 0001368622),0001368622,10-K,2026-06-29,2026-04-30,"Arlington, VA",0001104659-26-078906
0001829126-26-002860:neonctechnologies_10k.htm,"NEONC TECHNOLOGIES HOLDINGS, INC.  (NTHI)  (CIK 0001979414)",0001979414,10-K,2026-03-31,2025-12-31,"Calabasas, CA",0001829126-26-002860
0001590750-26-000007:vrdn-20251231.htm,"Viridian Therapeutics, Inc.\DE  (VRDN)  (CIK 0001590750)",0001590750,10-K,2026-02-26,2025-12-31,"Waltham, MA",0001590750-26-000007
0001662991-26-000016:szl-20251231.htm,Sezzle Inc.  (SEZL)  (CIK 0001662991),0001662991,10-K,2026-02-26,2025-12-31,"Minneapolis, MN",0001662991-26-000016
0001834488-26-000046:nabl-20251231.htm,"N-able, Inc.  (NABL)  (CIK 0001834488)",0001834488,10-K/A,2026-08-10,2025-12-31,"Wilmington, DE",0001834488-26-000046
0001683168-26-002958:sativus_i10k-123125.htm,SATIVUS TECH CORP.  (SATT)  (CIK 0001661600),0001661600,10-K,2026-04-15,2025-12-31,"Bethesda, MD",0001683168-26-002958
0001193125-26-093917:eypt-20251231.htm,"EyePoint, Inc.  (EYPT)  (CIK 0001314102)",0001314102,10-K,2026-03-05,2025-12-31,"Watertown, MA",0001193125-26-093917
0000021175-26-000011:cna-20251231.htm,CNA FINANCIAL CORP  (CNA)  (CIK 0000021175),0000021175,10-K,2026-02-10,2025-12-31,"Chicago, IL",0000021175-26-000011
0001482430-26-000014:kbsriii-20251231.htm,"KBS Real Estate Investment Trust III, Inc.  (KBSR)  (CIK 0001482430)",0001482430,10-K,2026-03-27,2025-12-31,"Newport Beach, CA",0001482430-26-000014
0001193125-26-099339:qttb-20251231.htm,Q32 Bio Inc.  (QTTB)  (CIK 0001661998),0001661998,10-K,2026-03-10,2025-12-31,"Waltham, MA",0001193125-26-099339
0001552000-26-000009:mplx-20251231.htm,"MPLX LP  (MPLX, MPLXP)  (CIK 0001552000)",0001552000,10-K,2026-02-26,2025-12-31,"Findlay, OH",0001552000-26-000009
0001493152-26-016725:form10-k.htm,"FOXO TECHNOLOGIES INC.  (FOXO, FOXOW)  (CIK 0001812360)",0001812360,10-K,2026-04-15,2025-12-31,"West Palm Beach, FL",0001493152-26-016725
0001308179-26-000382:ea2026-10ka.htm,ELECTRONIC ARTS INC.  (EA)  (CIK 0000712515),0000712515,10-K/A,2026-07-28,2026-03-31,"Redwood City, CA",0001308179-26-000382
0001193125-26-076771:ck0001889956-20251231.htm,"OneStream, Inc.  (OS)  (CIK 0001889956)",0001889956,10-K,2026-02-26,2025-12-31,"Birmingham, MI",0001193125-26-076771
0000070318-26-000012:thc-20251231.htm,TENET HEALTHCARE CORP  (THC)  (CIK 0000070318),0000070318,10-K,2026-02-17,2025-12-31,"Dallas, TX",0000070318-26-000012
0001193125-26-124194:tpicq-20251231.htm,"TPI COMPOSITES, INC  (TPICQ)  (CIK 0001455684)",0001455684,10-K,2026-03-25,2025-12-31,"Scottsdale, AZ",0001193125-26-124194
0001193125-26-126676:ck0001825265-20251231.htm,TCW Direct Lending VIII LLC  (CIK 0001825265),0001825265,10-K,2026-03-26,2025-12-31,"Los Angeles, CA",0001193125-26-126676
0001628280-26-014653:ambc-20251231.htm,OCTAVE SPECIALTY GROUP INC  (OSG)  (CIK 0000874501),0000874501,10-K,2026-03-04,2025-12-31,"New York, NY",0001628280-26-014653
0000706129-26-000024:hbnc-20251231.htm,HORIZON BANCORP INC /IN/  (HBNC)  (CIK 0000706129),0000706129,10-K,2026-03-13,2025-12-31,"Michigan City, IN",0000706129-26-000024
0001104659-26-015365:dlr-20251231x10k.htm,"DIGITAL REALTY TRUST, INC.  (DLR, DLR-PJ, DLR-PK, DLR-PL)  (CIK 0001297996), DIGITAL REALTY TRUST, L.P.  (CIK 0001494877)","0001297996, 0001494877",10-K,2026-02-13,2025-12-31,"Dallas, TX, Dallas, TX",0001104659-26-015365
0001193125-26-059509:cyh-20251231.htm,COMMUNITY HEALTH SYSTEMS INC  (CYH)  (CIK 0001108109),0001108109,10-K,2026-02-19,2025-12-31,"Franklin, TN",0001193125-26-059509
0002014596-26-000029:cghp-20251231.htm,"Concentra Group Holdings Parent, Inc.  (CON)  (CIK 0002014596)",0002014596,10-K,2026-02-26,2025-12-31,"Addison, TX",0002014596-26-000029
0001493152-26-014263:form10-k.htm,"Greenlane Holdings, Inc.  (GNLN)  (CIK 0001743745)",0001743745,10-K,2026-03-31,2025-12-31,"Boca Raton, FL",0001493152-26-014263
0001834488-26-000007:nabl-20251231.htm,"N-able, Inc.  (NABL)  (CIK 0001834488)",0001834488,10-K,2026-02-26,2025-12-31,"Wilmington, DE",0001834488-26-000007
0001538716-26-000015:oprt-20251231.htm,Oportun Financial Corp  (OPRT)  (CIK 0001538716),0001538716,10-K,2026-02-27,2025-12-31,"San Mateo, CA",0001538716-26-000015
0001561894-26-000007:hasi-20251231.htm,"HA Sustainable Infrastructure Capital, Inc.  (HASI)  (CIK 0001561894)",0001561894,10-K,2026-02-13,2025-12-31,"Annapolis, MD",0001561894-26-000007
0001055726-26-000008:ino-20251231.htm,"INOVIO PHARMACEUTICALS, INC.  (INO)  (CIK 0001055726)",0001055726,10-K,2026-03-12,2025-12-31,"Plymouth Meeting, PA",0001055726-26-000008
0001628280-26-022450:alti-20251231.htm,"AlTi Global, Inc.  (ALTI)  (CIK 0001838615)",0001838615,10-K,2026-03-31,2025-12-31,"New York, NY",0001628280-26-022450
0001193125-26-134887:kod-20251231.htm,Kodiak Sciences Inc.  (KOD)  (CIK 0001468748),0001468748,10-K,2026-03-31,2025-12-31,"Palo Alto, CA",0001193125-26-134887
0001104659-26-027664:elut-20251231x10k.htm,ELUTIA INC.  (ELUT)  (CIK 0001708527),0001708527,10-K,2026-03-13,2025-12-31,"Silver Spring, MD",0001104659-26-027664
0001104659-26-022253:mdrr-20251231x10k.htm,"Medalist Diversified REIT, Inc.  (MDRR)  (CIK 0001654595)",0001654595,10-K,2026-03-02,2025-12-31,,0001104659-26-022253
0001193125-26-100467:gbli-20251231.htm,"Global Indemnity Group, LLC  (GBLI)  (CIK 0001494904)",0001494904,10-K,2026-03-10,2025-12-31,"Bala Cynwyd, PA",0001193125-26-100467
0001213900-26-035679:ea0282881-10k_abony1.htm,"Abony Acquisition Corp. I  (AACO, AACOU)  (CIK 0002099906)",0002099906,10-K,2026-03-27,2025-12-31,"Austin, TX",0001213900-26-035679
0001493152-26-012845:form10-k.htm,Orgenesis Inc.  (ORGS)  (CIK 0001460602),0001460602,10-K,2026-03-26,2024-12-31,"Germantown, MD",0001493152-26-012845
0001193125-26-041208:maa-20251231.htm,"MID AMERICA APARTMENT COMMUNITIES INC.  (MAA, MAA-PI)  (CIK 0000912595), Mid-America Apartments, L.P.  (CIK 0001581776)","0000912595, 0001581776",10-K,2026-02-06,2025-12-31,"Germantown, TN, Germantown, TN",0001193125-26-041208
0000068505-26-000010:msi-20251231.htm,"Motorola Solutions, Inc.  (MSI)  (CIK 0000068505)",0000068505,10-K,2026-02-12,2025-12-31,"Chicago, IL",0000068505-26-000010
0001628280-26-010273:evr-20251231.htm,Evercore Inc.  (EVR)  (CIK 0001360901),0001360901,10-K,2026-02-20,2025-12-31,"New York, NY",0001628280-26-010273
0001628280-26-011507:gsreft-20251231.htm,Goldman Sachs Real Estate Finance Trust Inc  (CIK 0002027537),0002027537,10-K,2026-02-25,2025-12-31,"New York, NY",0001628280-26-011507
0000100122-26-000006:tep-20251231.htm,TUCSON ELECTRIC POWER CO  (CIK 0000100122),0000100122,10-K,2026-02-12,2025-12-31,"Tucson, AZ",0000100122-26-000006
0001091667-26-000017:chtr-20251231.htm,"CHARTER COMMUNICATIONS, INC. /MO/  (CHTR)  (CIK 0001091667)",0001091667,10-K,2026-01-30,2025-12-31,"Stamford, CT",0001091667-26-000017
0001628280-26-015450:tra-20251231.htm,"Traeger, Inc.  (COOK)  (CIK 0001857853)",0001857853,10-K,2026-03-06,2025-12-31,"Salt Lake City, UT",0001628280-26-015450
0001654954-26-000710:pbsv_10k.htm,"Pharma-Bio Serv, Inc.  (PBSV)  (CIK 0001304161)",0001304161,10-K,2026-01-29,2025-10-31,"Dorado, PR",0001654954-26-000710
0002049733-26-000008:brec-20251231.htm,Blackstone Private Real Estate Credit & Income Fund  (CIK 0002049733),0002049733,10-K,2026-02-27,2025-12-31,"New York, NY",0002049733-26-000008
0001178913-26-001595:zk2634863.htm,"SOLAREDGE TECHNOLOGIES, INC.  (SEDG)  (CIK 0001419612)",0001419612,10-K/A,2026-03-23,2025-12-31,Herziliya Pituach,0001178913-26-001595
0001999371-26-005514:wneb-10k_123125.htm,"Western New England Bancorp, Inc.  (WNEB)  (CIK 0001157647)",0001157647,10-K,2026-03-10,2025-12-31,"Westfield, MA",0001999371-26-005514
0001628280-26-021847:slnh-20251231.htm,"Soluna Holdings, Inc  (SLNH, SLNHP)  (CIK 0000064463)",0000064463,10-K,2026-03-30,2025-12-31,"Albany, NY",0001628280-26-021847
0000093389-26-000012:smp-20251231.htm,"STANDARD MOTOR PRODUCTS, INC.  (SMP)  (CIK 0000093389)",0000093389,10-K,2026-02-26,2025-12-31,"Long Island City, NY",0000093389-26-000012
0001104659-26-025862:cdre-20251231x10k.htm,"Cadre Holdings, Inc.  (CDRE)  (CIK 0001860543)",0001860543,10-K,2026-03-10,2025-12-31,"Jacksonville, FL",0001104659-26-025862
0001824502-26-000019:achr-20251231.htm,"Archer Aviation Inc.  (ACHR, ACHR-WT)  (CIK 0001824502)",0001824502,10-K,2026-03-02,2025-12-31,"San Jose, CA",0001824502-26-000019
0000080424-26-000103:pg-20260630.htm,PROCTER & GAMBLE Co  (PG)  (CIK 0000080424),0000080424,10-K,2026-08-04,2026-06-30,"Cincinnati, OH",0000080424-26-000103
0001356090-26-000009:pgen-20251231.htm,"PRECIGEN, INC.  (PGEN)  (CIK 0001356090)",0001356090,10-K,2026-03-25,2025-12-31,"Germantown, MD",0001356090-26-000009
0001514991-26-000011:amcx-20251231.htm,AMC Networks Inc.  (AMCX)  (CIK 0001514991),0001514991,10-K,2026-02-11,2025-12-31,"New York, NY",0001514991-26-000011
0001493152-26-013671:form10-k.htm,"WinVest Acquisition Corp.  (WINV, WINVR, WINVU, WINVW)  (CIK 0001854463)",0001854463,10-K,2026-03-30,2025-12-31,"Cambridge, MA",0001493152-26-013671
0001743907-26-000032:sncy-20251231.htm,"Sun Country Airlines Holdings, Inc.  (SNCY)  (CIK 0001743907)",0001743907,10-K,2026-02-12,2025-12-31,"Minneapolis, MN",0001743907-26-000032
0001808805-26-000011:naut-20251231.htm,"Nautilus Biotechnology, Inc.  (NAUT)  (CIK 0001808805)",0001808805,10-K,2026-02-26,2025-12-31,"Seattle, WA",0001808805-26-000011
0001193125-26-073699:fate-20251231.htm,FATE THERAPEUTICS INC  (FATE)  (CIK 0001434316),0001434316,10-K,2026-02-26,2025-12-31,"San Diego, CA",0001193125-26-073699
0001193125-26-103121:mbx-20251231.htm,"MBX Biosciences, Inc.  (MBX)  (CIK 0001776111)",0001776111,10-K,2026-03-12,2025-12-31,"Carmel, IN",0001193125-26-103121
0001104659-26-034593:park-20251231x10k.htm,"Park Dental Partners, Inc.  (PARK)  (CIK 0002069604)",0002069604,10-K,2026-03-25,2025-12-31,"Roseville, MN",0001104659-26-034593
0001628280-26-012920:ssd-20251231.htm,"Simpson Manufacturing Co., Inc.  (SSD)  (CIK 0000920371)",0000920371,10-K,2026-02-27,2025-12-31,"Pleasanton, CA",0001628280-26-012920
0000944148-26-000038:cbz-20251231.htm,"CBIZ, Inc.  (CBZ)  (CIK 0000944148)",0000944148,10-K,2026-02-26,2025-12-31,"Independence, OH",0000944148-26-000038
0001437749-26-008411:ff20251231_10k.htm,FutureFuel Corp.  (FF)  (CIK 0001337298),0001337298,10-K,2026-03-16,2025-12-31,"Batesville, AR",0001437749-26-008411
0001193125-26-156927:alot-20260131.htm,"AstroNova, Inc.  (ALOT)  (CIK 0000008146)",0000008146,10-K,2026-04-15,2026-01-31,"West Warwick, RI",0001193125-26-156927
0001609711-26-000010:gddy-20251231.htm,GoDaddy Inc.  (GDDY)  (CIK 0001609711),0001609711,10-K,2026-02-25,2025-12-31,"Tempe, AZ",0001609711-26-000010
0001178913-26-000632:zk2634374.htm,"SOLAREDGE TECHNOLOGIES, INC.  (SEDG)  (CIK 0001419612)",0001419612,10-K,2026-02-25,2025-12-31,Herziliya Pituach,0001178913-26-000632
0001271833-26-000005:ccoh-20251231.htm,"CCO HOLDINGS LLC  (CIK 0001271833), CCO HOLDINGS CAPITAL CORP  (CIK 0001271834)","0001271833, 0001271834",10-K,2026-01-30,2025-12-31,"Stamford, CT, Stamford, CT",0001271833-26-000005
0001193125-26-134564:giwwu-20251231.htm,"GigCapital8 Corp.  (GIW, GIWWR, GIWWU)  (CIK 0002080019)",0002080019,10-K,2026-03-31,2025-12-31,"Palo Alto, CA",0001193125-26-134564
0001174947-26-000299:ccfn-20251231.htm,MUNCY COLUMBIA FINANCIAL Corp  (CCFN)  (CIK 0000731122),0000731122,10-K,2026-03-06,2025-12-31,"Bloomsburg, PA",0001174947-26-000299
0000893538-26-000032:sm-20251231.htm,SM Energy Co  (SM)  (CIK 0000893538),0000893538,10-K,2026-02-26,2025-12-31,"Denver, CO",0000893538-26-000032
0001803498-26-000014:bcred-20251231.htm,Blackstone Private Credit Fund  (CIK 0001803498),0001803498,10-K,2026-03-13,2025-12-31,"New York, NY",0001803498-26-000014
0000851968-26-000011:mhk-20251231.htm,MOHAWK INDUSTRIES INC  (MHK)  (CIK 0000851968),0000851968,10-K,2026-02-24,2025-12-31,"Calhoun, GA",0000851968-26-000011
0000866829-26-000008:hlx-20251231x10k.htm,HELIX ENERGY SOLUTIONS GROUP INC  (HLX)  (CIK 0000866829),0000866829,10-K,2026-02-26,2025-12-31,"Houston, TX",0000866829-26-000008
0001493152-26-014164:form10-k.htm,"Newton Golf Company, Inc.  (NWTG)  (CIK 0001934245)",0001934245,10-K,2026-03-31,2025-12-31,"Camarillo, CA",0001493152-26-014164
0001213900-26-034193:ea0282953-10k_axiom1.htm,"Axiom Intelligence Acquisition Corp 1  (AXIN, AXINR, AXINU)  (CIK 0002057030)",0002057030,10-K,2026-03-25,2025-12-31,London,0001213900-26-034193
0001628280-26-007051:krc-20251231.htm,"KILROY REALTY CORP  (KRC)  (CIK 0001025996), Kilroy Realty, L.P.  (CIK 0001493976)","0001025996, 0001493976",10-K,2026-02-11,2025-12-31,"Los Angeles, CA, Los Angeles, CA",0001628280-26-007051
0001628280-26-016765:mg-20251231.htm,"Mistras Group, Inc.  (MG)  (CIK 0001436126)",0001436126,10-K,2026-03-11,2025-12-31,"Princeton Junction, NJ",0001628280-26-016765
0001562762-26-000027:uscb-20251231.htm,"USCB FINANCIAL HOLDINGS, INC.  (USCB)  (CIK 0001901637)",0001901637,10-K,2026-03-13,2025-12-31,"Doral, FL",0001562762-26-000027
0001193125-26-077437:pb-20251231.htm,PROSPERITY BANCSHARES INC  (PB)  (CIK 0001068851),0001068851,10-K,2026-02-26,2025-12-31,"Houston, TX",0001193125-26-077437
0001489096-26-000067:thr-20260331.htm,"Thermon Group Holdings, Inc.  (THR)  (CIK 0001489096)",0001489096,10-K,2026-05-21,2026-03-31,"Austin, TX",0001489096-26-000067
0000356171-26-000010:tcbk-20251231.htm,TRICO BANCSHARES /  (TCBK)  (CIK 0000356171),0000356171,10-K,2026-03-02,2025-12-31,"Chico, CA",0000356171-26-000010
0001193125-26-082535:indi-20251231.htm,"indie Semiconductor, Inc.  (INDI)  (CIK 0001841925)",0001841925,10-K,2026-02-27,2025-12-31,"Aliso Viejo, CA",0001193125-26-082535
0001437749-26-008852:avbh20251231_10k.htm,"Avidbank Holdings, Inc.  (AVBH)  (CIK 0001443575)",0001443575,10-K,2026-03-18,2025-12-31,"San Jose, CA",0001437749-26-008852
0002030781-26-000003:sail-20260131.htm,"SailPoint, Inc.  (SAIL)  (CIK 0002030781)",0002030781,10-K,2026-03-19,2026-01-31,"Austin, TX",0002030781-26-000003
0001704720-26-000045:cnne-20251231.htm,"Cannae Holdings, Inc.  (CNNE)  (CIK 0001704720)",0001704720,10-K,2026-03-02,2025-12-31,"Las Vegas, NV",0001704720-26-000045
0000277948-26-000006:csx-20251231.htm,CSX CORP  (CSX)  (CIK 0000277948),0000277948,10-K,2026-02-12,2025-12-31,"Jacksonville, FL",0000277948-26-000006
0001704720-26-000045:cnne-20251231.htm,"Cannae Holdings, Inc.  (CNNE)  (CIK 0001704720)",0001704720,10-K,2026-03-02,2025-12-31,"Las Vegas, NV",0001704720-26-000045
0001628280-26-048138:ango-20260531.htm,ANGIODYNAMICS INC  (ANGO)  (CIK 0001275187),0001275187,10-K,2026-07-14,2026-05-31,"Latham, NY",0001628280-26-048138
0001193125-26-123492:gco-20260131.htm,GENESCO INC  (GCO)  (CIK 0000018498),0000018498,10-K,2026-03-25,2026-01-31,"Nashville, TN",0001193125-26-123492
0001193125-26-107176:ww-20251231.htm,"WW INTERNATIONAL, INC.  (WW)  (CIK 0000105319)",0000105319,10-K,2026-03-16,2025-12-31,"New York, NY",0001193125-26-107176
0001696556-26-000004:ofrm_10-k_2025.htm,"Once Upon a Farm, PBC  (OFRM)  (CIK 0001696556)",0001696556,10-K,2026-03-16,2025-12-31,"Berkeley, CA",0001696556-26-000004
0001193125-26-073498:lnth-20251231.htm,"Lantheus Holdings, Inc.  (LNTH)  (CIK 0001521036)",0001521036,10-K,2026-02-26,2025-12-31,"North Billerica, MA",0001193125-26-073498
0001193125-26-104156:krro-20251231.htm,"Korro Bio, Inc.  (KRRO)  (CIK 0001703647)",0001703647,10-K,2026-03-12,2025-12-31,"Cambridge, MA",0001193125-26-104156
0001193125-26-093993:evc-20251231.htm,ENTRAVISION COMMUNICATIONS CORP  (EVC)  (CIK 0001109116),0001109116,10-K,2026-03-05,2025-12-31,"Burbank, CA",0001193125-26-093993
0001722010-26-000002:opbk-20251231.htm,OP Bancorp  (OPBK)  (CIK 0001722010),0001722010,10-K,2026-03-13,2025-12-31,"Los Angeles, CA",0001722010-26-000002
0001428336-26-000010:hqy-20260131.htm,"HEALTHEQUITY, INC.  (HQY)  (CIK 0001428336)",0001428336,10-K,2026-03-17,2026-01-31,"Draper, UT",0001428336-26-000010
0001037646-26-000011:mtd-20251231.htm,METTLER TOLEDO INTERNATIONAL INC/  (MTD)  (CIK 0001037646),0001037646,10-K,2026-02-06,2025-12-31,"Columbus, OH",0001037646-26-000011
0001193125-26-096851:qsol-20251231.htm,Invesco Galaxy Solana ETF  (QSOL)  (CIK 0002074409),0002074409,10-K,2026-03-06,2025-12-31,"Downers Grove, IL",0001193125-26-096851
0001437749-26-006113:mpwr20251231_10k.htm,MONOLITHIC POWER SYSTEMS INC  (MPWR)  (CIK 0001280452),0001280452,10-K,2026-02-27,2025-12-31,"West Palm Beach, FL",0001437749-26-006113
0001193125-26-116001:burl-20260131.htm,"Burlington Stores, Inc.  (BURL)  (CIK 0001579298)",0001579298,10-K,2026-03-19,2026-01-31,"Burlington, NJ",0001193125-26-116001
0001617406-26-000006:pk-20251231.htm,Park Hotels & Resorts Inc.  (PK)  (CIK 0001617406),0001617406,10-K,2026-02-20,2025-12-31,"Tysons, VA",0001617406-26-000006
0000066382-26-000092:mlkn-20260530.htm,"MILLERKNOLL, INC.  (MLKN)  (CIK 0000066382)",0000066382,10-K,2026-07-20,2026-05-30,"Zeeland, MI",0000066382-26-000092
0000913341-26-000010:cffi-20251231x10k.htm,C & F FINANCIAL CORP  (CFFI)  (CIK 0000913341),0000913341,10-K,2026-03-03,2025-12-31,"Toano, VA",0000913341-26-000010
0001941365-26-000006:mbc-20251228.htm,"MasterBrand, Inc.  (MBC)  (CIK 0001941365)",0001941365,10-K,2026-02-13,2025-12-28,"Beachwood, OH",0001941365-26-000006
0001408075-26-000009:gpk-20251231.htm,GRAPHIC PACKAGING HOLDING CO  (GPK)  (CIK 0001408075),0001408075,10-K,2026-03-02,2025-12-31,"Atlanta, GA",0001408075-26-000009
0001193125-26-274254:swbi-20260430.htm,"SMITH & WESSON BRANDS, INC.  (SWBI)  (CIK 0001092796)",0001092796,10-K,2026-06-17,2026-04-30,"Maryville, TN",0001193125-26-274254
0001628280-26-008067:wab-20251231.htm,WESTINGHOUSE AIR BRAKE TECHNOLOGIES CORP  (WAB)  (CIK 0000943452),0000943452,10-K,2026-02-13,2025-12-31,"Pittsburgh, PA",0001628280-26-008067
0001437749-26-004100:lscc20260103_10k.htm,LATTICE SEMICONDUCTOR CORP  (LSCC)  (CIK 0000855658),0000855658,10-K,2026-02-13,2026-01-03,"Hillsboro, OR",0001437749-26-004100
0001628280-26-015027:pack-20251231.htm,Ranpak Holdings Corp.  (PACK)  (CIK 0001712463),0001712463,10-K,2026-03-05,2025-12-31,"Concord Township, OH",0001628280-26-015027
0001213900-26-024616:ea0279152-10k_bluejay.htm,"Bluejay Diagnostics, Inc.  (BJDX)  (CIK 0001704287)",0001704287,10-K,2026-03-06,2025-12-31,"Acton, MA",0001213900-26-024616
0001506293-26-000021:pins-20251231.htm,"PINTEREST, INC.  (PINS)  (CIK 0001506293)",0001506293,10-K,2026-02-12,2025-12-31,"San Francisco, CA",0001506293-26-000021
0001104659-26-061346:boot-20260328x10k.htm,"Boot Barn Holdings, Inc.  (BOOT)  (CIK 0001610250)",0001610250,10-K,2026-05-14,2026-03-28,"Irvine, CA",0001104659-26-061346
0001104659-26-032830:tmb-20251231x10k.htm,TransMontaigne Partners LLC  (CIK 0001319229),0001319229,10-K,2026-03-23,2025-12-31,"Denver, CO",0001104659-26-032830
0001213900-26-025323:ea0277514-10k_trail1.htm,"Trailblazer Merger Corp I  (TBMC, TBMCR)  (CIK 0001934945)",0001934945,10-K,2026-03-10,2025-12-31,"New York, NY",0001213900-26-025323
0001104659-26-012765:arw-20251231x10k.htm,"ARROW ELECTRONICS, INC.  (ARW)  (CIK 0000007536)",0000007536,10-K,2026-02-11,2025-12-31,"Centennial, CO",0001104659-26-012765
0001193125-26-085572:ck0001885968-20251231.htm,T Series Middle Market Loan Fund LLC  (CIK 0001885968),0001885968,10-K,2026-03-02,2025-12-31,"New York, NY",0001193125-26-085572
0001590714-26-000018:esi-20251231.htm,Element Solutions Inc  (ESI)  (CIK 0001590714),0001590714,10-K,2026-02-18,2025-12-31,"Miami Beach, FL",0001590714-26-000018
0001104659-26-018677:prim-20251231x10k.htm,Primoris Services Corp  (PRIM)  (CIK 0001361538),0001361538,10-K,2026-02-24,2025-12-31,"Dallas, TX",0001104659-26-018677
0001628280-26-012377:whd-20251231.htm,"Cactus, Inc.  (WHD)  (CIK 0001699136)",0001699136,10-K,2026-02-26,2025-12-31,"Houston, TX",0001628280-26-012377
0002045458-26-000012:sp-20251231.htm,Stonepeak-Plus Infrastructure Fund LP  (CIK 0002045458),0002045458,10-K,2026-03-31,2025-12-31,"New York, NY",0002045458-26-000012
0001856485-26-000008:syl-20251231.htm,Sylvamo Corp  (SLVM)  (CIK 0001856485),0001856485,10-K,2026-02-20,2025-12-31,"Memphis, TN",0001856485-26-000008
0001668397-26-000006:medp-20251231.htm,"Medpace Holdings, Inc.  (MEDP)  (CIK 0001668397)",0001668397,10-K,2026-02-10,2025-12-31,"Cincinnati, OH",0001668397-26-000006
0001193125-26-076549:adea-20251231.htm,Adeia Inc.  (ADEA)  (CIK 0001803696),0001803696,10-K,2026-02-26,2025-12-31,"San Jose, CA",0001193125-26-076549
0001323885-26-000007:atrc-20251231.htm,"AtriCure, Inc.  (ATRC)  (CIK 0001323885)",0001323885,10-K,2026-02-19,2025-12-31,"Mason, OH",0001323885-26-000007
0001140361-26-016758:ef20071103_10ka.htm,Paramount Skydance Corp  (PSKY)  (CIK 0002041610),0002041610,10-K/A,2026-04-24,2025-12-31,"New York, NY",0001140361-26-016758
0001512931-26-000011:mrcc-20251231.htm,MONROE CAPITAL Corp  (MRCC)  (CIK 0001512931),0001512931,10-K,2026-03-05,2025-12-31,"Chicago, IL",0001512931-26-000011
0001477932-26-002685:vnrx_10k.htm,VOLITIONRX LTD  (VNRX)  (CIK 0000093314),0000093314,10-K/A,2026-04-30,2025-12-31,"Henderson, NV",0001477932-26-002685
0000051143-26-000010:ibm-20251231.htm,INTERNATIONAL BUSINESS MACHINES CORP  (IBM)  (CIK 0000051143),0000051143,10-K,2026-02-24,2025-12-31,"Armonk, NY",0000051143-26-000010
0001193125-26-067065:bbnx-20251231.htm,"Beta Bionics, Inc.  (BBNX)  (CIK 0001674632)",0001674632,10-K,2026-02-24,2025-12-31,"Irvine, CA",0001193125-26-067065
0002069692-26-000016:osnl-20251231.htm,Blue Owl Digital Infrastructure Trust  (CIK 0002069692),0002069692,10-K,2026-03-11,2025-12-31,"Chicago, IL",0002069692-26-000016
0001386278-26-000023:gdot-20251231.htm,GREEN DOT CORP  (GDOT)  (CIK 0001386278),0001386278,10-K/A,2026-04-30,2025-12-31,"Provo, UT",0001386278-26-000023
0001628280-26-020820:hps-20251231.htm,HPS Corporate Capital Solutions Fund  (CIK 0001989817),0001989817,10-K,2026-03-24,2025-12-31,"New York, NY",0001628280-26-020820
0001544206-26-000013:csl-20251231.htm,"Carlyle Secured Lending, Inc.  (CGBD)  (CIK 0001544206)",0001544206,10-K,2026-02-24,2025-12-31,"New York, NY",0001544206-26-000013
0001213900-26-073232:ea0286525-10k_ameriguard.htm,"AMERIGUARD SECURITY SERVICES, INC.  (AGSS)  (CIK 0001514443)",0001514443,10-K,2026-06-29,2025-12-31,"Fresno, CA",0001213900-26-073232
0001661306-26-000023:hpci-20251231.htm,"Hancock Park Corporate Income, Inc.  (CIK 0001661306)",0001661306,10-K,2026-03-13,2025-12-31,"Chicago, IL",0001661306-26-000023
0001193125-26-097478:spry-20251231.htm,"ARS Pharmaceuticals, Inc.  (SPRY)  (CIK 0001671858)",0001671858,10-K,2026-03-09,2025-12-31,"San Diego, CA",0001193125-26-097478
0001193125-26-116346:ck0001959568-20251231.htm,"Senior Credit Investments, LLC  (CIK 0001959568)",0001959568,10-K,2026-03-20,2025-12-31,"New York, NY",0001193125-26-116346
0001140361-26-007174:ef20062365_10k.htm,"Trump Media & Technology Group Corp.  (DJT, DJTWW)  (CIK 0001849635)",0001849635,10-K,2026-02-27,2025-12-31,"Sarasota, FL",0001140361-26-007174
0001976719-26-000005:nmg4-20251231.htm,"New Mountain Guardian IV Income Fund, L.L.C.  (CIK 0001976719)",0001976719,10-K,2026-03-05,2025-12-31,"New York, NY",0001976719-26-000005
0001683168-26-002986:allied_i10k-123125.htm,"Allied Energy, Inc.  (AGGI)  (CIK 0001109262)",0001109262,10-K,2026-04-15,2025-12-31,Toronto,0001683168-26-002986
0001493152-26-020422:form10ka.htm,"Volato Group, Inc.  (SOAR, SOARW)  (CIK 0001853070)",0001853070,10-K/A,2026-04-30,2025-12-31,"Chamblee, GA",0001493152-26-020422
0001018840-26-000012:anf-20260131.htm,ABERCROMBIE & FITCH CO /DE/  (ANF)  (CIK 0001018840),0001018840,10-K,2026-03-26,2026-01-31,"New Albany, OH",0001018840-26-000012
0001437749-26-004724:plse20251231_10k.htm,"PULSE BIOSCIENCES, INC.  (PLSE)  (CIK 0001625101)",0001625101,10-K,2026-02-19,2025-12-31,"Hayward, CA",0001437749-26-004724
0001493152-26-014261:form10-k.htm,"Sharps Technology Inc.  (STSS, STSSW)  (CIK 0001737995)",0001737995,10-K,2026-03-31,2025-12-31,"Melville, NY",0001493152-26-014261
0000700923-26-000007:myrg-20251231.htm,MYR GROUP INC.  (MYRG)  (CIK 0000700923),0000700923,10-K,2026-02-25,2025-12-31,"Thornton, CO",0000700923-26-000007
0001671927-26-000005:imcr-20251231.htm,Immunocore Holdings plc  (IMCR)  (CIK 0001671927),0001671927,10-K,2026-02-25,2025-12-31,"Oxfordshire, X0",0001671927-26-000005
0000723646-26-000016:fraf-20251231x10k.htm,FRANKLIN FINANCIAL SERVICES CORP /PA/  (FRAF)  (CIK 0000723646),0000723646,10-K,2026-03-13,2025-12-31,"Chambersburg, PA",0000723646-26-000016
0001628280-26-012239:hhc-20251231.htm,Howard Hughes Corp  (CIK 0001498828),0001498828,10-K,2026-02-26,2025-12-31,"The Woodlands, TX",0001628280-26-012239
0001628280-26-045602:qtm-20260331.htm,QUANTUM CORP /DE/  (QMCO)  (CIK 0000709283),0000709283,10-K,2026-06-25,2026-03-31,"San Jose, CA",0001628280-26-045602
0001107843-26-000008:qlys-20251231.htm,"QUALYS, INC.  (QLYS)  (CIK 0001107843)",0001107843,10-K,2026-02-20,2025-12-31,"Foster City, CA",0001107843-26-000008
0001193125-26-106151:bprn-20251231.htm,"Princeton Bancorp, Inc.  (BPRN)  (CIK 0001913971)",0001913971,10-K,2026-03-13,2025-12-31,"Reading, PA",0001193125-26-106151
0001193125-26-054016:kex-20251231.htm,KIRBY CORP  (KEX)  (CIK 0000056047),0000056047,10-K,2026-02-17,2025-12-31,"Houston, TX",0001193125-26-054016
0000098362-26-000012:tkr-20251231.htm,TIMKEN CO  (TKR)  (CIK 0000098362),0000098362,10-K,2026-02-13,2025-12-31,"North Canton, OH",0000098362-26-000012
0001045810-26-000021:nvda-20260125.htm,NVIDIA CORP  (NVDA)  (CIK 0001045810),0001045810,10-K,2026-02-25,2026-01-25,"Santa Clara, CA",0001045810-26-000021
0001628280-26-005044:peak-20251231.htm,"HEALTHPEAK PROPERTIES, INC.  (DOC)  (CIK 0000765880)",0000765880,10-K,2026-02-03,2025-12-31,"Denver, CO",0001628280-26-005044
0001858681-26-000013:apo-20251231.htm,"Apollo Global Management, Inc.  (APO, APOS, APO-PA)  (CIK 0001858681)",0001858681,10-K,2026-02-25,2025-12-31,"New York, NY",0001858681-26-000013
0001437749-26-009285:ater20251231_10k.htm,"Aterian, Inc.  (ATER)  (CIK 0001757715)",0001757715,10-K,2026-03-23,2025-12-31,"Summit, NJ",0001437749-26-009285
0001437749-26-010515:ipdn20251231_10k.htm,"Professional Diversity Network, Inc.  (IPDN)  (CIK 0001546296)",0001546296,10-K,2026-03-31,2025-12-31,"Chicago, IL",0001437749-26-010515
0001193125-26-321135:uroy-20260430.htm,Uranium Royalty Corp.  (CIK 0002143673),0002143673,10-K,2026-07-28,2026-04-30,"Lakewood, CO",0001193125-26-321135
0000077543-26-000028:tpc-20251231.htm,TUTOR PERINI CORP  (TPC)  (CIK 0000077543),0000077543,10-K,2026-02-26,2025-12-31,"Sylmar, CA",0000077543-26-000028
0001104659-26-020650:batra-20251231x10k.htm,"Atlanta Braves Holdings, Inc.  (BATRA, BATRB, BATRK)  (CIK 0001958140)",0001958140,10-K,2026-02-26,2025-12-31,"Atlanta, GA",0001104659-26-020650
0001137789-26-000159:stx-20260703.htm,Seagate Technology Holdings plc  (STX)  (CIK 0001137789),0001137789,10-K,2026-08-04,2026-07-03,"Singapore, U0",0001137789-26-000159
0000737468-26-000034:wash-20251231.htm,WASHINGTON TRUST BANCORP INC  (WASH)  (CIK 0000737468),0000737468,10-K,2026-02-24,2025-12-31,"Westerly, RI",0000737468-26-000034
0001084961-26-000009:ecpg-20251231.htm,ENCORE CAPITAL GROUP INC  (ECPG)  (CIK 0001084961),0001084961,10-K,2026-02-25,2025-12-31,"San Diego, CA",0001084961-26-000009
0001640334-26-000598:yubo_10k.htm,Yubo International Biotech Ltd  (YBGJ)  (CIK 0000895464),0000895464,10-K,2026-03-31,2025-12-31,"Beijing, F4",0001640334-26-000598
0001193125-26-134997:velo-20251231.htm,"Velo3D, Inc.  (VELO, VLDXW)  (CIK 0001825079)",0001825079,10-K,2026-03-31,2025-12-31,"Fremont, CA",0001193125-26-134997
0001968915-26-000023:phin-20251231.htm,PHINIA INC.  (PHIN)  (CIK 0001968915),0001968915,10-K,2026-02-12,2025-12-31,"Auburn Hills, MI",0001968915-26-000023
0000944148-26-000094:cbz-20251231.htm,"CBIZ, Inc.  (CBZ)  (CIK 0000944148)",0000944148,10-K/A,2026-08-04,2025-12-31,"Independence, OH",0000944148-26-000094
0000101984-26-000039:ueic-20251231.htm,UNIVERSAL ELECTRONICS INC  (UEIC)  (CIK 0000101984),0000101984,10-K,2026-03-12,2025-12-31,"Scottsdale, AZ",0000101984-26-000039
0001206264-26-000015:sgi-20251231.htm,SOMNIGROUP INTERNATIONAL INC.  (SGI)  (CIK 0001206264),0001206264,10-K,2026-02-27,2025-12-31,"Lexington, KY",0001206264-26-000015
0001213900-26-043667:ea0284771-10k_veeainc.htm,"VEEA INC.  (VEEA, VEEAW)  (CIK 0001840317)",0001840317,10-K,2026-04-15,2025-12-31,"New York, NY",0001213900-26-043667
0000021665-26-000006:cl-20251231.htm,COLGATE PALMOLIVE CO  (CL)  (CIK 0000021665),0000021665,10-K,2026-02-23,2025-12-31,"New York, NY",0000021665-26-000006
0001193125-26-134702:spwh-20260131.htm,"SPORTSMAN'S WAREHOUSE HOLDINGS, INC.  (SPWH)  (CIK 0001132105)",0001132105,10-K,2026-03-31,2026-01-31,"West Jordan, UT",0001193125-26-134702
0001628280-26-046466:gis-20260531.htm,GENERAL MILLS INC  (GIS)  (CIK 0000040704),0000040704,10-K,2026-07-01,2026-05-31,"Minneapolis, MN",0001628280-26-046466
0001581068-26-000007:brx-20251231.htm,"Brixmor Property Group Inc.  (BRX)  (CIK 0001581068), Brixmor Operating Partnership LP  (CIK 0001630031)","0001581068, 0001630031",10-K,2026-02-09,2025-12-31,"New York, NY, New York, NY",0001581068-26-000007
0000097745-26-000018:tmo-20251231.htm,THERMO FISHER SCIENTIFIC INC.  (TMO)  (CIK 0000097745),0000097745,10-K,2026-02-26,2025-12-31,"Waltham, MA",0000097745-26-000018
0001193125-26-126081:ck0002013639-20251231.htm,"FB Bancorp, Inc. /MD/  (FBLA)  (CIK 0002013639)",0002013639,10-K,2026-03-26,2025-12-31,"New Orleans, LA",0001193125-26-126081
0001711279-26-000016:krys-20251231.htm,"Krystal Biotech, Inc.  (KRYS)  (CIK 0001711279)",0001711279,10-K,2026-02-17,2025-12-31,"Pittsburgh, PA",0001711279-26-000016
0001193125-26-104454:ck0001841514-20251231.htm,"Commonwealth Credit Partners BDC I, Inc.  (CIK 0001841514)",0001841514,10-K,2026-03-12,2025-12-31,"West Palm Beach, FL",0001193125-26-104454
0001193125-26-104513:ck0002052153-20251231.htm,Apollo Origination II (UL) Capital Trust  (CIK 0002052153),0002052153,10-K,2026-03-13,2025-12-31,"New York, NY",0001193125-26-104513
0000937098-26-000010:tnet-20251231.htm,"TRINET GROUP, INC.  (TNET)  (CIK 0000937098)",0000937098,10-K,2026-02-12,2025-12-31,"Dublin, CA",0000937098-26-000010
0001193125-26-076905:sitc-20251231.htm,SITE Centers Corp.  (SITC)  (CIK 0000894315),0000894315,10-K,2026-02-26,2025-12-31,"Beachwood, OH",0001193125-26-076905
0001510295-26-000009:mpc-20251231.htm,Marathon Petroleum Corp  (MPC)  (CIK 0001510295),0001510295,10-K,2026-02-26,2025-12-31,"Findlay, OH",0001510295-26-000009
0001968487-26-000026:ws-20260531.htm,"Worthington Steel, Inc.  (WS)  (CIK 0001968487)",0001968487,10-K,2026-07-30,2026-05-31,"Columbus, OH",0001968487-26-000026
0001710366-26-000007:cnr-20251231.htm,"Core Natural Resources, Inc.  (CNR)  (CIK 0001710366)",0001710366,10-K,2026-02-17,2025-12-31,"Canonsburg, PA",0001710366-26-000007
0001622536-26-000017:tln-20251231.htm,Talen Energy Corp  (TLN)  (CIK 0001622536),0001622536,10-K,2026-02-26,2025-12-31,"Houston, TX",0001622536-26-000017
0001104659-26-020393:osbc-20251231x10k.htm,OLD SECOND BANCORP INC  (OSBC)  (CIK 0000357173),0000357173,10-K,2026-02-26,2025-12-31,"Aurora, IL",0001104659-26-020393
0000029989-26-000006:omc-20251231.htm,OMNICOM GROUP INC.  (OMC)  (CIK 0000029989),0000029989,10-K,2026-02-20,2025-12-31,"New York, NY",0000029989-26-000006
0000062234-26-000011:mcs-20251231.htm,MARCUS CORP  (MCS)  (CIK 0000062234),0000062234,10-K,2026-02-27,2025-12-31,"Milwaukee, WI",0000062234-26-000011
0001376339-26-000011:mdxg-20251231.htm,"MIMEDX GROUP, INC.  (MDXG)  (CIK 0001376339)",0001376339,10-K,2026-02-25,2025-12-31,"Marietta, GA",0001376339-26-000011
0001437749-26-004727:xpro20251231_10k.htm,EXPRO GROUP HOLDINGS N.V.  (XPRO)  (CIK 0001575828),0001575828,10-K,2026-02-19,2025-12-31,"Houston, TX",0001437749-26-004727
0001628280-26-019656:eqpt-20251231.htm,EquipmentShare.com Inc  (EQPT)  (CIK 0001693736),0001693736,10-K,2026-03-19,2025-12-31,"Columbia, MO",0001628280-26-019656
0001788882-26-000014:root-20251231.htm,"Root, Inc.  (ROOT)  (CIK 0001788882)",0001788882,10-K,2026-02-25,2025-12-31,"Columbus, OH",0001788882-26-000014
0001656472-26-000016:cron-20251231.htm,Cronos Group Inc.  (CRON)  (CIK 0001656472),0001656472,10-K,2026-02-26,2025-12-31,"Stayner, A6",0001656472-26-000016
0001840776-26-000013:hgty-20251231.htm,"Hagerty, Inc.  (HGTY)  (CIK 0001840776)",0001840776,10-K,2026-02-26,2025-12-31,"Traverse City, MI",0001840776-26-000013
0000811156-26-000004:cms-20251231.htm,"CMS ENERGY CORP  (CMS, CMSA, CMSC, CMSD, CMS-PC)  (CIK 0000811156), CONSUMERS ENERGY CO  (CIK 0000201533)","0000811156, 0000201533",10-K,2026-02-10,2025-12-31,"Jackson, MI, Jackson, MI",0000811156-26-000004
0001425450-26-000013:kids-20251231.htm,ORTHOPEDIATRICS CORP  (KIDS)  (CIK 0001425450),0001425450,10-K,2026-03-04,2025-12-31,"Warsaw, IN",0001425450-26-000013
0000844965-26-000015:tti-20251231.htm,TETRA TECHNOLOGIES INC  (TTI)  (CIK 0000844965),0000844965,10-K,2026-02-25,2025-12-31,"Spring, TX",0000844965-26-000015
0001628280-26-008665:amg-20251231.htm,"AFFILIATED MANAGERS GROUP, INC.  (AMG, MGR, MGRB, MGRD, MGRE)  (CIK 0001004434)",0001004434,10-K,2026-02-17,2025-12-31,"West Palm Beach, FL",0001628280-26-008665
0001213900-26-036390:ea0282755-10k_oxley.htm,"Oxley Bridge Acquisition Ltd  (OBA, OBAWU, OBAWW)  (CIK 0002034313)",0002034313,10-K,2026-03-30,2025-12-31,"Central Hong Kong, K3",0001213900-26-036390
0001193125-26-072404:lb-20251231.htm,LandBridge Co LLC  (LB)  (CIK 0001995807),0001995807,10-K,2026-02-26,2025-12-31,"Houston, TX",0001193125-26-072404
0001628280-26-011136:bxc-20260103.htm,BlueLinx Holdings Inc.  (BXC)  (CIK 0001301787),0001301787,10-K,2026-02-24,2026-01-03,"Marietta, GA",0001628280-26-011136
0001193125-26-111029:ck0002043759-20251231.htm,LAGO Evergreen Credit  (CIK 0002043759),0002043759,10-K,2026-03-17,2025-12-31,"Chicago, IL",0001193125-26-111029
0001193125-26-065197:fulc-20251231.htm,"Fulcrum Therapeutics, Inc.  (FULC)  (CIK 0001680581)",0001680581,10-K,2026-02-24,2025-12-31,"Cambridge, MA",0001193125-26-065197
0001855747-26-000016:blnd-20251231.htm,"Blend Labs, Inc.  (BLND)  (CIK 0001855747)",0001855747,10-K,2026-03-16,2025-12-31,"Novato, CA",0001855747-26-000016
0001704715-26-000010:amr-20251231.htm,"Alpha Metallurgical Resources, Inc.  (AMR)  (CIK 0001704715)",0001704715,10-K,2026-02-27,2025-12-31,"Bristol, TN",0001704715-26-000010
0001628280-26-012294:blfs-20251231.htm,BIOLIFE SOLUTIONS INC  (BLFS)  (CIK 0000834365),0000834365,10-K,2026-02-26,2025-12-31,"Bothell, WA",0001628280-26-012294
0001016281-26-000021:csv-20251231.htm,CARRIAGE SERVICES INC  (CSV)  (CIK 0001016281),0001016281,10-K,2026-02-26,2025-12-31,"Houston, TX",0001016281-26-000021
0001604028-26-000019:wms-20260331.htm,"ADVANCED DRAINAGE SYSTEMS, INC.  (WMS)  (CIK 0001604028)",0001604028,10-K,2026-05-21,2026-03-31,"Hilliard, OH",0001604028-26-000019
0001193125-26-076801:pct-20251231.htm,"PureCycle Technologies, Inc.  (PCT, PCTBP, PCTTU, PCTTW)  (CIK 0001830033)",0001830033,10-K,2026-02-26,2025-12-31,"Orlando, FL",0001193125-26-076801
0001628280-26-008601:oec-20251231.htm,Orion S.A.  (OEC)  (CIK 0001609804),0001609804,10-K,2026-02-17,2025-12-31,"Spring, TX",0001628280-26-008601
0001193125-26-068925:alks-20251231.htm,Alkermes plc.  (ALKS)  (CIK 0001520262),0001520262,10-K,2026-02-25,2025-12-31,"Dublin 4, L2",0001193125-26-068925
0001437749-26-008446:istr20251231_10k.htm,Investar Holding Corp  (ISTR)  (CIK 0001602658),0001602658,10-K,2026-03-16,2025-12-31,"Baton Rouge, LA",0001437749-26-008446
0001704292-26-000015:zlab-20251231.htm,Zai Lab Ltd  (ZLAB)  (CIK 0001704292),0001704292,10-K,2026-02-26,2025-12-31,Shanghai,0001704292-26-000015
0001193125-26-059632:csgs-20251231.htm,CSG SYSTEMS INTERNATIONAL INC  (CSGS)  (CIK 0001005757),0001005757,10-K,2026-02-19,2025-12-31,"Englewood, CO",0001193125-26-059632
0001193125-26-073360:ck0001158895-20251231.htm,LEMAITRE VASCULAR INC  (LMAT)  (CIK 0001158895),0001158895,10-K,2026-02-26,2025-12-31,"Burlington, MA",0001193125-26-073360
0001628280-26-011952:dco-20251231.htm,DUCOMMUN INC /DE/  (DCO)  (CIK 0000030305),0000030305,10-K,2026-02-26,2025-12-31,"Costa Mesa, CA",0001628280-26-011952
0002052959-26-000049:lion-20260331.htm,Lionsgate Studios Corp.  (LION)  (CIK 0002052959),0002052959,10-K,2026-05-27,2026-03-31,Vancouver,0002052959-26-000049
0000027996-26-000037:dlx-20251231.htm,DELUXE CORP  (DLX)  (CIK 0000027996),0000027996,10-K,2026-02-13,2025-12-31,"Minneapolis, MN",0000027996-26-000037
0001628280-26-009798:npo-20251231.htm,Enpro Inc.  (NPO)  (CIK 0001164863),0001164863,10-K,2026-02-19,2025-12-31,"Charlotte, NC",0001628280-26-009798
0001673985-26-000008:asix-20251231.htm,AdvanSix Inc.  (ASIX)  (CIK 0001673985),0001673985,10-K,2026-02-20,2025-12-31,"Parsippany, NJ",0001673985-26-000008
0001213900-26-037617:ea0283994-10k_endra.htm,ENDRA Life Sciences Inc.  (NDRA)  (CIK 0001681682),0001681682,10-K,2026-03-31,2025-12-31,"Ann Arbor, MI",0001213900-26-037617
0001193125-26-102172:d16111d10k.htm,"Guardian Pharmacy Services, Inc.  (GRDN)  (CIK 0001802255)",0001802255,10-K,2026-03-11,2025-12-31,"Atlanta, GA",0001193125-26-102172
0000940944-26-000025:dri-20260531.htm,DARDEN RESTAURANTS INC  (DRI)  (CIK 0000940944),0000940944,10-K,2026-07-24,2026-05-31,"Orlando, FL",0000940944-26-000025
0001511337-26-000007:rlj-20251231.htm,"RLJ Lodging Trust  (RLJ, RLJ-PA)  (CIK 0001511337)",0001511337,10-K,2026-02-27,2025-12-31,"Bethesda, MD",0001511337-26-000007
0001213900-26-036609:ea0278320-10k_corvex.htm,"Corvex, Inc.  (MOVE)  (CIK 0001734750)",0001734750,10-K,2026-03-31,2025-12-31,"Arlington, VA",0001213900-26-036609
0000874015-26-000115:form10k.htm,IONIS PHARMACEUTICALS INC  (IONS)  (CIK 0000874015),0000874015,10-K,2026-02-26,2025-12-31,"Carlsbad, CA",0000874015-26-000115
0000875357-26-000013:bokf-20251231.htm,BOK FINANCIAL CORP  (BOKF)  (CIK 0000875357),0000875357,10-K,2026-02-18,2025-12-31,"Tulsa, OK",0000875357-26-000013
0001509991-26-000017:kos-20251231.htm,Kosmos Energy Ltd.  (KOS)  (CIK 0001509991),0001509991,10-K,2026-03-02,2025-12-31,"Dallas, TX",0001509991-26-000017
0001787400-26-000006:nktx-20251231.htm,"Nkarta, Inc.  (NKTX)  (CIK 0001787400)",0001787400,10-K,2026-03-25,2025-12-31,"South San Francisco, CA",0001787400-26-000006
0001628280-26-020177:chnbrdg-20251231.htm,CHAIN BRIDGE BANCORP INC  (CBNA)  (CIK 0001392272),0001392272,10-K,2026-03-20,2025-12-31,"Mclean, VA",0001628280-26-020177
0001628280-26-022507:encr-20251231.htm,enCore Energy Corp.  (EU)  (CIK 0001500881),0001500881,10-K,2026-03-31,2025-12-31,"Dallas, TX",0001628280-26-022507
0001658247-26-000012:crnx-20251231.htm,"Crinetics Pharmaceuticals, Inc.  (CRNX)  (CIK 0001658247)",0001658247,10-K,2026-02-26,2025-12-31,"San Diego, CA",0001658247-26-000012
0000050863-26-000011:intc-20251227.htm,INTEL CORP  (INTC)  (CIK 0000050863),0000050863,10-K,2026-01-23,2025-12-27,"Santa Clara, CA",0000050863-26-000011
0000768899-26-000009:tbi-20251228.htm,"TrueBlue, Inc.  (TBI)  (CIK 0000768899)",0000768899,10-K,2026-02-18,2025-12-28,"Tacoma, WA",0000768899-26-000009
0001628280-26-012825:myfw-20251231.htm,First Western Financial Inc  (MYFW)  (CIK 0001327607),0001327607,10-K,2026-02-27,2025-12-31,"Denver, CO",0001628280-26-012825
0001300514-26-000013:lvs-20251231.htm,LAS VEGAS SANDS CORP  (LVS)  (CIK 0001300514),0001300514,10-K,2026-02-06,2025-12-31,"Las Vegas, NV",0001300514-26-000013
0001437749-26-012312:ehsi20251231_10k.htm,Elite Health Systems Inc.  (EHSI)  (CIK 0001089815),0001089815,10-K,2026-04-15,2025-12-31,"Ontario, CA",0001437749-26-012312
0001193125-26-073878:adtn-20251231.htm,"ADTRAN Holdings, Inc.  (ADTN)  (CIK 0000926282)",0000926282,10-K,2026-02-26,2025-12-31,"Huntsville, AL",0001193125-26-073878
0001821586-26-000002:mnlk-20251231.htm,MoonLake Immunotherapeutics  (MLTX)  (CIK 0001821586),0001821586,10-K,2026-02-25,2025-12-31,"Zug, V8",0001821586-26-000002
0001193125-26-374333:strt-20260628.htm,STRATTEC SECURITY CORP  (STRT)  (CIK 0000933034),0000933034,10-K,2026-08-28,2026-06-28,"Milwaukee, WI",0001193125-26-374333
0001193125-26-076632:msdl-20251231.htm,Morgan Stanley Direct Lending Fund  (MSDL)  (CIK 0001782524),0001782524,10-K,2026-02-26,2025-12-31,"New York, NY",0001193125-26-076632
0001493152-26-012004:form10-k.htm,"Wellgistics Health, Inc.  (WGRX)  (CIK 0002030763)",0002030763,10-K,2026-03-20,2025-12-31,"Tampa, FL",0001493152-26-012004
0001493152-26-016807:form10-k.htm,BARFRESH FOOD GROUP INC.  (BRFH)  (CIK 0001487197),0001487197,10-K,2026-04-15,2025-12-31,"Los Angeles, CA",0001493152-26-016807
0001104659-26-027690:weys-20251231x10k.htm,WEYCO GROUP INC  (WEYS)  (CIK 0000106532),0000106532,10-K,2026-03-13,2025-12-31,"Glendale, WI",0001104659-26-027690
0001628280-26-012199:hvt-20251231.htm,"HAVERTY FURNITURE COMPANIES INC  (HVT, HVT-A)  (CIK 0000216085)",0000216085,10-K,2026-02-26,2025-12-31,"Atlanta, GA",0001628280-26-012199
0001766037-26-000004:nmslf-20251231.htm,"NMF SLF I, Inc.  (CIK 0001766037)",0001766037,10-K,2026-03-04,2025-12-31,"New York, NY",0001766037-26-000004
0001213900-26-065276:ea0285141-10k_larosa.htm,La Rosa Holdings Corp.  (LRHC)  (CIK 0001879403),0001879403,10-K,2026-06-04,2025-12-31,"Celebration, FL",0001213900-26-065276
0001903596-26-000052:gstx_10k.htm,Graphene & Solar Technologies Ltd  (CIK 0001497649),0001497649,10-K,2026-02-25,2025-09-30,"Phoenix, AZ",0001903596-26-000052
0001193125-26-073602:iron-20251231.htm,"Disc Medicine, Inc.  (IRON)  (CIK 0001816736)",0001816736,10-K,2026-02-26,2025-12-31,"Watertown, MA",0001193125-26-073602
0001487918-26-000021:ofs-20251231.htm,"OFS Capital Corp  (OFS, OFSSH, OFSSO)  (CIK 0001487918)",0001487918,10-K,2026-03-03,2025-12-31,"Chicago, IL",0001487918-26-000021
0001628280-26-011402:afl-20251231.htm,AFLAC INC  (AFL)  (CIK 0000004977),0000004977,10-K,2026-02-25,2025-12-31,"Columbus, GA",0001628280-26-011402
0001925531-26-000003:nmg4-20251231.htm,"New Mountain Guardian IV BDC, L.L.C.  (CIK 0001925531)",0001925531,10-K,2026-03-04,2025-12-31,"New York, NY",0001925531-26-000003
0001193125-26-116342:ck0001959604-20251231.htm,Jefferies Credit Partners BDC Inc.  (CIK 0001959604),0001959604,10-K,2026-03-20,2025-12-31,"New York, NY",0001193125-26-116342
0001437749-26-004452:vrsk20251231_10k.htm,"Verisk Analytics, Inc.  (VRSK)  (CIK 0001442145)",0001442145,10-K,2026-02-18,2025-12-31,"Jersey City, NJ",0001437749-26-004452
0001049521-26-000045:mrcy-20260703.htm,MERCURY SYSTEMS INC  (MRCY)  (CIK 0001049521),0001049521,10-K,2026-08-18,2026-07-03,"Andover, MA",0001049521-26-000045
0001193125-26-325872:wor-20260531.htm,"WORTHINGTON ENTERPRISES, INC.  (WOR)  (CIK 0000108516)",0000108516,10-K,2026-07-30,2026-05-31,"Columbus, OH",0001193125-26-325872
0001428205-26-000029:arr-20251231.htm,"Armour Residential REIT, Inc.  (ARR, ARR-PC)  (CIK 0001428205)",0001428205,10-K,2026-02-18,2025-12-31,"Vero Beach, FL",0001428205-26-000029
0000733269-26-000025:ramp-20260331.htm,"LiveRamp Holdings, Inc.  (RAMP)  (CIK 0000733269)",0000733269,10-K,2026-05-21,2026-03-31,"San Francisco, CA",0000733269-26-000025
0001576940-26-000005:ccs-20251231x10k.htm,"Century Communities, Inc.  (CCS)  (CIK 0001576940)",0001576940,10-K,2026-01-29,2025-12-31,"Greenwood Village, CO",0001576940-26-000005
0001104659-26-023575:drdb-20251231x10k.htm,"Roman DBDR Acquisition Corp. II  (DRDB, DRDBU, DRDBW)  (CIK 0002032528)",0002032528,10-K,2026-03-04,2025-12-31,"Boca Raton, FL",0001104659-26-023575
0001104659-26-037214:hssc-20251231x10k.htm,Hughes Satellite Systems Corp  (CIK 0001533758),0001533758,10-K,2026-03-31,2025-12-31,"Englewood, CO",0001104659-26-037214
0001959961-26-000004:ck0001959961-20251231.htm,"IPC Alternative Real Estate Income Trust, Inc.  (CIK 0001959961)",0001959961,10-K,2026-03-18,2025-12-31,"Oak Brook, IL",0001959961-26-000004
0001537435-26-000013:tgen-20251231.htm,TECOGEN INC.  (TGEN)  (CIK 0001537435),0001537435,10-K,2026-03-19,2025-12-31,"North Billerica, MA",0001537435-26-000013
0001015328-26-000007:wtfc-20251231.htm,"WINTRUST FINANCIAL CORP  (WTFC, WTFCN)  (CIK 0001015328)",0001015328,10-K,2026-02-26,2025-12-31,"Rosemont, IL",0001015328-26-000007
0001213900-26-037335:ea0282012-10k_mobile.htm,"Mobile Global Esports, Inc.  (MGAM)  (CIK 0001886362)",0001886362,10-K,2026-03-31,2025-12-31,"Westport, CT",0001213900-26-037335
0001628280-26-011682:rba-20251231.htm,RB GLOBAL INC.  (RBA)  (CIK 0001046102),0001046102,10-K,2026-02-25,2025-12-31,Burnaby,0001628280-26-011682
0001868419-26-000010:cycu-20251231.htm,"Cycurion, Inc.  (CYCU, CYCUW)  (CIK 0001868419)",0001868419,10-K,2026-03-31,2025-12-31,"Mclean, VA",0001868419-26-000010
0001493152-26-029925:form10-ka.htm,Crypto Co  (CRCW)  (CIK 0001688126),0001688126,10-K/A,2026-06-24,2024-12-31,"Malibu, CA",0001493152-26-029925
0000074260-26-000008:ori-20251231.htm,OLD REPUBLIC INTERNATIONAL CORP  (ORI)  (CIK 0000074260),0000074260,10-K,2026-02-26,2025-12-31,"Chicago, IL",0000074260-26-000008
0001829126-26-002695:innovativeeye_10k.htm,"Innovative Eyewear Inc  (LUCY, LUCYW)  (CIK 0001808377)",0001808377,10-K,2026-03-25,2025-12-31,"Miami, FL",0001829126-26-002695
0001104659-26-014997:nbr-20251231x10k.htm,"NABORS INDUSTRIES LTD  (NBR, NBRWF)  (CIK 0001163739)",0001163739,10-K,2026-02-13,2025-12-31,"Hamilton, Hm08, D0",0001104659-26-014997
0000099780-26-000014:trn-20251231.htm,TRINITY INDUSTRIES INC  (TRN)  (CIK 0000099780),0000099780,10-K,2026-02-19,2025-12-31,"Dallas, TX",0000099780-26-000014
0001213900-26-078029:ea0296662-10k_zoomcar.htm,"Zoomcar Holdings, Inc.  (ZCAR, ZCARW)  (CIK 0001854275)",0001854275,10-K,2026-07-14,2026-03-31,"Bangalore, K7",0001213900-26-078029
0001736297-26-000010:alab-20251231.htm,"Astera Labs, Inc.  (ALAB)  (CIK 0001736297)",0001736297,10-K,2026-02-20,2025-12-31,"San Jose, CA",0001736297-26-000010
0001883085-26-000036:pgy-20251231.htm,"Pagaya Technologies Ltd.  (PGY, PGYWW)  (CIK 0001883085)",0001883085,10-K/A,2026-06-01,2025-12-31,"New York, NY",0001883085-26-000036
0001075531-26-000009:bkng-20251231.htm,Booking Holdings Inc.  (BKNG)  (CIK 0001075531),0001075531,10-K,2026-02-18,2025-12-31,"Norwalk, CT",0001075531-26-000009
0000920148-26-000111:lh-20251231.htm,LABCORP HOLDINGS INC.  (LH)  (CIK 0000920148),0000920148,10-K,2026-02-24,2025-12-31,"Burlington, NC",0000920148-26-000111
0001660134-26-000020:okta-20260131.htm,"Okta, Inc.  (OKTA)  (CIK 0001660134)",0001660134,10-K,2026-03-05,2026-01-31,"San Francisco, CA",0001660134-26-000020
0001832483-26-000010:patr-20251231.htm,Serve Robotics Inc. /DE/  (SERV)  (CIK 0001832483),0001832483,10-K,2026-03-12,2025-12-31,"Redwood City, CA",0001832483-26-000010
0001628280-26-057139:wdc-20260703.htm,WESTERN DIGITAL CORP  (WDC)  (CIK 0000106040),0000106040,10-K,2026-08-14,2026-07-03,"San Jose, CA",0001628280-26-057139
0001628280-26-008586:hsy-20251231.htm,HERSHEY CO  (HSY)  (CIK 0000047111),0000047111,10-K,2026-02-17,2025-12-31,"Hershey, PA",0001628280-26-008586
0000842517-26-000069:isba-20251231.htm,ISABELLA BANK CORP  (ISBA)  (CIK 0000842517),0000842517,10-K,2026-03-13,2025-12-31,"Mt Pleasant, MI",0000842517-26-000069
0001437749-26-009045:ysac20251231_10k.htm,"Sky Harbour Group Corp  (SKYH, SKYH-WT)  (CIK 0001823587)",0001823587,10-K,2026-03-19,2025-12-31,"Omaha, NE",0001437749-26-009045
0000706863-26-000029:unb-20251231.htm,UNION BANKSHARES INC  (UNB)  (CIK 0000706863),0000706863,10-K,2026-03-20,2025-12-31,"Morrisville, VT",0000706863-26-000029
0001193125-26-132193:cycn-20251231.htm,"Cyclerion Therapeutics, Inc.  (CYCN)  (CIK 0001755237)",0001755237,10-K,2026-03-30,2025-12-31,"Cambridge, MA",0001193125-26-132193
0001213900-26-078693:ea0296662-10ka1_zoomcar.htm,"Zoomcar Holdings, Inc.  (ZCAR, ZCARW)  (CIK 0001854275)",0001854275,10-K/A,2026-07-16,2026-03-31,"Bangalore, K7",0001213900-26-078693
0001883085-26-000018:pgy-20251231.htm,"Pagaya Technologies Ltd.  (PGY, PGYWW)  (CIK 0001883085)",0001883085,10-K,2026-03-02,2025-12-31,"New York, NY",0001883085-26-000018
0001210708-26-000038:strr-20251231.htm,"Star Equity Holdings, Inc.  (STRR, STRRP)  (CIK 0001210708)",0001210708,10-K,2026-03-20,2025-12-31,"Old Greenwich, CT",0001210708-26-000038
0000020212-26-000025:chdn-20251231.htm,Churchill Downs Inc  (CHDN)  (CIK 0000020212),0000020212,10-K,2026-02-25,2025-12-31,"Louisville, KY",0000020212-26-000025
0001104659-26-024159:clar-20251231x10k.htm,Clarus Corp  (CLAR)  (CIK 0000913277),0000913277,10-K,2026-03-05,2025-12-31,"Salt Lake City, UT",0001104659-26-024159
0001628280-26-012856:aami-20251231.htm,Acadian Asset Management Inc.  (AAMI)  (CIK 0001748824),0001748824,10-K,2026-02-27,2025-12-31,"Boston, MA",0001628280-26-012856
0001099800-26-000009:ew-20251231.htm,Edwards Lifesciences Corp  (EW)  (CIK 0001099800),0001099800,10-K,2026-02-25,2025-12-31,"Irvine, CA",0001099800-26-000009
0001624794-26-000027:cswi-20260331.htm,"CSW INDUSTRIALS, INC.  (CSW)  (CIK 0001624794)",0001624794,10-K,2026-05-26,2026-03-31,"Dallas, TX",0001624794-26-000027
0001597672-26-000010:ryam-20251231.htm,RAYONIER ADVANCED MATERIALS INC.  (RYAM)  (CIK 0001597672),0001597672,10-K,2026-03-05,2025-12-31,"Jacksonville, FL",0001597672-26-000010
0001104659-26-034395:juvf-20251231x10k.htm,JUNIATA VALLEY FINANCIAL CORP  (JUVF)  (CIK 0000714712),0000714712,10-K,2026-03-25,2025-12-31,"Mifflintown, PA",0001104659-26-034395
0001628280-26-010572:vre-20251231.htm,"Veris Residential, Inc.  (VRE)  (CIK 0000924901), Veris Residential, L.P.  (CIK 0001067063)","0000924901, 0001067063",10-K,2026-02-23,2025-12-31,"Jersey City, NJ, Jersey City, NJ",0001628280-26-010572
0000820318-26-000020:iivi-20260630.htm,COHERENT CORP.  (COHR)  (CIK 0000820318),0000820318,10-K,2026-08-14,2026-06-30,"Saxonburg, PA",0000820318-26-000020
0000726854-26-000062:chco-20251231.htm,CITY HOLDING CO  (CHCO)  (CIK 0000726854),0000726854,10-K,2026-02-25,2025-12-31,"Charleston, WV",0000726854-26-000062
0000842633-26-000012:trs-20251231.htm,TRIMAS CORP  (TRS)  (CIK 0000842633),0000842633,10-K,2026-03-02,2025-12-31,"Bloomfield Hills, MI",0000842633-26-000012
0000883569-26-000017:fosl-20260103.htm,"Fossil Group, Inc.  (FOSL)  (CIK 0000883569)",0000883569,10-K,2026-03-12,2026-01-03,"Richardson, TX",0000883569-26-000017
0001362468-26-000008:algt-20251231.htm,Allegiant Travel CO  (ALGT)  (CIK 0001362468),0001362468,10-K,2026-02-26,2025-12-31,"Las Vegas, NV",0001362468-26-000008
0001437749-26-007065:ncsm20251231_10k.htm,"NCS Multistage Holdings, Inc.  (NCSM)  (CIK 0001692427)",0001692427,10-K,2026-03-05,2025-12-31,"Houston, TX",0001437749-26-007065
0001628280-26-008131:jpm-20251231.htm,"JPMORGAN CHASE & CO  (JPM, AMJB, VYLD, JPM-PC, JPM-PD, JPM-PJ, JPM-PK, JPM-PL, JPM-PM)  (CIK 0000019617)",0000019617,10-K,2026-02-13,2025-12-31,"New York, NY",0001628280-26-008131
0001104659-26-014708:cvrx-20251231x10k.htm,"CVRx, Inc.  (CVRX)  (CIK 0001235912)",0001235912,10-K,2026-02-13,2025-12-31,"Minneapolis, MN",0001104659-26-014708
0001514705-26-000010:sxc-20251231.htm,"SunCoke Energy, Inc.  (SXC)  (CIK 0001514705)",0001514705,10-K,2026-02-20,2025-12-31,"Lisle, IL",0001514705-26-000010
0001089063-26-000007:dks-20260131.htm,"DICK'S SPORTING GOODS, INC.  (DKS)  (CIK 0001089063)",0001089063,10-K,2026-03-27,2026-01-31,"Coraopolis, PA",0001089063-26-000007
0001262976-26-000027:cmpr-20260630.htm,CIMPRESS plc  (CMPR)  (CIK 0001262976),0001262976,10-K,2026-08-07,2026-06-30,"Dundalk, County Louth, L2",0001262976-26-000027
0001333986-26-000012:eqh-20251231.htm,"Equitable Holdings, Inc.  (EQH, EQH-PA, EQH-PC)  (CIK 0001333986)",0001333986,10-K,2026-02-25,2025-12-31,"New York, NY",0001333986-26-000012
0001193125-26-062321:dpz-20251228.htm,DOMINOS PIZZA INC  (DPZ)  (CIK 0001286681),0001286681,10-K,2026-02-23,2025-12-28,"Ann Arbor, MI",0001193125-26-062321
0001408198-26-000011:msci-20251231.htm,MSCI Inc.  (MSCI)  (CIK 0001408198),0001408198,10-K,2026-02-06,2025-12-31,"New York, NY",0001408198-26-000011
0001193125-26-076511:meg-20251231.htm,"Montrose Environmental Group, Inc.  (MEG)  (CIK 0001643615)",0001643615,10-K,2026-02-26,2025-12-31,"Irvine, CA",0001193125-26-076511
0001751008-26-000010:app-20251231.htm,AppLovin Corp  (APP)  (CIK 0001751008),0001751008,10-K,2026-02-19,2025-12-31,"Palo Alto, CA",0001751008-26-000010
0001419806-26-000004:reemf-20251231x10k.htm,RARE ELEMENT RESOURCES LTD  (REEMF)  (CIK 0001419806),0001419806,10-K,2026-03-12,2025-12-31,"Littleton, CO",0001419806-26-000004
0001493152-26-016375:form10-k.htm,"Datacentrex, Inc.  (DTCX)  (CIK 0001853825)",0001853825,10-K,2026-04-13,2025-12-31,"Salt Lake City, UT",0001493152-26-016375
0001423689-26-000043:agnc-20251231.htm,"AGNC Investment Corp.  (AGNC, AGNCL, AGNCM, AGNCN, AGNCO, AGNCP, AGNCZ)  (CIK 0001423689)",0001423689,10-K,2026-02-23,2025-12-31,"Bethesda, MD",0001423689-26-000043
0001193125-26-064113:man-20251231.htm,ManpowerGroup Inc.  (MAN)  (CIK 0000871763),0000871763,10-K,2026-02-23,2025-12-31,"Milwaukee, WI",0001193125-26-064113
0001683168-26-001730:umac_i10k-123125.htm,"Unusual Machines, Inc.  (UMAC)  (CIK 0001956955)",0001956955,10-K,2026-03-12,2025-12-31,"Orlando, FL",0001683168-26-001730
0001590584-26-000021:cveo-20251231.htm,Civeo Corp  (CVEO)  (CIK 0001590584),0001590584,10-K,2026-03-03,2025-12-31,"Houston, TX",0001590584-26-000021
0001104659-26-024180:cyrx-20251231x10k.htm,"Cryoport, Inc.  (CYRX)  (CIK 0001124524)",0001124524,10-K,2026-03-05,2025-12-31,"Brentwood, TN",0001104659-26-024180
0001230245-26-000013:pipr-20251231.htm,PIPER SANDLER COMPANIES  (PIPR)  (CIK 0001230245),0001230245,10-K,2026-02-26,2025-12-31,"Minneapolis, MN",0001230245-26-000013
0000082811-26-000054:rbc-20251231.htm,REGAL REXNORD CORP  (RRX)  (CIK 0000082811),0000082811,10-K,2026-02-20,2025-12-31,"Milwaukee, WI",0000082811-26-000054
0001437749-26-005875:aaoi20251231_10k.htm,"APPLIED OPTOELECTRONICS, INC.  (AAOI)  (CIK 0001158114)",0001158114,10-K,2026-02-26,2025-12-31,"Sugar Land, TX",0001437749-26-005875
0001739104-26-000012:elan-20251231.htm,Elanco Animal Health Inc  (ELAN)  (CIK 0001739104),0001739104,10-K,2026-02-24,2025-12-31,"Indianapolis, IN",0001739104-26-000012
0001327688-26-000009:ooma-20260131.htm,OOMA INC  (OOMA)  (CIK 0001327688),0001327688,10-K,2026-04-03,2026-01-31,"Sunnyvale, CA",0001327688-26-000009
0001193125-26-071651:tko-20251231.htm,"TKO Group Holdings, Inc.  (TKO)  (CIK 0001973266)",0001973266,10-K,2026-02-25,2025-12-31,"New York, NY",0001193125-26-071651
0001193125-26-092546:clym-20251231.htm,"Climb Bio, Inc.  (CLYM)  (CIK 0001768446)",0001768446,10-K,2026-03-05,2025-12-31,"Wellesley Hills, MA",0001193125-26-092546
0000886982-26-000091:gs-20251231.htm,"GOLDMAN SACHS GROUP INC  (GS, GSCE, GS-PA, GS-PC, GS-PD)  (CIK 0000886982)",0000886982,10-K,2026-02-25,2025-12-31,"New York, NY",0000886982-26-000091
0001214659-26-004697:hdi32026010k.htm,"Hyperscale Data, Inc.  (GPUS, GPUS-PD)  (CIK 0000896493)",0000896493,10-K,2026-04-15,2025-12-31,"Las Vegas, NV",0001214659-26-004697
0000945394-26-000012:svc-20251231.htm,Service Properties Trust  (SVC)  (CIK 0000945394),0000945394,10-K,2026-02-25,2025-12-31,"Newton, MA",0000945394-26-000012
0001751788-26-000018:dow-20251231.htm,"DOW INC.  (DOW)  (CIK 0001751788), DOW CHEMICAL CO /DE/  (CIK 0000029915)","0001751788, 0000029915",10-K,2026-02-03,2025-12-31,"Midland, MI, Midland, MI",0001751788-26-000018
0001104659-26-037809:isrlu-20251231x10k.htm,"Israel Acquisitions Corp  (ISLUF, ISLWF, ISRLF)  (CIK 0001915328)",0001915328,10-K,2026-03-31,2025-12-31,"Bee Cave, TX",0001104659-26-037809
0001193125-26-071484:ck0001852317-20251231.htm,Fidelity Wise Origin Bitcoin Fund  (FBTC)  (CIK 0001852317),0001852317,10-K,2026-02-25,2025-12-31,"Boston, MA",0001193125-26-071484
0001437749-26-001767:ful20251130_10k.htm,FULLER H B CO  (FUL)  (CIK 0000039368),0000039368,10-K,2026-01-22,2025-11-29,"St Paul, MN",0001437749-26-001767
0001628280-26-020991:ls-20251231.htm,"Lafayette Square USA, Inc.  (CIK 0001849089)",0001849089,10-K,2026-03-25,2025-12-31,"Miami, FL",0001628280-26-020991
0001325878-26-000054:fhlbt-20251231.htm,Federal Home Loan Bank of Topeka  (CIK 0001325878),0001325878,10-K,2026-03-12,2025-12-31,"Topeka, KS",0001325878-26-000054
0001030894-26-000011:cls-20251231.htm,CELESTICA INC  (CLS)  (CIK 0001030894),0001030894,10-K,2026-02-27,2025-12-31,"Toronto, A6",0001030894-26-000011
0001193125-26-194405:d117254d10ka.htm,"Sun Country Airlines Holdings, Inc.  (SNCY)  (CIK 0001743907)",0001743907,10-K/A,2026-04-30,2025-12-31,"Minneapolis, MN",0001193125-26-194405
0001156039-26-000013:elv-20251231.htm,"Elevance Health, Inc.  (ELV)  (CIK 0001156039)",0001156039,10-K,2026-02-06,2025-12-31,"Indianapolis, IN",0001156039-26-000013
0000872589-26-000008:regn-20251231.htm,"REGENERON PHARMACEUTICALS, INC.  (REGN)  (CIK 0000872589)",0000872589,10-K,2026-02-04,2025-12-31,"Tarrytown, NY",0000872589-26-000008
0001628280-26-017278:orrf-20251231.htm,ORRSTOWN FINANCIAL SERVICES INC  (ORRF)  (CIK 0000826154),0000826154,10-K,2026-03-12,2025-12-31,"Harrisburg, PA",0001628280-26-017278
0001193125-26-071776:inva-20251231.htm,"Innoviva, Inc.  (INVA)  (CIK 0001080014)",0001080014,10-K,2026-02-25,2025-12-31,"Burlingame, CA",0001193125-26-071776
0001193125-26-107146:ctmx-20251231.htm,"CytomX Therapeutics, Inc.  (CTMX)  (CIK 0001501989)",0001501989,10-K,2026-03-16,2025-12-31,"South San Francisco, CA",0001193125-26-107146
0001628280-26-017011:vrnof-20251231.htm,Verano Holdings Corp.  (VRNO)  (CIK 0001848416),0001848416,10-K,2026-03-12,2025-12-31,"Chicago, IL",0001628280-26-017011
0001040896-26-000009:idn-20251231.htm,"Intellicheck, Inc.  (IDN)  (CIK 0001040896)",0001040896,10-K,2026-03-19,2025-12-31,"Melville, NY",0001040896-26-000009
0001213900-26-068122:ea0292779-10k_iehcorp.htm,IEH Corp  (IEHC)  (CIK 0000050292),0000050292,10-K,2026-06-12,2026-03-31,"Brooklyn, NY",0001213900-26-068122
0001213900-26-028326:ea0276497-10k_siddhi.htm,"Siddhi Acquisition Corp (Cayman Islands)  (SDHI, SDHIR, SDHIU)  (CIK 0002034037)",0002034037,10-K,2026-03-16,2025-12-31,"New York, NY",0001213900-26-028326
0001213900-26-035737:ea0282651-10k_muzinich.htm,"Muzinich Corporate Lending Income Fund, Inc.  (CIK 0001985375)",0001985375,10-K,2026-03-27,2025-12-31,"New York, NY",0001213900-26-035737
0001193125-26-122165:ck0001876255-20251231.htm,"AB Commercial Real Estate Private Debt Fund, LLC  (CIK 0001876255)",0001876255,10-K,2026-03-24,2025-12-31,"New York, NY",0001193125-26-122165
0000916540-26-000008:dar-20260103.htm,DARLING INGREDIENTS INC.  (DAR)  (CIK 0000916540),0000916540,10-K,2026-03-03,2026-01-03,"Irving, TX",0000916540-26-000008
0001493152-26-013203:form10-k.htm,"OTG Acquisition Corp. I  (OTGA, OTGAU, OTGAW)  (CIK 0002077010)",0002077010,10-K,2026-03-27,2025-12-31,"Palm Beach Gardens, FL",0001493152-26-013203
0000105418-26-000024:wmk-20251227x10k.htm,WEIS MARKETS INC  (WMK)  (CIK 0000105418),0000105418,10-K,2026-03-12,2025-12-27,"Sunbury, PA",0000105418-26-000024
0001193125-26-127557:sbc-20251231.htm,"SBC Medical Group Holdings Inc  (SBC, SBCWW)  (CIK 0001930313)",0001930313,10-K,2026-03-27,2025-12-31,"Irvine, CA",0001193125-26-127557
0000045876-26-000081:nvri-20251231.htm,ENVIRI Corp  (NVRI)  (CIK 0000045876),0000045876,10-K/A,2026-04-29,2025-12-31,"Philadelphia, PA",0000045876-26-000081
0001331463-26-000053:fhlbbost-20251231.htm,Federal Home Loan Bank of Boston  (CIK 0001331463),0001331463,10-K,2026-03-13,2025-12-31,"Boston, MA",0001331463-26-000053
0001628280-26-019923:yorkspacesystemsinc10-k.htm,York Space Systems Inc.  (YSS)  (CIK 0002086587),0002086587,10-K,2026-03-20,2025-12-31,"Greenwood Village, CO",0001628280-26-019923
0001437749-26-012831:mind20260131_10k.htm,"MIND TECHNOLOGY, INC  (MIND)  (CIK 0000926423)",0000926423,10-K,2026-04-20,2026-01-31,"The Woodlands, TX",0001437749-26-012831
0001723128-26-000011:amrx-20251231.htm,"Amneal Pharmaceuticals, Inc.  (AMRX)  (CIK 0001723128)",0001723128,10-K,2026-02-27,2025-12-31,,0001723128-26-000011
0000761648-26-000008:cdr-20251231.htm,"CEDAR REALTY TRUST, INC.  (CDR-PB, CDR-PC)  (CIK 0000761648)",0000761648,10-K,2026-03-05,2025-12-31,"Virginia Beach, VA",0000761648-26-000008
0002037804-26-000005:nmg3-20251231.htm,New Mountain Private Credit Fund  (CIK 0002037804),0002037804,10-K,2026-02-27,2025-12-31,"New York, NY",0002037804-26-000005
0001628280-26-014844:stub-20251231.htm,"StubHub Holdings, Inc.  (STUB)  (CIK 0001337634)",0001337634,10-K,2026-03-05,2025-12-31,"New York, NY",0001628280-26-014844
0000712537-26-000013:fcf-20251231.htm,FIRST COMMONWEALTH FINANCIAL CORP /PA/  (FCF)  (CIK 0000712537),0000712537,10-K,2026-03-02,2025-12-31,"Indiana, PA",0000712537-26-000013
0001193125-26-121793:guts-20251231.htm,"FRACTYL HEALTH, INC.  (GUTS)  (CIK 0001572616)",0001572616,10-K,2026-03-24,2025-12-31,"Burlington, MA",0001193125-26-121793
0001193125-26-096550:ck0001798749-20251231.htm,"Jade Biosciences, Inc.  (JBIO)  (CIK 0001798749)",0001798749,10-K,2026-03-06,2025-12-31,"Waltham, MA",0001193125-26-096550
0001193125-26-104533:none-20251231.htm,Apollo Origination II (Levered) Capital Trust  (CIK 0002052152),0002052152,10-K,2026-03-13,2025-12-31,"New York, NY",0001193125-26-104533
0001000694-26-000007:nvax-20251231.htm,NOVAVAX INC  (NVAX)  (CIK 0001000694),0001000694,10-K,2026-02-26,2025-12-31,"Gaithersburg, MD",0001000694-26-000007
0001193125-26-073516:mnkd-20251231.htm,MANNKIND CORP  (MNKD)  (CIK 0000899460),0000899460,10-K,2026-02-26,2025-12-31,"Danbury, CT",0001193125-26-073516
0001331451-26-000047:a20254q10k.pdf,Federal Home Loan Bank of Chicago  (CIK 0001331451),0001331451,10-K,2026-03-10,2025-12-31,"Chicago, IL",0001331451-26-000047
0001712184-26-000023:lila-20251231.htm,"Liberty Latin America Ltd.  (LILA, LILAB, LILAK)  (CIK 0001712184)",0001712184,10-K,2026-02-18,2025-12-31,"Denver, CO",0001712184-26-000023
0001193125-26-118532:pyxs-20251231.htm,"Pyxis Oncology, Inc.  (PYXS)  (CIK 0001782223)",0001782223,10-K,2026-03-23,2025-12-31,"Boston, MA",0001193125-26-118532
0001493152-26-013411:form10-k.htm,"Perimeter Acquisition Corp. I  (PMTR, PMTRU, PMTRW)  (CIK 0002061473)",0002061473,10-K,2026-03-30,2025-12-31,"Dallas, TX",0001493152-26-013411
0001193125-26-069307:wtw-20251231.htm,WILLIS TOWERS WATSON PLC  (WTW)  (CIK 0001140536),0001140536,10-K,2026-02-25,2025-12-31,"London England, X0",0001193125-26-069307
0000096223-26-000009:jef-20251130.htm,Jefferies Financial Group Inc.  (JEF)  (CIK 0000096223),0000096223,10-K,2026-01-28,2025-11-30,"New York, NY",0000096223-26-000009
0001140361-26-009247:ef20060643_10k.htm,"Opus Genetics, Inc.  (IRD)  (CIK 0001228627)",0001228627,10-K,2026-03-12,2025-12-31,"Durham, NC",0001140361-26-009247
0001493152-26-014045:form10-k.htm,"CalEthos, Inc.  (GEDC)  (CIK 0001174891)",0001174891,10-K,2026-03-31,2025-12-31,"Sugar Land, TX",0001493152-26-014045
0001193125-26-049397:kpti-20251231.htm,Karyopharm Therapeutics Inc.  (KPTI)  (CIK 0001503802),0001503802,10-K,2026-02-13,2025-12-31,"Newton, MA",0001193125-26-049397
0001437749-26-007157:cohn20251231_10k.htm,Cohen & Co Inc.  (COHN)  (CIK 0001270436),0001270436,10-K,2026-03-06,2025-12-31,"Philadelphia, PA",0001437749-26-007157
0000715072-26-000017:rnst-20251231.htm,RENASANT CORP  (RNST)  (CIK 0000715072),0000715072,10-K,2026-03-02,2025-12-31,"Tupelo, MS",0000715072-26-000017
0001628280-26-008461:es-20251231.htm,"EVERSOURCE ENERGY  (ES)  (CIK 0000072741), PUBLIC SERVICE CO OF NEW HAMPSHIRE  (CIK 0000315256), NSTAR ELECTRIC CO  (CIK 0000013372), CONNECTICUT LIGHT & POWER CO  (CIK 0000023426)","0000072741, 0000315256, 0000013372, 0000023426",10-K,2026-02-17,2025-12-31,"Springfield, MA, Manchester, NH, Boston, MA, Berlin, CT",0001628280-26-008461
0001193125-26-115992:asmb-20251231.htm,"ASSEMBLY BIOSCIENCES, INC.  (ASMB)  (CIK 0001426800)",0001426800,10-K,2026-03-19,2025-12-31,"South San Francisco, CA",0001193125-26-115992
0000105634-26-000025:eme-20251231.htm,"EMCOR Group, Inc.  (EME)  (CIK 0000105634)",0000105634,10-K,2026-02-26,2025-12-31,"Norwalk, CT",0000105634-26-000025
0001628280-26-008617:iri-20251231.htm,Ingersoll Rand Inc.  (IR)  (CIK 0001699150),0001699150,10-K,2026-02-17,2025-12-31,"Davidson, NC",0001628280-26-008617
0001437749-26-005628:jhg20251231_10k.htm,JANUS HENDERSON GROUP PLC  (JHG)  (CIK 0001274173),0001274173,10-K,2026-02-25,2025-12-31,"London, X0",0001437749-26-005628
0001193125-26-076550:ntla-20251231.htm,"Intellia Therapeutics, Inc.  (NTLA)  (CIK 0001652130)",0001652130,10-K,2026-02-26,2025-12-31,"Cambridge, MA",0001193125-26-076550
0001437749-26-009154:pkkw20251231_10k.htm,"Skyline Bankshares, Inc.  (SLBK)  (CIK 0001657642)",0001657642,10-K,2026-03-20,2025-12-31,"Floyd, VA",0001437749-26-009154
0001067701-26-000007:uri-20251231.htm,"UNITED RENTALS, INC.  (URI)  (CIK 0001067701), UNITED RENTALS NORTH AMERICA INC  (CIK 0001047166)","0001067701, 0001047166",10-K,2026-01-28,2025-12-31,"Stamford, CT, Stamford, CT",0001067701-26-000007
0001999001-26-000048:fun-20251231.htm,Six Flags Entertainment Corporation/NEW  (FUN)  (CIK 0001999001),0001999001,10-K,2026-02-26,2025-12-31,"Charlotte, NC",0001999001-26-000048
0001104659-26-010664:ocul-20251231x10k.htm,"OCULAR THERAPEUTIX, INC  (OCUL)  (CIK 0001393434)",0001393434,10-K,2026-02-05,2025-12-31,"Bedford, MA",0001104659-26-010664
0001104659-26-010397:lbrda-20251231x10k.htm,"Liberty Broadband Corp  (LBRDA, LBRDB, LBRDK, LBRDP)  (CIK 0001611983)",0001611983,10-K,2026-02-05,2025-12-31,"Englewood, CO",0001104659-26-010397
0001628280-26-016395:blze-20251231.htm,"Backblaze, Inc.  (BLZE)  (CIK 0001462056)",0001462056,10-K,2026-03-10,2025-12-31,"San Francisco, CA",0001628280-26-016395
0001669162-26-000015:knsl-20251231.htm,"Kinsale Capital Group, Inc.  (KNSL)  (CIK 0001669162)",0001669162,10-K,2026-02-20,2025-12-31,"Richmond, VA",0001669162-26-000015
0001104659-26-018208:mcb-20251231x10k.htm,Metropolitan Bank Holding Corp.  (MCB)  (CIK 0001476034),0001476034,10-K,2026-02-20,2025-12-31,"New York, NY",0001104659-26-018208
0001685040-26-000011:bhf-20251231.htm,"Brighthouse Financial, Inc.  (BHF, BHFAL, BHFAM, BHFAN, BHFAO, BHFAP)  (CIK 0001685040)",0001685040,10-K,2026-02-24,2025-12-31,"Charlotte, NC",0001685040-26-000011
0001193125-26-089953:smrt-20251231.htm,"SmartRent, Inc.  (SMRT)  (CIK 0001837014)",0001837014,10-K,2026-03-04,2025-12-31,"Phoenix, AZ",0001193125-26-089953
0001563577-26-000005:grtx-20251231.htm,"Galera Therapeutics, Inc.  (GRTX)  (CIK 0001563577)",0001563577,10-K,2026-03-19,2025-12-31,"Malvern, PA",0001563577-26-000005
0001895262-26-000076:ne-20251231.htm,"Noble Corp plc  (NE, NE-WT, NE-WTA)  (CIK 0001895262)",0001895262,10-K,2026-02-12,2025-12-31,"Houston, TX",0001895262-26-000076
0001140361-26-007380:ef20060592_10k.htm,LINCOLN EDUCATIONAL SERVICES CORP  (LINC)  (CIK 0001286613),0001286613,10-K,2026-03-02,2025-12-31,"Parsippany, NJ",0001140361-26-007380
0001437749-26-010025:mnpr20251231_10k.htm,Monopar Therapeutics  (MNPR)  (CIK 0001645469),0001645469,10-K,2026-03-27,2025-12-31,"Wilmette, IL",0001437749-26-010025
0001821534-26-000009:exod-20251231.htm,"Exodus Movement, Inc.  (EXOD)  (CIK 0001821534)",0001821534,10-K,2026-03-11,2025-12-31,"Omaha, NE",0001821534-26-000009
0001493152-26-013294:form10-k.htm,"Enveric Biosciences, Inc.  (ENVB)  (CIK 0000890821)",0000890821,10-K,2026-03-27,2025-12-31,"Cambridge, MA",0001493152-26-013294
0001065088-26-000027:ebay-20251231.htm,EBAY INC  (EBAY)  (CIK 0001065088),0001065088,10-K,2026-02-19,2025-12-31,"San Jose, CA",0001065088-26-000027
0000846617-26-000013:dcom-20251231x10k.htm,"Dime Community Bancshares, Inc. /NY/  (DCOM, DCOMG, DCOMP)  (CIK 0000846617)",0000846617,10-K,2026-02-20,2025-12-31,"Hauppauge, NY",0000846617-26-000013
0001213900-26-028406:ea0280629-10k_tavia.htm,"Tavia Acquisition Corp.  (TAVI, TAVIR, TAVIU)  (CIK 0002020385)",0002020385,10-K,2026-03-16,2025-12-31,"Newark, DE",0001213900-26-028406
0001580905-26-000004:ibp-20251231.htm,"Installed Building Products, Inc.  (IBP)  (CIK 0001580905)",0001580905,10-K,2026-02-26,2025-12-31,"Columbus, OH",0001580905-26-000004
0001781335-26-000011:otis-20251231.htm,Otis Worldwide Corp  (OTIS)  (CIK 0001781335),0001781335,10-K,2026-02-05,2025-12-31,"Farmington, CT",0001781335-26-000011
0001628280-26-022508:pnbk-20251231.htm,PATRIOT NATIONAL BANCORP INC  (PNBK)  (CIK 0001098146),0001098146,10-K,2026-03-31,2025-12-31,"Stamford, CT",0001628280-26-022508
0001594805-26-000007:shop-20251231.htm,SHOPIFY INC.  (SHOP)  (CIK 0001594805),0001594805,10-K,2026-02-11,2025-12-31,"Ottawa, A6",0001594805-26-000007
0001628280-26-007800:an-20251231.htm,"AUTONATION, INC.  (AN)  (CIK 0000350698)",0000350698,10-K,2026-02-12,2025-12-31,"Fort Lauderdale, FL",0001628280-26-007800
0001193125-26-072523:visn-20251231.htm,"Vistance Networks, Inc.  (VISN)  (CIK 0001517228)",0001517228,10-K,2026-02-26,2025-12-31,"Richardson, TX",0001193125-26-072523
0001193125-26-241850:uhal-20260331.htm,"U-Haul Holding Co /NV/  (UHAL, UHAL-B)  (CIK 0000004457)",0000004457,10-K,2026-05-27,2026-03-31,"Reno, NV",0001193125-26-241850
0001104659-26-034629:derm-20251231x10k.htm,Journey Medical Corp  (DERM)  (CIK 0001867066),0001867066,10-K,2026-03-26,2025-12-31,"Scottsdale, AZ",0001104659-26-034629
0001077183-26-000010:neo-20251231.htm,NEOGENOMICS INC  (NEO)  (CIK 0001077183),0001077183,10-K,2026-02-17,2025-12-31,"Fort Myers, FL",0001077183-26-000010
0001213900-26-036689:ea0282690-10k_21shares.htm,21Shares XRP ETF  (TOXR)  (CIK 0002028835),0002028835,10-K,2026-03-31,2025-12-31,"New York, NY",0001213900-26-036689
0001628280-26-016661:kplt-20251231.htm,"Katapult Holdings, Inc.  (KPLT, KPLTW)  (CIK 0001785424)",0001785424,10-K,2026-03-11,2025-12-31,"New York, NY",0001628280-26-016661
0001193125-26-098518:rpay-20251231.htm,Repay Holdings Corp  (RPAY)  (CIK 0001720592),0001720592,10-K,2026-03-09,2025-12-31,"Atlanta, GA",0001193125-26-098518
0001628280-26-022359:pphc-20251231.htm,"Public Policy Holding Company, Inc.  (PPHC)  (CIK 0001903508)",0001903508,10-K,2026-03-31,2025-12-31,"Washington, DC",0001628280-26-022359
0001585689-26-000007:hlt-20251231.htm,Hilton Worldwide Holdings Inc.  (HLT)  (CIK 0001585689),0001585689,10-K,2026-02-11,2025-12-31,"Mclean, VA",0001585689-26-000007
0001193125-26-106114:woof-20260131.htm,"Petco Health & Wellness Company, Inc.  (WOOF)  (CIK 0001826470)",0001826470,10-K,2026-03-13,2026-01-31,"San Diego, CA",0001193125-26-106114
0001031308-26-000007:bsy-20251231.htm,BENTLEY SYSTEMS INC  (BSY)  (CIK 0001031308),0001031308,10-K,2026-02-26,2025-12-31,"Exton, PA",0001031308-26-000007
0002040127-26-000014:krmn-20251231.htm,Karman Holdings Inc.  (KRMN)  (CIK 0002040127),0002040127,10-K,2026-04-03,2025-12-31,"Huntington Beach, CA",0002040127-26-000014
0000789933-26-000070:nacco-20251231.htm,NACCO INDUSTRIES INC  (NC)  (CIK 0000789933),0000789933,10-K,2026-03-04,2025-12-31,"Cleveland, OH",0000789933-26-000070
0001493152-26-014724:form10-k.htm,"Algorhythm Holdings, Inc.  (RIME)  (CIK 0000923601)",0000923601,10-K,2026-04-02,2025-12-31,"Fort Lauderdale, FL",0001493152-26-014724
0001437749-26-010636:omer20251231_10k.htm,OMEROS CORP  (OMER)  (CIK 0001285819),0001285819,10-K,2026-03-31,2025-12-31,"Seattle, WA",0001437749-26-010636
0001095651-26-000010:safe-20251231x10k.htm,Safehold Inc.  (SAFE)  (CIK 0001095651),0001095651,10-K,2026-02-12,2025-12-31,"New York, NY",0001095651-26-000010
0001104659-26-028315:wti-20251231x10k.htm,W&T OFFSHORE INC  (WTI)  (CIK 0001288403),0001288403,10-K,2026-03-16,2025-12-31,"Houston, TX",0001104659-26-028315
0000002488-26-000018:amd-20251227.htm,ADVANCED MICRO DEVICES INC  (AMD)  (CIK 0000002488),0000002488,10-K,2026-02-04,2025-12-27,"Santa Clara, CA",0000002488-26-000018
0000914475-26-000007:nbix-20251231.htm,NEUROCRINE BIOSCIENCES INC  (NBIX)  (CIK 0000914475),0000914475,10-K,2026-02-11,2025-12-31,"San Diego, CA",0000914475-26-000007
0001193125-26-094474:ck0001538990-20251231.htm,STORE CAPITAL LLC  (CIK 0001538990),0001538990,10-K,2026-03-06,2025-12-31,"Scottsdale, AZ",0001193125-26-094474
0001706946-26-000019:spce-20251231.htm,"Virgin Galactic Holdings, Inc  (SPCE)  (CIK 0001706946)",0001706946,10-K,2026-03-30,2025-12-31,"Tustin, CA",0001706946-26-000019
0001437749-26-009748:fxnc20251231_10k.htm,FIRST NATIONAL CORP /VA/  (FXNC)  (CIK 0000719402),0000719402,10-K,2026-03-25,2025-12-31,"Strasburg, VA",0001437749-26-009748
0000880641-26-000004:efsi-20251231.htm,EAGLE FINANCIAL SERVICES INC  (EFSI)  (CIK 0000880641),0000880641,10-K,2026-03-16,2025-12-31,"Berryville, VA",0000880641-26-000004
0001213900-26-036974:ea0274767-10k_purple.htm,"Purple Innovation, Inc.  (PRPL)  (CIK 0001643953)",0001643953,10-K,2026-03-31,2025-12-31,"Lehi, UT",0001213900-26-036974
0001104659-26-067881:kd-20260331x10k.htm,"Kyndryl Holdings, Inc.  (KD)  (CIK 0001867072)",0001867072,10-K,2026-05-29,2026-03-31,"New York, NY",0001104659-26-067881
0001193125-26-072828:dnow-20251231.htm,DNOW Inc.  (DNOW)  (CIK 0001599617),0001599617,10-K,2026-02-26,2025-12-31,"Houston, TX",0001193125-26-072828
0001628280-26-012019:dcth-20251231.htm,"DELCATH SYSTEMS, INC.  (DCTH)  (CIK 0000872912)",0000872912,10-K,2026-02-26,2025-12-31,"Queensbury, NY",0001628280-26-012019
0001213900-26-037637:ea0283176-10k_planet.htm,Planet Green Holdings Corp.  (PLAG)  (CIK 0001117057),0001117057,10-K,2026-03-31,2025-12-31,"Flushing, NY",0001213900-26-037637
0001493152-26-013513:form10-k.htm,"QHSLab, Inc.  (USAQ)  (CIK 0000856984)",0000856984,10-K,2026-03-30,2025-12-31,"West Palm Beach, FL",0001493152-26-013513
0001193125-26-029707:d32585d10k.htm,"Warburg Pincus Access Fund, L.P.  (CIK 0002082826)",0002082826,10-K,2026-01-29,2025-12-31,"New York, NY",0001193125-26-029707
0001683168-26-002018:accesswire_i10k-123125.htm,ACCESS Newswire Inc.  (ACCS)  (CIK 0000843006),0000843006,10-K,2026-03-19,2025-12-31,"Raleigh, NC",0001683168-26-002018
0000097476-26-000059:txn-20251231.htm,TEXAS INSTRUMENTS INC  (TXN)  (CIK 0000097476),0000097476,10-K,2026-02-06,2025-12-31,"Dallas, TX",0000097476-26-000059
0001493152-26-016842:form10-k.htm,I-ON Digital Corp.  (IONI)  (CIK 0001580490),0001580490,10-K,2026-04-15,2025-12-31,"Chicago, IL",0001493152-26-016842
0000036104-26-000011:usb-20251231.htm,"US BANCORP \DE\  (USB, USB-PA, USB-PH, USB-PP, USB-PQ, USB-PR, USB-PS)  (CIK 0000036104)",0000036104,10-K,2026-02-23,2025-12-31,"Minneapolis, MN",0000036104-26-000011
0001683168-26-001291:atomera_i10k-123125.htm,Atomera Inc  (ATOM)  (CIK 0001420520),0001420520,10-K,2026-02-24,2025-12-31,"Los Gatos, CA",0001683168-26-001291
0001193125-26-104150:eras-20251231.htm,"Erasca, Inc.  (ERAS)  (CIK 0001761918)",0001761918,10-K,2026-03-12,2025-12-31,"San Diego, CA",0001193125-26-104150
0001493152-26-008155:form10-k.htm,"Where Food Comes From, Inc.  (WFCF)  (CIK 0001360565)",0001360565,10-K,2026-02-26,2025-12-31,"Castle Rock, CO",0001493152-26-008155
0001692951-26-000055:cci-20251231.htm,"Cottonwood Communities, Inc.  (CIK 0001692951)",0001692951,10-K,2026-03-30,2025-12-31,"Salt Lake City, UT",0001692951-26-000055
0001971213-26-000012:sbgi-20251231.htm,"Sinclair, Inc.  (SBGI)  (CIK 0001971213), Sinclair Broadcast Group, LLC  (CIK 0000912752)","0001971213, 0000912752",10-K,2026-02-27,2025-12-31,"Hunt Valley, MD, Hunt Valley, MD",0001971213-26-000012
0001193125-26-197195:rpay-20251231.htm,Repay Holdings Corp  (RPAY)  (CIK 0001720592),0001720592,10-K/A,2026-04-30,2025-12-31,"Atlanta, GA",0001193125-26-197195
0001193125-26-099434:ima-20251231.htm,"ImageneBio, Inc.  (IMA)  (CIK 0001835579)",0001835579,10-K,2026-03-10,2025-12-31,"San Diego, CA",0001193125-26-099434
0001628280-26-013569:prme-20251231.htm,"Prime Medicine, Inc.  (PRME)  (CIK 0001894562)",0001894562,10-K,2026-03-03,2025-12-31,"Cambridge, MA",0001628280-26-013569
0002082866-26-000018:pnfp-20251231.htm,"Pinnacle Financial Partners, Inc.  (PNFP, PNFP-PA, PNFP-PB, PNFP-PC)  (CIK 0002082866)",0002082866,10-K,2026-03-02,2025-12-31,"Atlanta, GA",0002082866-26-000018
0001002638-26-000068:otex-20260630.htm,OPEN TEXT CORP  (OTEX)  (CIK 0001002638),0001002638,10-K,2026-08-06,2026-06-30,"Ontario Canada, A6",0001002638-26-000068
0001628280-26-025812:semr-20251231.htm,"SEMrush Holdings, Inc.  (SEMR)  (CIK 0001831840)",0001831840,10-K/A,2026-04-17,2025-12-31,"Boston, MA",0001628280-26-025812
0001193125-26-071966:blk-20251231.htm,"BlackRock, Inc.  (BLK)  (CIK 0002012383)",0002012383,10-K,2026-02-25,2025-12-31,"New York, NY",0001193125-26-071966
0001628280-26-020206:hps-20251231.htm,HPS Corporate Lending Fund  (CIK 0001838126),0001838126,10-K,2026-03-20,2025-12-31,"New York, NY",0001628280-26-020206
0000874761-26-000063:aes-20251231.htm,AES CORP  (AES)  (CIK 0000874761),0000874761,10-K,2026-03-02,2025-12-31,"Arlington, VA",0000874761-26-000063
0001811972-26-000004:bdc-20251231.htm,Barings Capital Investment Corp  (CIK 0001811972),0001811972,10-K,2026-02-19,2025-12-31,"Charlotte, NC",0001811972-26-000004
0001075415-26-000013:dhc-20251231.htm,"DIVERSIFIED HEALTHCARE TRUST  (DHC, DHCNI, DHCNL)  (CIK 0001075415)",0001075415,10-K,2026-02-24,2025-12-31,"Newton, MA",0001075415-26-000013
0001057352-26-000020:csgp-20251231.htm,"COSTAR GROUP, INC.  (CSGP)  (CIK 0001057352)",0001057352,10-K,2026-02-26,2025-12-31,"Arlington, VA",0001057352-26-000020
0001783398-26-000013:uwmc-20251231.htm,UWM Holdings Corp  (UWMC)  (CIK 0001783398),0001783398,10-K,2026-02-25,2025-12-31,"Pontiac, MI",0001783398-26-000013
0001193125-26-108687:elox-20251231.htm,"Eloxx Pharmaceuticals, Inc.  (CIK 0001035354)",0001035354,10-K,2026-03-17,2025-12-31,"Arlington, MA",0001193125-26-108687
0001193125-26-120239:cfit-20251231.htm,"Cantor Fitzgerald Income Trust, Inc.  (CIK 0001666244)",0001666244,10-K,2026-03-24,2025-12-31,"New York, NY",0001193125-26-120239
0001193125-26-113881:prok-20251231.htm,PROKIDNEY CORP.  (PROK)  (CIK 0001850270),0001850270,10-K,2026-03-18,2025-12-31,"Winston-salem, NC",0001193125-26-113881
0000714395-26-000011:gabc-20251231.htm,"GERMAN AMERICAN BANCORP, INC.  (GABC)  (CIK 0000714395)",0000714395,10-K,2026-02-27,2025-12-31,"Jasper, IN",0000714395-26-000011
0001628280-26-003870:len-20251130.htm,"LENNAR CORP /NEW/  (LEN, LEN-B)  (CIK 0000920760)",0000920760,10-K,2026-01-28,2025-11-30,"Miami, FL",0001628280-26-003870
0001004980-26-000009:pcg-20251231.htm,"PG&E Corp  (PCG, PCG-PA, PCG-PB, PCG-PC, PCG-PD, PCG-PE, PCG-PG, PCG-PH, PCG-PI, PCG-PX)  (CIK 0001004980), PACIFIC GAS & ELECTRIC Co  (CIK 0000075488)","0001004980, 0000075488",10-K,2026-02-12,2025-12-31,"Oakland, CA, Oakland, CA",0001004980-26-000009
0001551152-26-000008:abbv-20251231.htm,AbbVie Inc.  (ABBV)  (CIK 0001551152),0001551152,10-K,2026-02-20,2025-12-31,"North Chicago, IL",0001551152-26-000008
0001628280-26-018174:ardt-20251231.htm,"Ardent Health, Inc.  (ARDT)  (CIK 0001756655)",0001756655,10-K,2026-03-16,2025-12-31,"Brentwood, TN",0001628280-26-018174
0001104659-26-026140:sgmt-20251231x10k.htm,Sagimet Biosciences Inc.  (SGMT)  (CIK 0001400118),0001400118,10-K,2026-03-11,2025-12-31,"San Mateo, CA",0001104659-26-026140
0001955010-26-000005:brhc-20251231.htm,OHA Senior Private Lending Fund (U) LLC  (CIK 0001955010),0001955010,10-K,2026-03-13,2025-12-31,"New York, NY",0001955010-26-000005
0001577670-26-000011:ladr-20251231.htm,Ladder Capital Corp  (LADR)  (CIK 0001577670),0001577670,10-K,2026-02-09,2025-12-31,"New York, NY",0001577670-26-000011
0001711269-26-000017:evrg-20251231.htm,"Evergy, Inc.  (EVRG)  (CIK 0001711269), EVERGY METRO, INC.  (CIK 0000054476), EVERGY KANSAS CENTRAL, INC.  (CIK 0000054507)","0001711269, 0000054476, 0000054507",10-K,2026-02-19,2025-12-31,"Kansas City, MO, Kansas City, MO, Topeka, KS",0001711269-26-000017
0001193125-26-106541:wbi-20251231.htm,WaterBridge Infrastructure LLC  (WBI)  (CIK 0002064947),0002064947,10-K,2026-03-16,2025-12-31,"Houston, TX",0001193125-26-106541
0001477932-26-003397:tkls_10k.htm,"Trutankless, Inc.  (CIK 0001429393)",0001429393,10-K,2026-05-22,2025-12-31,"Scottsdale, AZ",0001477932-26-003397
0001193125-26-088367:ck0001851322-20251231.htm,North Haven Private Income Fund LLC  (CIK 0001851322),0001851322,10-K,2026-03-03,2025-12-31,"New York, NY",0001193125-26-088367
0001790340-26-000042:imrx-20251231.htm,Immuneering Corp  (IMRX)  (CIK 0001790340),0001790340,10-K,2026-03-06,2025-12-31,"Cambridge, MA",0001790340-26-000042
0002070849-26-000017:blln-20251231.htm,"BillionToOne, Inc.  (BLLN)  (CIK 0002070849)",0002070849,10-K,2026-03-11,2025-12-31,"Menlo Park, CA",0002070849-26-000017
0001758766-26-000016:stem-20251231.htm,"STEM, INC.  (STEM)  (CIK 0001758766)",0001758766,10-K,2026-03-05,2025-12-31,"Houston, TX",0001758766-26-000016
0001538263-26-000030:htbi-20251231.htm,"HomeTrust Bancshares, Inc.  (HTB)  (CIK 0001538263)",0001538263,10-K,2026-03-13,2025-12-31,"Asheville, NC",0001538263-26-000030
0001060822-26-000016:cri-20260103.htm,CARTERS INC  (CRI)  (CIK 0001060822),0001060822,10-K,2026-02-27,2026-01-03,"Atlanta, GA",0001060822-26-000016
0001628280-26-053359:fdxf-20260531.htm,"FedEx Freight Holding Company, Inc.  (FDXF)  (CIK 0002082247)",0002082247,10-K,2026-08-05,2026-05-31,"Memphis, TN",0001628280-26-053359
0001331451-26-000047:fhlbc-20251231.htm,Federal Home Loan Bank of Chicago  (CIK 0001331451),0001331451,10-K,2026-03-10,2025-12-31,"Chicago, IL",0001331451-26-000047
0000885550-26-000047:cacc-20251231.htm,CREDIT ACCEPTANCE CORP  (CACC)  (CIK 0000885550),0000885550,10-K,2026-02-13,2025-12-31,"Southfield, MI",0000885550-26-000047
0001437749-26-007232:wstr20251231_10k.htm,Whitestone REIT  (WSR)  (CIK 0001175535),0001175535,10-K,2026-03-06,2025-12-31,"Houston, TX",0001437749-26-007232
0001628280-26-032536:dco-20251231.htm,DUCOMMUN INC /DE/  (DCO)  (CIK 0000030305),0000030305,10-K/A,2026-05-08,2025-12-31,"Costa Mesa, CA",0001628280-26-032536
0001193125-26-085481:ck0001726445-20251231.htm,"Seer, Inc.  (SEER)  (CIK 0001726445)",0001726445,10-K,2026-03-02,2025-12-31,"Redwood City, CA",0001193125-26-085481
0001104659-26-019178:ltc-20251231x10k.htm,LTC PROPERTIES INC  (LTC)  (CIK 0000887905),0000887905,10-K,2026-02-24,2025-12-31,"Westlake Village, CA",0001104659-26-019178
0001193125-26-088215:sana-20251231.htm,"Sana Biotechnology, Inc.  (SANA)  (CIK 0001770121)",0001770121,10-K,2026-03-03,2025-12-31,"Seattle, WA",0001193125-26-088215
0001437749-26-010089:quicklo20251208_10k.htm,QUICKLOGIC Corp  (QUIK)  (CIK 0000882508),0000882508,10-K,2026-03-27,2025-12-28,"San Jose, CA",0001437749-26-010089
0001193125-26-101763:pgc-20251231.htm,PEAPACK GLADSTONE FINANCIAL CORP  (PGC)  (CIK 0001050743),0001050743,10-K,2026-03-11,2025-12-31,"Bedminster, NJ",0001193125-26-101763
0001213900-26-029189:ea0280029-10k_meshflow.htm,"Meshflow Acquisition Corp  (MESH, MESHU, MESHW)  (CIK 0002081468)",0002081468,10-K,2026-03-17,2025-12-31,"Chicago, IL",0001213900-26-029189
0001628280-26-013588:ingm-20251227.htm,Ingram Micro Holding Corp  (INGM)  (CIK 0001897762),0001897762,10-K,2026-03-03,2025-12-27,"Irvine, CA",0001628280-26-013588
0000908255-26-000011:bwa-20251231.htm,BORGWARNER INC  (BWA)  (CIK 0000908255),0000908255,10-K,2026-02-11,2025-12-31,"Auburn Hills, MI",0000908255-26-000011
0001104659-26-013380:am-20251231x10k.htm,Antero Midstream Corp  (AM)  (CIK 0001623925),0001623925,10-K,2026-02-11,2025-12-31,"Denver, CO",0001104659-26-013380
0001010470-26-000010:prov-20260630x10k.htm,PROVIDENT FINANCIAL HOLDINGS INC  (PROV)  (CIK 0001010470),0001010470,10-K,2026-09-02,2026-06-30,"Riverside, CA",0001010470-26-000010
0001438133-26-000010:tndm-20251231.htm,TANDEM DIABETES CARE INC  (TNDM)  (CIK 0001438133),0001438133,10-K,2026-02-19,2025-12-31,"San Diego, CA",0001438133-26-000010
0001870600-26-000013:dtc-20251231.htm,"Solo Brands, Inc.  (SBDS)  (CIK 0001870600)",0001870600,10-K,2026-03-23,2025-12-31,"Grapevine, TX",0001870600-26-000013
0001514416-26-000017:band-20251231.htm,Bandwidth Inc.  (BAND)  (CIK 0001514416),0001514416,10-K,2026-02-19,2025-12-31,"Raleigh, NC",0001514416-26-000017
0001213900-26-038607:ea0283252-10k_ispecimen.htm,iSpecimen Inc.  (ISPC)  (CIK 0001558569),0001558569,10-K,2026-04-01,2025-12-31,"Woburn, MA",0001213900-26-038607
0000091440-26-000045:sna-20260103.htm,Snap-on Inc  (SNA)  (CIK 0000091440),0000091440,10-K,2026-02-12,2026-01-03,"Kenosha, WI",0000091440-26-000045
0001384905-26-000021:rng-20251231.htm,"RingCentral, Inc.  (RNG)  (CIK 0001384905)",0001384905,10-K,2026-02-27,2025-12-31,"Belmont, CA",0001384905-26-000021
0001437749-26-006405:tpb20251231_10k.htm,"Turning Point Brands, Inc.  (TPB)  (CIK 0001290677)",0001290677,10-K,2026-03-02,2025-12-31,"Louisville, KY",0001437749-26-006405
0001144980-26-000051:abg-20251231.htm,ASBURY AUTOMOTIVE GROUP INC  (ABG)  (CIK 0001144980),0001144980,10-K,2026-02-20,2025-12-31,"Atlanta, GA",0001144980-26-000051
0001628280-26-009710:hhh-20251231.htm,Howard Hughes Holdings Inc.  (HHH)  (CIK 0001981792),0001981792,10-K,2026-02-19,2025-12-31,"The Woodlands, TX",0001628280-26-009710
0000866374-26-000012:flex-20260331.htm,FLEX LTD.  (FLEX)  (CIK 0000866374),0000866374,10-K,2026-05-20,2026-03-31,"Austin, TX",0000866374-26-000012
0001193125-26-076788:ncmi-20260101.htm,"National CineMedia, Inc.  (NCMI)  (CIK 0001377630)",0001377630,10-K,2026-02-26,2026-01-01,"Centennial, CO",0001193125-26-076788
0001193125-26-094012:logc-20251231.htm,ContextLogic Holdings Inc.  (LOGC)  (CIK 0002064307),0002064307,10-K,2026-03-05,2025-12-31,"Oakland, CA",0001193125-26-094012
0000064996-26-000005:mcy-20251231.htm,MERCURY GENERAL CORP  (MCY)  (CIK 0000064996),0000064996,10-K,2026-02-17,2025-12-31,"Los Angeles, CA",0000064996-26-000005
0001213900-26-026959:ea0279199-10k_centurion.htm,"Centurion Acquisition Corp.  (ALF, ALFUU, ALFUW)  (CIK 0002010930)",0002010930,10-K,2026-03-12,2025-12-31,"New York, NY",0001213900-26-026959
0001674356-26-000009:tpt-20251231.htm,"Terra Property Trust, Inc.  (TPTA)  (CIK 0001674356)",0001674356,10-K,2026-03-19,2025-12-31,"New York, NY",0001674356-26-000009
0001104659-26-017968:ccoi-20251231x10k.htm,"COGENT COMMUNICATIONS HOLDINGS, INC.  (CCOI)  (CIK 0001158324)",0001158324,10-K,2026-02-20,2025-12-31,"Washington, DC",0001104659-26-017968
0001193125-26-132103:ck0002061174-20251231.htm,Sound Point Direct Lending BDC  (CIK 0002061174),0002061174,10-K,2026-03-30,2025-12-31,"New York, NY",0001193125-26-132103
0001628280-26-011753:cpk-20251231.htm,CHESAPEAKE UTILITIES CORP  (CPK)  (CIK 0000019745),0000019745,10-K,2026-02-25,2025-12-31,"Dover, DE",0001628280-26-011753
0001628280-26-009046:aort-20251231.htm,"ARTIVION, INC.  (AORT)  (CIK 0000784199)",0000784199,10-K,2026-02-18,2025-12-31,"Kennesaw, GA",0001628280-26-009046
0001707753-26-000018:estc-20260430.htm,Elastic N.V.  (ESTC)  (CIK 0001707753),0001707753,10-K,2026-06-08,2026-04-30,"Amsterdam, P7",0001707753-26-000018
0001493152-26-031070:form10-k.htm,ELITE PHARMACEUTICALS INC /NV/  (ELTP)  (CIK 0001053369),0001053369,10-K,2026-06-29,2026-03-31,"Northvale, NJ",0001493152-26-031070
0001505732-26-000046:bwfg-20251231.htm,"Bankwell Financial Group, Inc.  (BWFG)  (CIK 0001505732)",0001505732,10-K,2026-03-04,2025-12-31,"New Canaan, CT",0001505732-26-000046
0001193125-26-120690:achv-20251231.htm,"ACHIEVE LIFE SCIENCES, INC.  (ACHV)  (CIK 0000949858)",0000949858,10-K,2026-03-24,2025-12-31,"Seattle, WA",0001193125-26-120690
0000882095-26-000006:gild-20251231.htm,"GILEAD SCIENCES, INC.  (GILD)  (CIK 0000882095)",0000882095,10-K,2026-02-24,2025-12-31,"Foster City, CA",0000882095-26-000006
0000818479-26-000075:xray-20251231.htm,DENTSPLY SIRONA Inc.  (XRAY)  (CIK 0000818479),0000818479,10-K,2026-02-26,2025-12-31,"Charlotte, NC",0000818479-26-000075
0001193125-26-051422:wy-20251231.htm,WEYERHAEUSER CO  (WY)  (CIK 0000106535),0000106535,10-K,2026-02-13,2025-12-31,"Seattle, WA",0001193125-26-051422
0001090425-26-000008:lamr-20251231.htm,"LAMAR ADVERTISING CO/NEW  (LAMR)  (CIK 0001090425), LAMAR MEDIA CORP/DE  (CIK 0000899045)","0001090425, 0000899045",10-K,2026-02-20,2025-12-31,"Baton Rouge, LA, Baton Rouge, LA",0001090425-26-000008
0001193125-26-081475:fmao-20251231.htm,FARMERS & MERCHANTS BANCORP INC  (FMAO)  (CIK 0000792966),0000792966,10-K,2026-02-27,2025-12-31,"Archbold, OH",0001193125-26-081475
0001628280-26-006901:ntst-20251231.htm,NETSTREIT Corp.  (NTST)  (CIK 0001798100),0001798100,10-K,2026-02-10,2025-12-31,"Dallas, TX",0001628280-26-006901
0001025835-26-000058:efsc-20251231.htm,"ENTERPRISE FINANCIAL SERVICES CORP  (EFSC, EFSCP)  (CIK 0001025835)",0001025835,10-K,2026-02-27,2025-12-31,"Clayton, MO",0001025835-26-000058
0001213900-26-037505:ea0281342-10k_turntherap.htm,Turn Therapeutics Inc.  (TTRX)  (CIK 0002023016),0002023016,10-K,2026-03-31,2025-12-31,"Westlake Village, CA",0001213900-26-037505
0001452477-26-000010:sevn-20251231.htm,Seven Hills Realty Trust  (SEVN)  (CIK 0001452477),0001452477,10-K,2026-02-18,2025-12-31,"Newton, MA",0001452477-26-000010
0001628280-26-014989:sttk-20251231.htm,"Shattuck Labs, Inc.  (STTK)  (CIK 0001680367)",0001680367,10-K,2026-03-05,2025-12-31,"Austin, TX",0001628280-26-014989
0001750735-26-000009:mrbk-20251231.htm,Meridian Corp  (MRBK)  (CIK 0001750735),0001750735,10-K,2026-03-13,2025-12-31,"Malvern, PA",0001750735-26-000009
0001576280-26-000013:gh-20251231.htm,"Guardant Health, Inc.  (GH)  (CIK 0001576280)",0001576280,10-K,2026-02-19,2025-12-31,"Palo Alto, CA",0001576280-26-000013
0001193125-26-071549:ffin-20251231.htm,FIRST FINANCIAL BANKSHARES INC  (FFIN)  (CIK 0000036029),0000036029,10-K,2026-02-25,2025-12-31,"Abilene, TX",0001193125-26-071549
0001628280-26-009059:oxy-20251231.htm,"OCCIDENTAL PETROLEUM CORP /DE/  (OXY, OXY-WT)  (CIK 0000797468)",0000797468,10-K,2026-02-18,2025-12-31,"Houston, TX",0001628280-26-009059
0001200375-26-000006:cdxs-20251231.htm,"CODEXIS, INC.  (CDXS)  (CIK 0001200375)",0001200375,10-K,2026-03-11,2025-12-31,"Redwood City, CA",0001200375-26-000006
0001193125-26-077442:vera-20251231.htm,"Vera Therapeutics, Inc.  (VERA)  (CIK 0001831828)",0001831828,10-K,2026-02-26,2025-12-31,"Brisbane, CA",0001193125-26-077442
0001213900-26-036952:ea0283349-10k_cbak.htm,"CBAK Energy Technology, Inc.  (CBAT)  (CIK 0001117171)",0001117171,10-K,2026-03-31,2025-12-31,"Dalian, F4",0001213900-26-036952
0001193125-26-103023:seat-20251231.htm,"Vivid Seats Inc.  (SEAT, SEATW)  (CIK 0001856031)",0001856031,10-K,2026-03-12,2025-12-31,"Chicago, IL",0001193125-26-103023
0001493152-26-012714:form10-k.htm,"Immix Biopharma, Inc.  (IMMX)  (CIK 0001873835)",0001873835,10-K,2026-03-25,2025-12-31,"Los Angeles, CA",0001493152-26-012714
0002001557-26-000060:innv-20251231.htm,"Innventure, Inc.  (INV, INVLW)  (CIK 0002001557)",0002001557,10-K,2026-03-30,2025-12-31,"Orlando, FL",0002001557-26-000060
0001213900-26-037639:ea0280507-10k_tailwind2.htm,"Tailwind 2.0 Acquisition Corp.  (TDWD, TDWDR, TDWDU)  (CIK 0002076616)",0002076616,10-K,2026-03-31,2025-12-31,"Greenwich, CT",0001213900-26-037639
0001833756-26-000013:drs-20251231.htm,"Leonardo DRS, Inc.  (DRS)  (CIK 0001833756)",0001833756,10-K,2026-02-27,2025-12-31,"Arlington, VA",0001833756-26-000013
0001753926-26-000464:ipar-20251231.htm,INTERPARFUMS INC  (IPAR)  (CIK 0000822663),0000822663,10-K,2026-03-10,2025-12-31,"New York, NY",0001753926-26-000464
0001627282-26-000015:cwd-20251231.htm,CaliberCos Inc.  (CWD)  (CIK 0001627282),0001627282,10-K,2026-03-26,2025-12-31,"Scottsdale, AZ",0001627282-26-000015
0001193125-26-059435:carg-20251231.htm,"CarGurus, Inc.  (CARG)  (CIK 0001494259)",0001494259,10-K,2026-02-19,2025-12-31,"Boston, MA",0001193125-26-059435
0001193125-26-083622:ck0000061339-20251231.htm,MADISON GAS & ELECTRIC CO  (CIK 0000061339),0000061339,10-K,2026-03-02,2025-12-31,"Madison, WI",0001193125-26-083622
0001332349-26-000032:bkd-20251231.htm,Brookdale Senior Living Inc.  (BKD)  (CIK 0001332349),0001332349,10-K,2026-02-19,2025-12-31,"Brentwood, TN",0001332349-26-000032
0001024305-26-000048:coty-20260630.htm,COTY INC.  (COTY)  (CIK 0001024305),0001024305,10-K,2026-08-20,2026-06-30,"New York, NY",0001024305-26-000048
0001193125-26-103635:fusb-20251231.htm,"FIRST US BANCSHARES, INC.  (FUSB)  (CIK 0000717806)",0000717806,10-K,2026-03-12,2025-12-31,"Birmingham, AL",0001193125-26-103635
0001425292-26-000011:cvi-20251231.htm,"CVR PARTNERS, LP  (UAN)  (CIK 0001425292)",0001425292,10-K,2026-02-18,2025-12-31,"Sugar Land, TX",0001425292-26-000011
0001193125-26-067036:mgee-20251231.htm,MGE ENERGY INC  (MGEE)  (CIK 0001161728),0001161728,10-K,2026-02-24,2025-12-31,"Madison, WI",0001193125-26-067036
0001193125-26-061549:rm-20251231.htm,Regional Management Corp.  (RM)  (CIK 0001519401),0001519401,10-K,2026-02-20,2025-12-31,"Greer, SC",0001193125-26-061549
0001193125-26-134813:inkt-20251231.htm,"MiNK Therapeutics, Inc.  (INKT)  (CIK 0001840229)",0001840229,10-K,2026-03-31,2025-12-31,"New York, NY",0001193125-26-134813
0001628280-26-011838:ibta-20251231.htm,"Ibotta, Inc.  (IBTA)  (CIK 0001538379)",0001538379,10-K,2026-02-26,2025-12-31,"Denver, CO",0001628280-26-011838
0000102212-26-000012:uvsp-20251231.htm,UNIVEST FINANCIAL Corp  (UVSP)  (CIK 0000102212),0000102212,10-K,2026-02-23,2025-12-31,"Souderton, PA",0000102212-26-000012
0001193125-26-134498:fbrx-20251231.htm,"Forte Biosciences, Inc.  (FBRX)  (CIK 0001419041)",0001419041,10-K,2026-03-31,2025-12-31,"Dallas, TX",0001193125-26-134498
0001479094-26-000009:stag-20251231.htm,"STAG Industrial, Inc.  (STAG)  (CIK 0001479094)",0001479094,10-K,2026-02-11,2025-12-31,"Boston, MA",0001479094-26-000009
0001554855-26-000300:evex-20251231.htm,"Eve Holding, Inc.  (EVEX, EVEX-WT)  (CIK 0001823652)",0001823652,10-K,2026-03-16,2025-12-31,"Melbourne, FL",0001554855-26-000300
0001419536-26-000073:cbnk-20251231.htm,Capital Bancorp Inc  (CBNK)  (CIK 0001419536),0001419536,10-K,2026-03-16,2025-12-31,"Rockville, MD",0001419536-26-000073
0001062993-26-001606:form10k.htm,"Medicus Pharma Ltd.  (MDCX, MDCXW)  (CIK 0001997296)",0001997296,10-K,2026-03-25,2025-12-31,"W. Conshohocken, PA",0001062993-26-001606
0001628280-26-013231:acmr-20251231.htm,"ACM Research, Inc.  (ACMR)  (CIK 0001680062)",0001680062,10-K,2026-03-02,2025-12-31,"Fremont, CA",0001628280-26-013231
0001193125-26-100284:body-20251231.htm,"Beachbody Company, Inc.  (BODI, BODYW)  (CIK 0001826889)",0001826889,10-K,2026-03-10,2025-12-31,"El Segundo, CA",0001193125-26-100284
0001581760-26-000016:lifx-20251231.htm,"Life360, Inc.  (LIF, LIFX)  (CIK 0001581760)",0001581760,10-K,2026-03-02,2025-12-31,"San Mateo, CA",0001581760-26-000016
0001213900-26-027789:ea0277585-10k_21shares.htm,21Shares Dogecoin ETF  (TDOG)  (CIK 0002064314),0002064314,10-K,2026-03-16,2025-09-30,"New York, NY",0001213900-26-027789
0001628280-26-044888:snblt-20260430.htm,"Sunbelt Rentals Holdings, Inc.  (SUNB)  (CIK 0002083785)",0002083785,10-K,2026-06-23,2026-04-30,"Fort Mill, SC",0001628280-26-044888
0000795266-26-000017:kbh-20251130.htm,KB HOME  (KBH)  (CIK 0000795266),0000795266,10-K,2026-01-23,2025-11-30,"Los Angeles, CA",0000795266-26-000017
0001104659-26-023454:rgti-20251231x10k.htm,"Rigetti Computing, Inc.  (RGTI, RGTIW)  (CIK 0001838359)",0001838359,10-K,2026-03-04,2025-12-31,"Berkeley, CA",0001104659-26-023454
0001765107-26-000005:cim-20251231.htm,"CIM Opportunity Zone Fund, L.P.  (CIK 0001765107)",0001765107,10-K,2026-03-26,2025-12-31,"Los Angeles, CA",0001765107-26-000005
0001193125-26-119699:ck0001986395-20251231.htm,Starwood Credit Real Estate Income Trust  (CIK 0001986395),0001986395,10-K,2026-03-23,2025-12-31,"Miami Beach, FL",0001193125-26-119699
0001689548-26-000029:prax-20251231.htm,"Praxis Precision Medicines, Inc.  (PRAX)  (CIK 0001689548)",0001689548,10-K,2026-02-19,2025-12-31,"Boston, MA",0001689548-26-000029
0001628280-26-020414:fil-20251231.htm,"Richmond Mutual Bancorporation, Inc.  (RMBI)  (CIK 0001767837)",0001767837,10-K,2026-03-23,2025-12-31,"Richmond, IN",0001628280-26-020414
0001437749-26-005320:cnob20251231c_10k.htm,"ConnectOne Bancorp, Inc.  (CNOB, CNOBP)  (CIK 0000712771)",0000712771,10-K,2026-02-24,2025-12-31,"Englewood Cliffs, NJ",0001437749-26-005320
0001213900-26-073214:ea0295781-10k_21shares.htm,21Shares Polkadot ETF  (CIK 0002054247),0002054247,10-K,2026-06-29,2026-03-31,"New York, NY",0001213900-26-073214
0001493152-26-039136:form10-k.htm,INTELLIGENT BIO SOLUTIONS INC.  (INBS)  (CIK 0001725430),0001725430,10-K,2026-08-19,2026-06-30,"New York, NY",0001493152-26-039136
0001628280-26-017015:tic-20251231.htm,"TIC Solutions, Inc.  (TIC, TICAW)  (CIK 0002032966)",0002032966,10-K,2026-03-12,2025-12-31,"Hollywood, FL",0001628280-26-017015
0001467623-26-000008:dbx-20251231.htm,"DROPBOX, INC.  (DBX)  (CIK 0001467623)",0001467623,10-K,2026-02-20,2025-12-31,"San Francisco, CA",0001467623-26-000008
0000885725-26-000010:bsx-20251231.htm,BOSTON SCIENTIFIC CORP  (BSX)  (CIK 0000885725),0000885725,10-K,2026-02-17,2025-12-31,"Marlborough, MA",0000885725-26-000010
0000832988-26-000055:sig-20260131.htm,SIGNET JEWELERS LTD  (SIG)  (CIK 0000832988),0000832988,10-K,2026-03-19,2026-01-31,"Hamilton, D0",0000832988-26-000055
0001041061-26-000084:yum-20251231.htm,YUM BRANDS INC  (YUM)  (CIK 0001041061),0001041061,10-K,2026-02-20,2025-12-31,"Louisville, KY",0001041061-26-000084
0001628280-26-025068:mmmb-20260131.htm,"Mama's Creations, Inc.  (MAMA)  (CIK 0001520358)",0001520358,10-K,2026-04-14,2026-01-31,"East Rutherford, NJ",0001628280-26-025068
0001104659-26-036811:tdac-20251231x10k.htm,"Translational Development Acquisition Corp.  (TDAC, TDACU, TDACW)  (CIK 0001926599)",0001926599,10-K,2026-03-30,2025-12-31,"New York, NY",0001104659-26-036811
0001068148-26-000003:pkoh-20251231.htm,PARK OHIO INDUSTRIES INC/OH  (CIK 0001068148),0001068148,10-K,2026-03-05,2025-12-31,"Cleveland, OH",0001068148-26-000003
0000912242-26-000016:mac-20251231.htm,MACERICH CO  (MAC)  (CIK 0000912242),0000912242,10-K,2026-02-20,2025-12-31,"Santa Monica, CA",0000912242-26-000016
0001654954-26-001280:airsp_10k.htm,"Airship AI Holdings, Inc.  (AISP, AISPW)  (CIK 0001842566)",0001842566,10-K,2026-02-17,2025-12-31,"Redmond, WA",0001654954-26-001280
0001437749-26-010517:cdzi20251231_10k.htm,"CADIZ INC  (CDZI, CDZIP)  (CIK 0000727273)",0000727273,10-K,2026-03-31,2025-12-31,"Los Angeles, CA",0001437749-26-010517
0001104659-26-032117:tmb-20251231x10k.htm,Stone Point Credit Income Fund - Select  (CIK 0002077250),0002077250,10-K,2026-03-19,2025-12-31,"Greenwich, CT",0001104659-26-032117
0001844971-26-000011:gree-20251231.htm,"Greenidge Generation Holdings Inc.  (GREE, GREEL)  (CIK 0001844971)",0001844971,10-K,2026-03-31,2025-12-31,"Pittsford, NY",0001844971-26-000011
0000103730-26-000019:form10k.htm,VISHAY INTERTECHNOLOGY INC  (VSH)  (CIK 0000103730),0000103730,10-K,2026-02-13,2025-12-31,"Malvern, PA",0000103730-26-000019
0001562401-26-000010:amh-20251231.htm,"American Homes 4 Rent  (AMH, AMH-PG, AMH-PH)  (CIK 0001562401), American Homes 4 Rent, L.P.  (CIK 0001716558)","0001562401, 0001716558",10-K,2026-02-20,2025-12-31,"Las Vegas, NV, Las Vegas, NV",0001562401-26-000010
0001437749-26-024817:valu20260430_10k.htm,VALUE LINE INC  (VALU)  (CIK 0000717720),0000717720,10-K,2026-07-29,2026-04-30,"New York, NY",0001437749-26-024817
0000906163-26-000018:nvr-20251231.htm,NVR INC  (NVR)  (CIK 0000906163),0000906163,10-K,2026-02-11,2025-12-31,"Reston, VA",0000906163-26-000018
0001014473-26-000006:vrsn-20251231.htm,VERISIGN INC/CA  (VRSN)  (CIK 0001014473),0001014473,10-K,2026-02-05,2025-12-31,"Reston, VA",0001014473-26-000006
0001493152-26-037876:form10-k.htm,"SPARTA COMMERCIAL SERVICES, INC.  (SRCO)  (CIK 0000318299)",0000318299,10-K,2026-08-13,2026-04-30,"New York, NY",0001493152-26-037876
0001562762-26-000041:cato-20260131.htm,CATO CORP  (CATO)  (CIK 0000018255),0000018255,10-K,2026-03-25,2026-01-31,"Charlotte, NC",0001562762-26-000041
0001437749-26-006623:ftek20251231_10k.htm,"FUEL TECH, INC.  (FTEK)  (CIK 0000846913)",0000846913,10-K,2026-03-03,2025-12-31,"Warrenville, IL",0001437749-26-006623
0001193125-26-123930:fsol-20251231.htm,Fidelity Solana Fund  (FSOL)  (CIK 0002063380),0002063380,10-K,2026-03-25,2025-12-31,"Boston, MA",0001193125-26-123930
0001493152-26-002451:form10-k.htm,"Hypha Labs, Inc.  (FUNI)  (CIK 0001502966)",0001502966,10-K,2026-01-15,2025-09-30,"Las Vegas, NV",0001493152-26-002451
0001213900-26-037664:ea0281952-10k_vasocorp.htm,VASO Corp  (VASO)  (CIK 0000839087),0000839087,10-K,2026-03-31,2025-12-31,"Plainview, NY",0001213900-26-037664
0001104659-26-046005:tmb-20251231x10ka.htm,DEVON ENERGY CORP/DE  (DVN)  (CIK 0001090012),0001090012,10-K/A,2026-04-21,2025-12-31,"Oklahoma City, OK",0001104659-26-046005
0001104659-26-020439:iboc-20251231xex13.htm,INTERNATIONAL BANCSHARES CORP  (IBOC)  (CIK 0000315709),0000315709,10-K,2026-02-26,2025-12-31,"Laredo, TX",0001104659-26-020439
0001193125-26-067161:odfl-20251231.htm,"OLD DOMINION FREIGHT LINE, INC.  (ODFL)  (CIK 0000878927)",0000878927,10-K,2026-02-24,2025-12-31,"Thomasville, NC",0001193125-26-067161
0000029915-26-000004:ucc-20251231.htm,UNION CARBIDE CORP /NEW/  (CIK 0000100790),0000100790,10-K,2026-02-03,2025-12-31,"Seadrift, TX",0000029915-26-000004
0001437749-26-007002:nrc20251231_10k.htm,NATIONAL RESEARCH CORP  (NRC)  (CIK 0000070487),0000070487,10-K,2026-03-05,2025-12-31,"Lincoln, NE",0001437749-26-007002
0001104659-26-020527:tmb-20251231x10k.htm,CNH Industrial Capital LLC  (CIK 0001552493),0001552493,10-K,2026-02-26,2025-12-31,"Waterford, WI",0001104659-26-020527
0001193125-26-098668:rail-20251231.htm,"FreightCar America, Inc.  (RAIL)  (CIK 0001320854)",0001320854,10-K,2026-03-09,2025-12-31,"Chicago, IL",0001193125-26-098668
0001628280-26-012297:pcrx-20251231.htm,"Pacira BioSciences, Inc.  (PCRX)  (CIK 0001396814)",0001396814,10-K,2026-02-26,2025-12-31,"Brisbane, CA",0001628280-26-012297
0001619856-26-000008:crbu-20251231.htm,"Caribou Biosciences, Inc.  (CRBU)  (CIK 0001619856)",0001619856,10-K,2026-03-05,2025-12-31,"Berkeley, CA",0001619856-26-000008
0001819790-26-000019:tars-20251231.htm,"Tarsus Pharmaceuticals, Inc.  (TARS)  (CIK 0001819790)",0001819790,10-K,2026-02-23,2025-12-31,"Irvine, CA",0001819790-26-000019
0001628280-26-007760:sphr-20251231.htm,Sphere Entertainment Co.  (SPHR)  (CIK 0001795250),0001795250,10-K,2026-02-12,2025-12-31,"New York, NY",0001628280-26-007760
0002052568-26-000008:lgn-20251231.htm,Legence Corp.  (LGN)  (CIK 0002052568),0002052568,10-K,2026-03-30,2025-12-31,"San Jose, CA",0002052568-26-000008
0001193125-26-075069:none-20251231.htm,ExchangeRight Income Fund  (CIK 0001771514),0001771514,10-K,2026-02-26,2025-12-31,"Pasadena, CA",0001193125-26-075069
0000310158-26-000063:mrk-20251231.htm,"Merck & Co., Inc.  (MRK)  (CIK 0000310158)",0000310158,10-K,2026-02-24,2025-12-31,"Rahway, NJ",0000310158-26-000063
0000801337-26-000008:wbs-20251231.htm,"WEBSTER FINANCIAL CORP  (WBS, WBS-PF, WBS-PG)  (CIK 0000801337)",0000801337,10-K,2026-02-27,2025-12-31,"Stamford, CT",0000801337-26-000008
0000766704-26-000010:well-20251231.htm,WELLTOWER INC.  (WELL)  (CIK 0000766704),0000766704,10-K,2026-02-12,2025-12-31,"Toledo, OH",0000766704-26-000010
0001193125-26-104070:ck0002006758-20251231.htm,MidCap Apollo Institutional Private Lending  (CIK 0002006758),0002006758,10-K,2026-03-12,2025-12-31,"New York, NY",0001193125-26-104070
0001437958-26-000013:ck1437958-20251231.htm,COASTAL FINANCIAL CORP  (CCB)  (CIK 0001437958),0001437958,10-K,2026-02-27,2025-12-31,"Everett, WA",0001437958-26-000013
0001193125-26-082642:smnr-20251231.htm,"Semnur Pharmaceuticals, Inc.  (SMNR, SMNRW)  (CIK 0001913577)",0001913577,10-K,2026-02-27,2025-12-31,"Palo Alto, CA",0001193125-26-082642
0000065984-26-000174:etr-20251231.htm,"ENTERGY CORP /DE/  (ETR)  (CIK 0000065984), ENTERGY MISSISSIPPI, LLC  (CIK 0000066901), ENTERGY TEXAS, INC.  (CIK 0001427437), SYSTEM ENERGY RESOURCES, INC  (CIK 0000202584), ENTERGY LOUISIANA, LLC  (CIK 0001348952), ENTERGY ARKANSAS, LLC  (CIK 0000007323), ENTERGY NEW ORLEANS, LLC  (CIK 0000071508)","0000065984, 0000066901, 0001427437, 0000202584, 0001348952, 0000007323, 0000071508",10-K,2026-02-19,2025-12-31,"New Orleans, LA, Jackson, MS, The Woodlands, TX, Jackson, MS, Jefferson, LA, Little Rock, AR, New Orleans, LA",0000065984-26-000174
0001628280-26-013162:bgcg-20251231.htm,"BGC Group, Inc.  (BGC)  (CIK 0001094831)",0001094831,10-K,2026-03-02,2025-12-31,"New York, NY",0001628280-26-013162
0001628280-26-008800:sabr-20251231.htm,Sabre Corp  (SABR)  (CIK 0001597033),0001597033,10-K,2026-02-18,2025-12-31,"Southlake, TX",0001628280-26-008800
0001070750-26-000054:hst-20251231.htm,"HOST HOTELS & RESORTS, INC.  (HST)  (CIK 0001070750), HOST HOTELS & RESORTS L.P.  (CIK 0001061937)","0001070750, 0001061937",10-K,2026-02-25,2025-12-31,"Bethesda, MD, Bethesda, MD",0001070750-26-000054
0000877860-26-000053:nhi-20251231.htm,NATIONAL HEALTH INVESTORS INC  (NHI)  (CIK 0000877860),0000877860,10-K,2026-02-26,2025-12-31,"Murfreesboro, TN",0000877860-26-000053
0001541119-26-000008:sfbc-20251231.htm,"Sound Financial Bancorp, Inc.  (SFBC)  (CIK 0001541119)",0001541119,10-K,2026-03-18,2025-12-31,"Seattle, WA",0001541119-26-000008
0000917520-26-000011:iart-20251231.htm,INTEGRA LIFESCIENCES HOLDINGS CORP  (IART)  (CIK 0000917520),0000917520,10-K,2026-02-26,2025-12-31,"Princeton, NJ",0000917520-26-000011
0001628280-26-011961:eose-20251231.htm,"Eos Energy Enterprises, Inc.  (EOSE)  (CIK 0001805077)",0001805077,10-K,2026-02-26,2025-12-31,"Edison, NJ",0001628280-26-011961
0001628280-26-044354:mdt-20260424.htm,Medtronic plc  (MDT)  (CIK 0001613103),0001613103,10-K,2026-06-18,2026-04-24,Galway,0001628280-26-044354
0001496099-26-000008:nmfc-20251231.htm,"New Mountain Finance Corp  (NMFC, NMFCZ)  (CIK 0001496099)",0001496099,10-K,2026-02-24,2025-12-31,"New York, NY",0001496099-26-000008
0001020569-26-000013:irm-20251231.htm,IRON MOUNTAIN INC  (IRM)  (CIK 0001020569),0001020569,10-K,2026-02-12,2025-12-31,"Portsmouth, NH",0001020569-26-000013
0001193125-26-128371:ansc-20251231.htm,"Agriculture & Natural Solutions Acquisition Corp  (ANSC, ANSCU, ANSCW)  (CIK 0001854149)",0001854149,10-K,2026-03-27,2025-12-31,"New York, NY",0001193125-26-128371
0001213900-26-041888:ea0282720-10k_t3defense.htm,"T3 Defense Inc.  (DFNS, DFNSW)  (CIK 0001787518)",0001787518,10-K,2026-04-09,2025-12-31,"New York, NY",0001213900-26-041888
0001500217-26-000008:aat-20251231.htm,"American Assets Trust, Inc.  (AAT)  (CIK 0001500217), American Assets Trust, L.P.  (CIK 0001509570)","0001500217, 0001509570",10-K,2026-02-06,2025-12-31,"San Diego, CA, San Diego, CA",0001500217-26-000008
0000018926-26-000014:lumn-20251231.htm,"Lumen Technologies, Inc.  (LUMN)  (CIK 0000018926)",0000018926,10-K,2026-02-20,2025-12-31,"Monroe, LA",0000018926-26-000014
0001193125-26-083899:brka-20251231.htm,"BERKSHIRE HATHAWAY INC  (BRK-A, BRK-B)  (CIK 0001067983)",0001067983,10-K,2026-03-02,2025-12-31,"Omaha, NE",0001193125-26-083899
0001780312-26-000006:asts-20251231.htm,"AST SpaceMobile, Inc.  (ASTS)  (CIK 0001780312)",0001780312,10-K,2026-03-02,2025-12-31,"Midland, TX",0001780312-26-000006
0001730984-26-000016:bcml-20251231x10k.htm,BayCom Corp  (BCML)  (CIK 0001730984),0001730984,10-K,2026-03-16,2025-12-31,"Walnut Creek, CA",0001730984-26-000016
0001299709-26-000060:ax-20260630.htm,"Axos Financial, Inc.  (AX)  (CIK 0001299709)",0001299709,10-K,2026-08-20,2026-06-30,"Las Vegas, NV",0001299709-26-000060
0001193125-26-076552:revb-20251231.htm,"REVELATION BIOSCIENCES, INC.  (REVB, REVBW)  (CIK 0001810560)",0001810560,10-K,2026-02-26,2025-12-31,"San Diego, CA",0001193125-26-076552
0001640334-26-000651:solarmax_10k.htm,"SolarMax Technology, Inc.  (SMXT)  (CIK 0001519472)",0001519472,10-K,2026-04-06,2025-12-31,"Riverside, CA",0001640334-26-000651
0001990354-26-000011:way-20251231.htm,Waystar Holding Corp.  (WAY)  (CIK 0001990354),0001990354,10-K,2026-02-17,2025-12-31,"Lehi, UT",0001990354-26-000011
0001628280-26-008722:els-20251231.htm,EQUITY LIFESTYLE PROPERTIES INC  (ELS)  (CIK 0000895417),0000895417,10-K,2026-02-18,2025-12-31,"Chicago, IL",0001628280-26-008722
0001792789-26-000013:dash-20251231.htm,"DoorDash, Inc.  (DASH)  (CIK 0001792789)",0001792789,10-K,2026-02-18,2025-12-31,"San Francisco, CA",0001792789-26-000013
0001193125-26-057329:rare-20251231.htm,Ultragenyx Pharmaceutical Inc.  (RARE)  (CIK 0001515673),0001515673,10-K,2026-02-18,2025-12-31,"Novato, CA",0001193125-26-057329
0001193125-26-128890:na-20251231.htm,Stepstone Private Credit Fund LLC  (CIK 0001950803),0001950803,10-K,2026-03-27,2025-12-31,"New York, NY",0001193125-26-128890
0001311370-26-000008:laz-20251231.htm,"Lazard, Inc.  (LAZ)  (CIK 0001311370)",0001311370,10-K,2026-02-23,2025-12-31,"New York, NY",0001311370-26-000008
0001193125-26-067448:ccc-20251231.htm,CCC Intelligent Solutions Holdings Inc.  (CCC)  (CIK 0001818201),0001818201,10-K,2026-02-24,2025-12-31,"Chicago, IL",0001193125-26-067448
0001104659-26-037084:adac-20251231x10k.htm,"American Drive Acquisition Co  (ADAC, ADACU, ADACW)  (CIK 0002083002)",0002083002,10-K,2026-03-31,2025-12-31,"Washington, D.c., DC",0001104659-26-037084
0001193125-26-044725:ari-20251231.htm,"Apollo Commercial Real Estate Finance, Inc.  (ARI)  (CIK 0001467760)",0001467760,10-K,2026-02-10,2025-12-31,"New York, NY",0001193125-26-044725
0001104659-26-032415:mist-20251231x10k.htm,Milestone Pharmaceuticals Inc.  (MIST)  (CIK 0001408443),0001408443,10-K,2026-03-20,2025-12-31,"Montreal, A8",0001104659-26-032415
0001193125-26-130528:d116344d10k.htm,American Exceptionalism Acquisition Corp. A  (AEXA)  (CIK 0002079173),0002079173,10-K,2026-03-30,2025-12-31,"Menlo Park, CA",0001193125-26-130528
0001193125-26-104214:kodk-20251231.htm,EASTMAN KODAK CO  (KODK)  (CIK 0000031235),0000031235,10-K,2026-03-12,2025-12-31,"Rochester, NY",0001193125-26-104214
0000912593-26-000086:sui-20251231.htm,SUN COMMUNITIES INC  (SUI)  (CIK 0000912593),0000912593,10-K,2026-02-25,2025-12-31,"Southfield, MI",0000912593-26-000086
0000899689-26-000009:vno-20251231.htm,"VORNADO REALTY TRUST  (VNO, VNORP, VNO-PL, VNO-PM, VNO-PN, VNO-PO)  (CIK 0000899689), VORNADO REALTY LP  (CIK 0001040765)","0000899689, 0001040765",10-K,2026-02-09,2025-12-31,"New York, NY, Paramus, NJ",0000899689-26-000009
0001809519-26-000031:gdrx-20251231.htm,"GoodRx Holdings, Inc.  (GDRX)  (CIK 0001809519)",0001809519,10-K,2026-02-26,2025-12-31,"Santa Monica, CA",0001809519-26-000031
0000072903-26-000009:xel-20251231.htm,"XCEL ENERGY INC  (XEL, XELLL)  (CIK 0000072903)",0000072903,10-K,2026-02-25,2025-12-31,"Minneapolis, MN",0000072903-26-000009
0001193125-26-104114:coso-20251231.htm,"CoastalSouth Bancshares, Inc.  (COSO)  (CIK 0001297107)",0001297107,10-K,2026-03-12,2025-12-31,"Atlanta, GA",0001193125-26-104114
0001213900-26-036629:ea0283146-10k_ostherap.htm,OS Therapies Inc  (OSTX)  (CIK 0001795091),0001795091,10-K,2026-03-31,2025-12-31,"Rockville, MD",0001213900-26-036629
0001193125-26-131907:lmri_10k_2025.htm,"Lumexa Imaging Holdings, Inc.  (LMRI)  (CIK 0002071288)",0002071288,10-K,2026-03-30,2025-12-31,"Raleigh, NC",0001193125-26-131907
0001482541-26-000019:bncww-20260430.htm,"CEA Industries Inc.  (BNC, BNCWW, BNCWZ)  (CIK 0001482541)",0001482541,10-K,2026-06-23,2026-04-30,"Louisville, CO",0001482541-26-000019
0001104659-26-022322:riot-20251231x10k.htm,"Riot Platforms, Inc.  (RIOT)  (CIK 0001167419)",0001167419,10-K,2026-03-02,2025-12-31,"Castle Rock, CO",0001104659-26-022322
0001193125-26-076650:xene-20251231.htm,Xenon Pharmaceuticals Inc.  (XENE)  (CIK 0001582313),0001582313,10-K,2026-02-26,2025-12-31,Burnaby,0001193125-26-076650
0001104659-26-036353:tmb-20251231x10k.htm,"Aldabra 4 Liquidity Opportunity Vehicle, Inc.  (ALOV, ALOVU, ALOVW)  (CIK 0002083989)",0002083989,10-K,2026-03-30,2025-12-31,"Miami, FL",0001104659-26-036353
0001574197-26-000005:fph-20251231.htm,"Five Point Holdings, LLC  (FPH)  (CIK 0001574197)",0001574197,10-K,2026-03-06,2025-12-31,"Irvine, CA",0001574197-26-000005
0001628280-26-008432:ups-20251231.htm,UNITED PARCEL SERVICE INC  (UPS)  (CIK 0001090727),0001090727,10-K,2026-02-17,2025-12-31,"Atlanta, GA",0001628280-26-008432
0001493152-26-013475:form10-k.htm,"Scienture Holdings, Inc.  (SCNX)  (CIK 0001382574)",0001382574,10-K,2026-03-30,2025-12-31,"Commack, NY",0001493152-26-013475
0001277902-26-000030:mvbf-20251231.htm,MVB FINANCIAL CORP  (MVBF)  (CIK 0001277902),0001277902,10-K,2026-03-12,2025-12-31,"Fairmont, WV",0001277902-26-000030
0002035989-26-000017:holcim-20251231.htm,Amrize Ltd  (AMRZ)  (CIK 0002035989),0002035989,10-K,2026-02-18,2025-12-31,Zug,0002035989-26-000017
0001576427-26-000014:crto-20251231.htm,Criteo S.A.  (CRTO)  (CIK 0001576427),0001576427,10-K,2026-02-26,2025-12-31,"Paris, I0",0001576427-26-000014
0001555280-26-000011:zts-20251231.htm,Zoetis Inc.  (ZTS)  (CIK 0001555280),0001555280,10-K,2026-02-12,2025-12-31,"Parsippany, NJ",0001555280-26-000011
0001704711-26-000020:fnko-20251231.htm,"Funko, Inc.  (FNKO)  (CIK 0001704711)",0001704711,10-K,2026-03-12,2025-12-31,"Everett, WA",0001704711-26-000020
0001299130-26-000034:pacb-20251231.htm,"PACIFIC BIOSCIENCES OF CALIFORNIA, INC.  (PACB)  (CIK 0001299130)",0001299130,10-K,2026-02-25,2025-12-31,"Menlo Park, CA",0001299130-26-000034
0001672013-26-000057:golf-20251231.htm,Acushnet Holdings Corp.  (GOLF)  (CIK 0001672013),0001672013,10-K,2026-02-27,2025-12-31,"Fairhaven, MA",0001672013-26-000057
0001193125-26-059331:prdo-20251231.htm,PERDOCEO EDUCATION Corp  (PRDO)  (CIK 0001046568),0001046568,10-K,2026-02-19,2025-12-31,"Schaumburg, IL",0001193125-26-059331
0000313616-26-000062:dhr-20251231.htm,DANAHER CORP /DE/  (DHR)  (CIK 0000313616),0000313616,10-K,2026-02-24,2025-12-31,"Washington, DC",0000313616-26-000062
0001670076-26-000020:fron-20251231.htm,"Frontier Group Holdings, Inc.  (ULCC)  (CIK 0001670076)",0001670076,10-K,2026-02-18,2025-12-31,"Denver, CO",0001670076-26-000020
0001084048-26-000005:zd-20251231.htm,"ZIFF DAVIS, INC.  (ZD)  (CIK 0001084048)",0001084048,10-K,2026-02-24,2025-12-31,"New York, NY",0001084048-26-000005
0000109380-26-000046:zions-20251231.htm,"ZIONS BANCORPORATION, NATIONAL ASSOCIATION /UT/  (ZION, ZIONP)  (CIK 0000109380)",0000109380,10-K,2026-02-24,2025-12-31,"Salt Lake City, UT",0000109380-26-000046
0001104659-26-027092:pbfs-20251231x10k.htm,"Pioneer Bancorp, Inc./MD  (PBFS)  (CIK 0001769663)",0001769663,10-K,2026-03-12,2025-12-31,"Albany, NY",0001104659-26-027092
0001104659-26-027134:tmb-20251231x10k.htm,"Andalusian Credit Company, LLC  (CIK 0001979306)",0001979306,10-K,2026-03-12,2025-12-31,"New York, NY",0001104659-26-027134
0001193125-26-134544:d94946d10k.htm,"Infleqtion, Inc.  (INFQ, INFQ-WT)  (CIK 0002007825)",0002007825,10-K,2026-03-31,2025-12-31,"Louisville, CO",0001193125-26-134544
0001467858-26-000013:gm-20251231.htm,General Motors Co  (GM)  (CIK 0001467858),0001467858,10-K,2026-01-27,2025-12-31,"Detroit, MI",0001467858-26-000013
0001437749-26-005830:sybt20251231_10k.htm,"Stock Yards Bancorp, Inc.  (SYBT)  (CIK 0000835324)",0000835324,10-K,2026-02-26,2025-12-31,"Louisville, KY",0001437749-26-005830
0001193125-26-066820:mksi-20251231.htm,MKS INC  (MKSI)  (CIK 0001049502),0001049502,10-K,2026-02-24,2025-12-31,"Andover, MA",0001193125-26-066820
0001609550-26-000016:insp-20251231.htm,"Inspire Medical Systems, Inc.  (INSP)  (CIK 0001609550)",0001609550,10-K,2026-02-13,2025-12-31,"Golden Valley, MN",0001609550-26-000016
0001724521-26-000009:rcus-20251231.htm,"Arcus Biosciences, Inc.  (RCUS)  (CIK 0001724521)",0001724521,10-K,2026-02-25,2025-12-31,"Hayward, CA",0001724521-26-000009
0001826000-26-000030:lat-20251231.htm,"Latch, Inc.  (LTCH, LTCHW)  (CIK 0001826000)",0001826000,10-K,2026-03-31,2025-12-31,"Olivette, MO",0001826000-26-000030
0001287032-26-000269:psec-20260630.htm,"PROSPECT CAPITAL CORP  (PSEC, PSEC-PA)  (CIK 0001287032)",0001287032,10-K,2026-08-20,2026-06-30,"New York, NY",0001287032-26-000269
0001213900-26-018866:ea0277324-10k_mountain.htm,"Mountain Lake Acquisition Corp.  (MLAC, MLACR, MLACU)  (CIK 0002029492)",0002029492,10-K,2026-02-20,2025-12-31,"Incline Village, NV",0001213900-26-018866
0001193125-26-128957:ulyx-20251231.htm,"Urgent.ly Inc.  (ULY, ULYX)  (CIK 0001603652)",0001603652,10-K,2026-03-27,2025-12-31,"Ashburn, VA",0001193125-26-128957
0001193125-26-107971:ck0001893262-20251231.htm,"J.P. Morgan Real Estate Income Trust, Inc.  (CIK 0001893262)",0001893262,10-K,2026-03-16,2025-12-31,"New York, NY",0001193125-26-107971
0001176334-26-000012:mmlp-20251231.htm,MARTIN MIDSTREAM PARTNERS L.P.  (MMLP)  (CIK 0001176334),0001176334,10-K,2026-02-23,2025-12-31,"Kilgore, TX",0001176334-26-000012
0001262039-26-000007:ftnt-20251231.htm,"Fortinet, Inc.  (FTNT)  (CIK 0001262039)",0001262039,10-K,2026-02-25,2025-12-31,"Sunnyvale, CA",0001262039-26-000007
0001674168-26-000017:hgv-20251231.htm,Hilton Grand Vacations Inc.  (HGV)  (CIK 0001674168),0001674168,10-K,2026-02-26,2025-12-31,"Orlando, FL",0001674168-26-000017
0001628280-26-016394:skye-20251231.htm,"Skye Bioscience, Inc.  (SKYE)  (CIK 0001516551)",0001516551,10-K,2026-03-10,2025-12-31,"San Diego, CA",0001628280-26-016394
0001564708-26-000175:nws-20260630.htm,"NEWS CORP  (NWS, NWSA, NWSLL)  (CIK 0001564708)",0001564708,10-K,2026-08-07,2026-06-30,"New York, NY",0001564708-26-000175
0001437749-26-008631:usac20251231_10k.htm,US Alliance Corp  (CIK 0001463913),0001463913,10-K,2026-03-17,2025-12-31,"Topeka, KS",0001437749-26-008631
0001017386-26-000048:spnd_2025dec31-10k.htm,SPINDLETOP OIL & GAS CO  (SPND)  (CIK 0000867038),0000867038,10-K,2026-04-15,2025-12-31,"Dallas, TX",0001017386-26-000048
0001493152-26-012669:form10-k.htm,Gulf Coast Ultra Deep Royalty Trust  (GULTU)  (CIK 0001565146),0001565146,10-K,2026-03-25,2025-12-31,"Houston, TX",0001493152-26-012669
0000320335-26-000090:gl-20251231.htm,"GLOBE LIFE INC.  (GL, GL-PD)  (CIK 0000320335)",0000320335,10-K,2026-02-25,2025-12-31,"Mckinney, TX",0000320335-26-000090
0001123360-26-000008:gpn-20251231.htm,GLOBAL PAYMENTS INC  (GPN)  (CIK 0001123360),0001123360,10-K,2026-02-20,2025-12-31,"Atlanta, GA",0001123360-26-000008
0001849820-26-000051:kitt-20251231.htm,"Nauticus Robotics, Inc.  (KITT, KITTW)  (CIK 0001849820)",0001849820,10-K,2026-04-15,2025-12-31,"Webster, TX",0001849820-26-000051
0000831259-26-000012:fcx-20251231.htm,FREEPORT-MCMORAN INC  (FCX)  (CIK 0000831259),0000831259,10-K,2026-02-13,2025-12-31,"Phoenix, AZ",0000831259-26-000012
0001654954-26-002506:eml_10ka.htm,EASTERN CO  (EML)  (CIK 0000031107),0000031107,10-K/A,2026-03-19,2026-01-03,"Shelton, CT",0001654954-26-002506
0001835268-26-000013:cntb-20251231.htm,Connect Biopharma Holdings Ltd  (CNTB)  (CIK 0001835268),0001835268,10-K,2026-03-31,2025-12-31,"San Diego, CA",0001835268-26-000013
0001993004-26-000006:nweg-20251231.htm,"NorthWestern Energy Group, Inc.  (NWE)  (CIK 0001993004)",0001993004,10-K,2026-02-12,2025-12-31,"Sioux Falls, SD",0001993004-26-000006
0001628280-26-007822:txg-20251231.htm,"10x Genomics, Inc.  (TXG)  (CIK 0001770787)",0001770787,10-K,2026-02-13,2025-12-31,"Pleasanton, CA",0001628280-26-007822
0001193125-26-083331:bjri-20251230.htm,BJs RESTAURANTS INC  (BJRI)  (CIK 0001013488),0001013488,10-K,2026-03-02,2025-12-30,"Huntington Beach, CA",0001193125-26-083331
0001213900-26-056841:ea0290753-10k_regenerative.htm,Regenerative Medical Technology Group Inc.  (RMTG)  (CIK 0001760026),0001760026,10-K,2026-05-14,2025-12-31,"Boca Raton, FL",0001213900-26-056841
0001628280-26-014733:mram-20251231.htm,EVERSPIN TECHNOLOGIES INC.  (MRAM)  (CIK 0001438423),0001438423,10-K,2026-03-04,2025-12-31,"Chandler, AZ",0001628280-26-014733
0001712543-26-000024:f10k_equus212312025.htm,"EQUUS TOTAL RETURN, INC.  (EQS)  (CIK 0000878932)",0000878932,10-K,2026-04-17,2025-12-31,"Houston, TX",0001712543-26-000024
0001193125-26-117368:ck0001965934-20251231.htm,Overland Advantage  (CIK 0001965934),0001965934,10-K,2026-03-20,2025-12-31,"New York, NY",0001193125-26-117368
0001437749-26-006653:sgc20251231_10k.htm,"SUPERIOR GROUP OF COMPANIES, INC.  (SGC)  (CIK 0000095574)",0000095574,10-K,2026-03-03,2025-12-31,"St. Petersburg, FL",0001437749-26-006653
0001193125-26-119770:ck0001774857-20251231.htm,"Aardvark Therapeutics, Inc.  (AARD)  (CIK 0001774857)",0001774857,10-K,2026-03-23,2025-12-31,"San Diego, CA",0001193125-26-119770
0001599901-26-000031:rna-20251231.htm,"Avidity Biosciences, Inc.  (RNA)  (CIK 0001599901)",0001599901,10-K,2026-02-23,2025-12-31,"San Diego, CA",0001599901-26-000031
0001829126-26-002517:cslmacq3_10k.htm,"CSLM Digital Asset Acquisition Corp III, Ltd  (KOYN, KOYNU, KOYNW)  (CIK 0002068454)",0002068454,10-K,2026-03-19,2025-12-31,Grand Cayman,0001829126-26-002517
0001193125-26-051289:ck0001925309-20251231.htm,Sixth Street Lending Partners  (CIK 0001925309),0001925309,10-K,2026-02-13,2025-12-31,"Dallas, TX",0001193125-26-051289
0000094344-26-000007:stc-20251231.htm,STEWART INFORMATION SERVICES CORP  (STC)  (CIK 0000094344),0000094344,10-K,2026-02-27,2025-12-31,"Houston, TX",0000094344-26-000007
0001122976-26-000039:avnt-20251231.htm,AVIENT CORP  (AVNT)  (CIK 0001122976),0001122976,10-K,2026-02-17,2025-12-31,"Avon Lake, OH",0001122976-26-000039
0001104659-26-024123:alnt-20251231x10k.htm,ALLIENT INC  (ALNT)  (CIK 0000046129),0000046129,10-K,2026-03-05,2025-12-31,"Amherst, NY",0001104659-26-024123
0001437749-26-007960:ptsi20251231_10k.htm,PAMT CORP  (PAMT)  (CIK 0000798287),0000798287,10-K,2026-03-12,2025-12-31,"Tontitown, AR",0001437749-26-007960
0000868780-26-000014:dorm-20251231.htm,"Dorman Products, Inc.  (DORM)  (CIK 0000868780)",0000868780,10-K,2026-02-27,2025-12-31,"Colmar, PA",0000868780-26-000014
0001193125-26-021017:slb-20251231.htm,SLB LIMITED/NV  (SLB)  (CIK 0000087347),0000087347,10-K,2026-01-23,2025-12-31,"Houston, TX",0001193125-26-021017
0001104659-26-037922:stgc-20251231x10k.htm,"STARTENGINE CROWDFUNDING, INC.  (CIK 0001661779)",0001661779,10-K,2026-03-31,2025-12-31,"Burbank, CA",0001104659-26-037922
0001104659-26-020562:gpcr-20251231x10k.htm,Structure Therapeutics Inc.  (GPCR)  (CIK 0001888886),0001888886,10-K,2026-02-26,2025-12-31,"South San Francisco, CA",0001104659-26-020562
0001911321-26-000009:ck0001911321-20251231.htm,Kennedy Lewis Capital Co  (CIK 0001911321),0001911321,10-K,2026-03-31,2025-12-31,"New York, NY",0001911321-26-000009
0001193125-26-045617:nnn-20251231.htm,"NNN REIT, INC.  (NNN)  (CIK 0000751364)",0000751364,10-K,2026-02-11,2025-12-31,"Orlando, FL",0001193125-26-045617
0001092699-26-000012:spsc-20251231.htm,SPS COMMERCE INC  (SPSC)  (CIK 0001092699),0001092699,10-K,2026-02-19,2025-12-31,"Minneapolis, MN",0001092699-26-000012
0000708955-26-000028:ffbc-20251231.htm,FIRST FINANCIAL BANCORP /OH/  (FFBC)  (CIK 0000708955),0000708955,10-K,2026-02-19,2025-12-31,"Cincinnati, OH",0000708955-26-000028
0001104659-26-020651:rs-20251231x10k.htm,"RELIANCE, INC.  (RS)  (CIK 0000861884)",0000861884,10-K,2026-02-26,2025-12-31,"Phoenix, AZ",0001104659-26-020651
0001193125-26-126368:lbrx-20251231.htm,LB PHARMACEUTICALS INC  (LBRX)  (CIK 0001691082),0001691082,10-K,2026-03-26,2025-12-31,"New York, NY",0001193125-26-126368
0001628280-26-015661:bkv-20251231.htm,BKV Corp  (BKV)  (CIK 0001838406),0001838406,10-K,2026-03-06,2025-12-31,"Denver, CO",0001628280-26-015661
0001193125-26-124287:ck0001987221-20251231.htm,John Hancock Comvest Private Income Fund  (CIK 0001987221),0001987221,10-K,2026-03-25,2025-12-31,"West Palm Beach, FL",0001193125-26-124287
0000076282-26-000007:pkoh-20251231.htm,PARK OHIO HOLDINGS CORP  (PKOH)  (CIK 0000076282),0000076282,10-K,2026-03-05,2025-12-31,"Cleveland, OH",0000076282-26-000007
0001628280-26-017506:kg-20251231.htm,Kestrel Group Ltd  (KG)  (CIK 0002055116),0002055116,10-K,2026-03-13,2025-12-31,Pembroke,0001628280-26-017506
0001284812-26-000011:cns-20251231.htm,"COHEN & STEERS, INC.  (CNS)  (CIK 0001284812)",0001284812,10-K,2026-02-27,2025-12-31,"New York, NY",0001284812-26-000011
0001628280-26-018894:hrth-20251231.htm,HARTE HANKS INC  (HHS)  (CIK 0000045919),0000045919,10-K,2026-03-17,2025-12-31,"Chelmsford, MA",0001628280-26-018894
0001193125-26-076604:dhil-20251231.htm,DIAMOND HILL INVESTMENT GROUP INC  (DHIL)  (CIK 0000909108),0000909108,10-K,2026-02-26,2025-12-31,"Columbus, OH",0001193125-26-076604
0001193125-26-368246:geg-20260630.htm,"Great Elm Group, Inc.  (GEG, GEGGL)  (CIK 0001831096)",0001831096,10-K,2026-08-26,2026-06-30,"Palm Beach Gardens, FL",0001193125-26-368246
0001140361-26-011752:ef20060837_10-k.htm,Forian Inc.  (FORA)  (CIK 0001829280),0001829280,10-K,2026-03-27,2025-12-31,"Newtown, PA",0001140361-26-011752
0001437749-26-012377:govx20251231_10k.htm,"GeoVax Labs, Inc.  (GOVX)  (CIK 0000832489)",0000832489,10-K,2026-04-15,2025-12-31,"Smyrna, GA",0001437749-26-012377
0000821026-26-000010:ande-20251231.htm,"Andersons, Inc.  (ANDE)  (CIK 0000821026)",0000821026,10-K,2026-02-18,2025-12-31,"Maumee, OH",0000821026-26-000010
0001683168-26-006754:lantronix_i10k-063026.htm,LANTRONIX INC  (LTRX)  (CIK 0001114925),0001114925,10-K,2026-08-27,2026-06-30,"Irvine, CA",0001683168-26-006754
0001654954-26-001850:eml_10k.htm,EASTERN CO  (EML)  (CIK 0000031107),0000031107,10-K,2026-03-03,2026-01-03,"Shelton, CT",0001654954-26-001850
0001628280-26-018573:gap-20260131.htm,GAP INC  (GAP)  (CIK 0000039911),0000039911,10-K,2026-03-17,2026-01-31,"San Francisco, CA",0001628280-26-018573
0001628280-26-014392:afcg-20251231.htm,Advanced Flower Capital Inc.  (AFCG)  (CIK 0001822523),0001822523,10-K,2026-03-04,2025-12-31,"West Palm Beach, FL",0001628280-26-014392
0001742313-26-000013:mcip-20251231.htm,Monroe Capital Income Plus Corp  (CIK 0001742313),0001742313,10-K,2026-03-06,2025-12-31,"Chicago, IL",0001742313-26-000013
0001193125-26-117060:ck0001711929-20251231.htm,"Starwood Real Estate Income Trust, Inc.  (SWDR)  (CIK 0001711929)",0001711929,10-K,2026-03-20,2025-12-31,"Miami Beach, FL",0001193125-26-117060
0001213900-26-025927:ea0280158-10k_athena2.htm,"Athena Technology Acquisition Corp. II  (ATEK, ATEKU, ATEKW)  (CIK 0001882198)",0001882198,10-K,2026-03-11,2025-12-31,"New York, NY",0001213900-26-025927
0001522727-26-000015:usac-20251231.htm,"USA Compression Partners, LP  (USAC)  (CIK 0001522727)",0001522727,10-K,2026-02-17,2025-12-31,"Dallas, TX",0001522727-26-000015
0001104659-26-020249:wd-20251231x10k.htm,"Walker & Dunlop, Inc.  (WD)  (CIK 0001497770)",0001497770,10-K,2026-02-26,2025-12-31,"Bethesda, MD",0001104659-26-020249
0001193125-26-124143:eq-20251231.htm,"Equillium, Inc.  (EQ)  (CIK 0001746466)",0001746466,10-K,2026-03-25,2025-12-31,"La Jolla, CA",0001193125-26-124143
0001437749-26-008259:crvo20251231_10k.htm,CervoMed Inc.  (CRVO)  (CIK 0001053691),0001053691,10-K,2026-03-13,2025-12-31,"Boston, MA",0001437749-26-008259
0000078128-26-000050:wtrg-20251231x10k.htm,"Essential Utilities, Inc.  (WTRG)  (CIK 0000078128)",0000078128,10-K,2026-02-26,2025-12-31,"Bryn Mawr, PA",0000078128-26-000050
0001628280-26-008669:slg-20251231.htm,"SL GREEN REALTY CORP  (SLG, SLG-PI)  (CIK 0001040971)",0001040971,10-K,2026-02-17,2025-12-31,"New York, NY",0001628280-26-008669
0001734342-26-000017:amtb-20251231.htm,Amerant Bancorp Inc.  (AMTB)  (CIK 0001734342),0001734342,10-K,2026-02-27,2025-12-31,"Coral Gables, FL",0001734342-26-000017
0001913724-26-000007:agci-20251231.htm,TPG Twin Brook Capital Income Fund  (CIK 0001913724),0001913724,10-K,2026-03-16,2025-12-31,"New York, NY",0001913724-26-000007
0001829576-26-000018:care-20251231.htm,"Carter Bankshares, Inc.  (CARE)  (CIK 0001829576)",0001829576,10-K,2026-03-05,2025-12-31,"Martinsville, VA",0001829576-26-000018
0001193125-26-095711:ck0001860424-20251231.htm,Onex Direct Lending BDC Fund  (CIK 0001860424),0001860424,10-K,2026-03-06,2025-12-31,"Englewood Cliffs, NJ",0001193125-26-095711
0000022356-26-000069:cbsh-20251231.htm,COMMERCE BANCSHARES INC /MO/  (CBSH)  (CIK 0000022356),0000022356,10-K,2026-02-24,2025-12-31,"Kansas City, MO",0000022356-26-000069
0001766478-26-000002:aomr-20251231.htm,"Angel Oak Mortgage REIT, Inc.  (AOMD, AOMN, AOMR)  (CIK 0001766478)",0001766478,10-K,2026-03-03,2025-12-31,"Atlanta, GA",0001766478-26-000002
0001193125-26-048914:hcc-20251231.htm,"WARRIOR MET COAL, INC.  (HCC)  (CIK 0001691303)",0001691303,10-K,2026-02-12,2025-12-31,"Brookwood, AL",0001193125-26-048914
0001493152-26-013285:form10-k.htm,"Fusemachines Inc.  (FUSE, FUSEW)  (CIK 0002033383)",0002033383,10-K,2026-03-27,2025-12-31,"Fort Lauderdale, FL",0001493152-26-013285
0001493152-26-013446:form10-k.htm,Greenpro Capital Corp.  (GRNQ)  (CIK 0001597846),0001597846,10-K,2026-03-30,2025-12-31,"59200 Kuala Lumpur, N8",0001493152-26-013446
0001213900-26-027011:ea0279932-10k_inflection4.htm,"INFLECTION POINT ACQUISITION CORP. IV  (BACQ, BACQR, BACQU)  (CIK 0002028707)",0002028707,10-K,2026-03-12,2025-12-31,"New York, NY",0001213900-26-027011
0002013745-26-000007:clmt-20251231x10k.htm,"Calumet, Inc. /DE  (CLMT)  (CIK 0002013745)",0002013745,10-K,2026-02-27,2025-12-31,"Indianapolis, IN",0002013745-26-000007
0001437749-26-010549:vtak20251231_10k.htm,"Catheter Precision, Inc.  (VTAK)  (CIK 0001716621)",0001716621,10-K,2026-03-31,2025-12-31,"Fort Mill, SC",0001437749-26-010549
0001104659-26-013386:ar-20251231x10k.htm,ANTERO RESOURCES Corp  (AR)  (CIK 0001433270),0001433270,10-K,2026-02-11,2025-12-31,"Denver, CO",0001104659-26-013386
0001628280-26-016491:adc-20251231.htm,ADC Therapeutics SA  (ADCT)  (CIK 0001771910),0001771910,10-K,2026-03-10,2025-12-31,"Epalinges, V8",0001628280-26-016491
0001050915-26-000006:pwr-20251231.htm,"QUANTA SERVICES, INC.  (PWR)  (CIK 0001050915)",0001050915,10-K,2026-02-19,2025-12-31,"Houston, TX",0001050915-26-000006
0001628280-26-045886:repl-20260331.htm,"Replimune Group, Inc.  (REPL)  (CIK 0001737953)",0001737953,10-K,2026-06-29,2026-03-31,"Woburn, MA",0001628280-26-045886
0001628280-26-011290:slg-20251231.htm,"SL GREEN OPERATING PARTNERSHIP, L.P.  (CIK 0001492869)",0001492869,10-K,2026-02-25,2025-12-31,"New York, NY",0001628280-26-011290
0001437749-26-010359:atxi20251231_10k.htm,"AVENUE THERAPEUTICS, INC.  (ATXI)  (CIK 0001644963)",0001644963,10-K,2026-03-30,2025-12-31,"Bay Harbor Islands, FL",0001437749-26-010359
0001193125-26-103128:asth-20251231.htm,"Astrana Health, Inc.  (ASTH)  (CIK 0001083446)",0001083446,10-K,2026-03-12,2025-12-31,"Alhambra, CA",0001193125-26-103128
0001637459-26-000009:khc-20251227.htm,Kraft Heinz Co  (KHC)  (CIK 0001637459),0001637459,10-K,2026-02-12,2025-12-27,"Pittsburgh, PA",0001637459-26-000009
0001493152-26-012992:form10-k.htm,"Dermata Therapeutics, Inc.  (DRMA, DRMAW)  (CIK 0001853816)",0001853816,10-K,2026-03-26,2025-12-31,"San Diego, CA",0001493152-26-012992
0001468327-26-000020:wdq-20260131.htm,"Rent the Runway, Inc.  (RENT)  (CIK 0001468327)",0001468327,10-K,2026-04-14,2026-01-31,"Brooklyn, NY",0001468327-26-000020
0001493152-26-014302:form10-k.htm,Alset Inc.  (AEI)  (CIK 0001750106),0001750106,10-K,2026-03-31,2025-12-31,"Bethesda, MD",0001493152-26-014302
0001628280-26-016895:cvcy-20251231.htm,Community West Bancshares  (CWBC)  (CIK 0001127371),0001127371,10-K,2026-03-11,2025-12-31,"Fresno, CA",0001628280-26-016895
0001185185-26-001001:lfacu10k123125.htm,"Leapfrog Acquisition Corp  (LFAC, LFACU, LFACW)  (CIK 0002084563)",0002084563,10-K,2026-03-20,2025-12-31,"Summit, NJ",0001185185-26-001001
0001171843-26-002058:cnet20251231_10k.htm,ZW Data Action Technologies Inc.  (CNET)  (CIK 0001376321),0001376321,10-K,2026-03-31,2025-12-31,"Haidian District, Beijing",0001171843-26-002058
0001193125-26-098467:fisi-20251231.htm,"FINANCIAL INSTITUTIONS INC  (FISI, FIISO, FIISP)  (CIK 0000862831)",0000862831,10-K,2026-03-09,2025-12-31,"Warsaw, NY",0001193125-26-098467
0000886163-26-000006:lgnd-20251231.htm,"LIGAND PHARMACEUTICALS INC  (LGND, LGNDZ, LGNXZ, LGNYZ, LGNZZ)  (CIK 0000886163)",0000886163,10-K,2026-02-27,2025-12-31,"San Diego, CA",0000886163-26-000006
0001552781-26-000126:e26095_fcco-10k.htm,FIRST COMMUNITY CORP /SC/  (FCCO)  (CIK 0000932781),0000932781,10-K,2026-03-16,2025-12-31,"Lexington, SC",0001552781-26-000126
0001899883-26-000015:ftai-20251231.htm,FTAI Infrastructure Inc.  (FIP)  (CIK 0001899883),0001899883,10-K,2026-03-16,2025-12-31,"New York, NY",0001899883-26-000015
0000860748-26-000014:kmpr-20251231.htm,"KEMPER Corp  (KMPB, KMPR)  (CIK 0000860748)",0000860748,10-K,2026-02-11,2025-12-31,"Chicago, IL",0000860748-26-000014
0001193125-26-085335:bitb-20251231.htm,Bitwise Bitcoin ETF  (BITB)  (CIK 0001763415),0001763415,10-K,2026-03-02,2025-12-31,"San Francisco, CA",0001193125-26-085335
0001433642-26-000019:hlne-20260331.htm,Hamilton Lane INC  (HLNE)  (CIK 0001433642),0001433642,10-K,2026-05-21,2026-03-31,"Conshohocken, PA",0001433642-26-000019
0001193125-26-059296:trgp-20251231.htm,Targa Resources Corp.  (TRGP)  (CIK 0001389170),0001389170,10-K,2026-02-19,2025-12-31,"Houston, TX",0001193125-26-059296
0001490978-26-000010:sdgr-20251231.htm,"Schrodinger, Inc.  (SDGR)  (CIK 0001490978)",0001490978,10-K,2026-02-25,2025-12-31,"New York, NY",0001490978-26-000010
0001437749-26-021987:lvo20260331_10k.htm,"LiveOne, Inc.  (LVO)  (CIK 0001491419)",0001491419,10-K,2026-06-29,2026-03-31,"Beverly Hills, CA",0001437749-26-021987
0001316944-26-000049:fhlbsf-20251231.htm,Federal Home Loan Bank of San Francisco  (CIK 0001316944),0001316944,10-K,2026-03-05,2025-12-31,"San Francisco, CA",0001316944-26-000049
0001193125-26-076813:txo-20251231.htm,"TXO Partners, L.P.  (TXO)  (CIK 0001559432)",0001559432,10-K,2026-02-26,2025-12-31,"Fort Worth, TX",0001193125-26-076813
0001823608-26-000048:amal-20251231.htm,Amalgamated Financial Corp.  (AMAL)  (CIK 0001823608),0001823608,10-K,2026-03-05,2025-12-31,"New York, NY",0001823608-26-000048
0001104659-26-017085:wttr-20251231x10k.htm,"Select Water Solutions, Inc.  (WTTR)  (CIK 0001693256)",0001693256,10-K,2026-02-18,2025-12-31,"Gainesville, TX",0001104659-26-017085
0001437749-26-008243:fsbw20251231_10k.htm,"FS Bancorp, Inc.  (FSBW)  (CIK 0001530249)",0001530249,10-K,2026-03-13,2025-12-31,"Mountlake Terrace, WA",0001437749-26-008243
0001801368-26-000008:mp-20251231.htm,MP Materials Corp. / DE  (MP)  (CIK 0001801368),0001801368,10-K,2026-02-26,2025-12-31,"Las Vegas, NV",0001801368-26-000008
0001385613-26-000010:glre-20251231.htm,"GREENLIGHT CAPITAL RE, LTD.  (GLRE)  (CIK 0001385613)",0001385613,10-K,2026-03-09,2025-12-31,Grand Cayman,0001385613-26-000010
0001314152-26-000030:jllipt-20251231.htm,"JLL Income Property Trust, Inc.  (CIK 0001314152)",0001314152,10-K,2026-03-26,2025-12-31,"Chicago, IL",0001314152-26-000030
0001534701-26-000006:psx-20251231.htm,Phillips 66  (PSX)  (CIK 0001534701),0001534701,10-K,2026-02-20,2025-12-31,"Houston, TX",0001534701-26-000006
0001140361-26-006815:ef20059416_10-k.htm,"ADMA BIOLOGICS, INC.  (ADMA)  (CIK 0001368514)",0001368514,10-K,2026-02-25,2025-12-31,"Ramsey, NJ",0001140361-26-006815
0001213900-26-043785:ea0279149-10k_xtiaero.htm,"XTI Aerospace, Inc.  (XTIA)  (CIK 0001529113)",0001529113,10-K,2026-04-15,2025-12-31,"Addison, TX",0001213900-26-043785
0001628280-26-008662:ajg-20251231.htm,Arthur J. Gallagher & Co.  (AJG)  (CIK 0000354190),0000354190,10-K,2026-02-17,2025-12-31,"Rolling Meadows, IL",0001628280-26-008662
0000776901-26-000058:indb-20251231.htm,INDEPENDENT BANK CORP  (INDB)  (CIK 0000776901),0000776901,10-K,2026-02-27,2025-12-31,"Rockland, MA",0000776901-26-000058
0001193125-26-085490:tyra-20251231.htm,"Tyra Biosciences, Inc.  (TYRA)  (CIK 0001863127)",0001863127,10-K,2026-03-02,2025-12-31,"Carlsbad, CA",0001193125-26-085490
0001048477-26-000004:bmrn-20251231.htm,BIOMARIN PHARMACEUTICAL INC  (BMRN)  (CIK 0001048477),0001048477,10-K,2026-02-26,2025-12-31,"Novato, CA",0001048477-26-000004
0001140361-26-012036:ef20060649_10k.htm,Prairie Operating Co.  (PROP)  (CIK 0001162896),0001162896,10-K,2026-03-31,2025-12-31,"Houston, TX",0001140361-26-012036
0000728387-26-000004:catx-20251231.htm,"Perspective Therapeutics, Inc.  (CATX)  (CIK 0000728387)",0000728387,10-K,2026-03-16,2025-12-31,"Seattle, WA",0000728387-26-000004
0000060519-26-000012:lpx-20251231.htm,LOUISIANA-PACIFIC CORP  (LPX)  (CIK 0000060519),0000060519,10-K,2026-02-17,2025-12-31,"Nashville, TN",0000060519-26-000012
0001193125-26-088172:imnm-20251231.htm,Immunome Inc.  (IMNM)  (CIK 0001472012),0001472012,10-K,2026-03-03,2025-12-31,"Bothell, WA",0001193125-26-088172
0001628280-26-009228:fig-20251231.htm,"Figma, Inc.  (FIG)  (CIK 0001579878)",0001579878,10-K,2026-02-18,2025-12-31,"San Francisco, CA",0001628280-26-009228
0001439222-26-000025:agio-20251231.htm,"AGIOS PHARMACEUTICALS, INC.  (AGIO)  (CIK 0001439222)",0001439222,10-K,2026-02-12,2025-12-31,"Cambridge, MA",0001439222-26-000025
0001283699-26-000010:tmus-20251231.htm,"T-Mobile US, Inc.  (TMUS, TMUSI, TMUSL, TMUSZ)  (CIK 0001283699)",0001283699,10-K,2026-02-11,2025-12-31,"Bellevue, WA",0001283699-26-000010
0001628280-26-016050:htbk-20251231.htm,HERITAGE COMMERCE CORP  (HTBK)  (CIK 0001053352),0001053352,10-K,2026-03-09,2025-12-31,"San Jose, CA",0001628280-26-016050
0001437749-26-006926:blgo20251231_10k.htm,"BIOLARGO, INC.  (BLGO)  (CIK 0000880242)",0000880242,10-K,2026-03-04,2025-12-31,"Westminster, CA",0001437749-26-006926
0001213900-26-032486:ea0281131-10k_kinrg.htm,"KiNRG, Inc.  (CIK 0000095572)",0000095572,10-K,2026-03-23,2025-12-31,"Annapolis, MD",0001213900-26-032486
0001493152-26-008854:form10-k.htm,Atlas Lithium Corp  (ATLX)  (CIK 0001540684),0001540684,10-K,2026-03-04,2025-12-31,"Boca Raton, FL",0001493152-26-008854
0000882835-26-000009:rop-20251231.htm,ROPER TECHNOLOGIES INC  (ROP)  (CIK 0000882835),0000882835,10-K,2026-02-24,2025-12-31,"Sarasota, FL",0000882835-26-000009
0001213900-26-036431:ea0282928-10k_quest.htm,QUEST PATENT RESEARCH CORP  (QPRC)  (CIK 0000824416),0000824416,10-K,2026-03-30,2025-12-31,"Rye, NY",0001213900-26-036431
0001437749-26-006133:tgtx20251231_10k.htm,"TG THERAPEUTICS, INC.  (TGTX)  (CIK 0001001316)",0001001316,10-K,2026-02-27,2025-12-31,"New York, NY",0001437749-26-006133
0001411579-26-000016:amc-20251231x10k.htm,"AMC ENTERTAINMENT HOLDINGS, INC.  (AMC)  (CIK 0001411579)",0001411579,10-K,2026-02-23,2025-12-31,"Leawood, KS",0001411579-26-000016
0001437749-26-010435:hqi20251231_10k.htm,"HireQuest, Inc.  (HQI)  (CIK 0001140102)",0001140102,10-K,2026-03-31,2025-12-31,"Goose Creek, SC",0001437749-26-010435
0001014739-26-000008:bios-20251231.htm,"Option Care Health, Inc.  (OPCH)  (CIK 0001014739)",0001014739,10-K,2026-02-24,2025-12-31,"Bannockburn, IL",0001014739-26-000008
0001952976-26-000012:nlop-20251231.htm,Net Lease Office Properties  (NLOP)  (CIK 0001952976),0001952976,10-K,2026-02-25,2025-12-31,"New York, NY",0001952976-26-000012
0001165002-26-000020:whg-20251231.htm,WESTWOOD HOLDINGS GROUP INC  (WHG)  (CIK 0001165002),0001165002,10-K,2026-03-04,2025-12-31,"Dallas, TX",0001165002-26-000020
0001628280-26-009777:msex-20251231.htm,"MIDDLESEX WATER CO  (MSEX, MSEXP)  (CIK 0000066004)",0000066004,10-K,2026-02-19,2025-12-31,"Iselin, NJ",0001628280-26-009777
0001493152-26-021488:form10-k.htm,"Polomar Health Services, Inc.  (PMHS)  (CIK 0001265521)",0001265521,10-K,2026-05-06,2025-12-31,"Palm Harbor, FL",0001493152-26-021488
0001193125-26-104258:pstv-20251231.htm,"PLUS THERAPEUTICS, INC.  (PSTV)  (CIK 0001095981)",0001095981,10-K,2026-03-12,2025-12-31,"Austin, TX",0001193125-26-104258
0001437749-26-029613:usglobal20260630_10k.htm,U S GLOBAL INVESTORS INC  (GROW)  (CIK 0000754811),0000754811,10-K,2026-09-03,2026-06-30,"San Antonio, TX",0001437749-26-029613
0001193125-26-147594:bbgi-20251231.htm,BEASLEY BROADCAST GROUP INC  (BBGI)  (CIK 0001099160),0001099160,10-K,2026-04-08,2025-12-31,"Naples, FL",0001193125-26-147594
0001104659-26-022298:sens-20251231xex2d1.htm,"Senseonics Holdings, Inc.  (SENS)  (CIK 0001616543)",0001616543,10-K,2026-03-02,2025-12-31,"Germantown, MD",0001104659-26-022298
0001213900-26-037655:ea0284238-10k_cnhealthy.htm,"CN Healthy Food Tech Group Corp.  (UCFI, UCFIW)  (CIK 0001901203)",0001901203,10-K,2026-03-31,2025-12-31,"Toluca Lake, CA",0001213900-26-037655
0001193125-26-096526:ck0002023730-20251231.htm,"GigCapital7 Corp.  (GIG, GIGGU, GIGGW)  (CIK 0002023730)",0002023730,10-K,2026-03-06,2025-12-31,"Palo Alto, CA",0001193125-26-096526
0001109448-26-000017:ablp-20251231.htm,ALLIANCEBERNSTEIN L.P.  (CIK 0001109448),0001109448,10-K,2026-02-12,2025-12-31,"Nashville, TN",0001109448-26-000017
0001213900-26-035937:ea0282650-10k_pmgc.htm,PMGC Holdings Inc.  (ELAB)  (CIK 0001840563),0001840563,10-K,2026-03-30,2025-12-31,"Newport Beach, CA",0001213900-26-035937
0001193125-26-356919:jbss-20260625.htm,SANFILIPPO JOHN B & SON INC  (JBSS)  (CIK 0000880117),0000880117,10-K,2026-08-19,2026-06-25,"Elgin, IL",0001193125-26-356919
0001437749-26-006072:clmb20251231_10k.htm,"Climb Global Solutions, Inc.  (CLMB)  (CIK 0000945983)",0000945983,10-K,2026-02-27,2025-12-31,"Eatontown, NJ",0001437749-26-006072
0001437749-26-010508:sgrp20251231_10k.htm,"SPAR Group, Inc.  (SGRP)  (CIK 0001004989)",0001004989,10-K,2026-03-31,2025-12-31,"Charlotte, NC",0001437749-26-010508
0001193125-26-117264:d782015d10k.htm,CERES ORION L.P.  (CIK 0001227265),0001227265,10-K,2026-03-20,2025-12-31,"New York, NY",0001193125-26-117264
0001193125-26-068732:trex-20251231.htm,TREX CO INC  (TREX)  (CIK 0001069878),0001069878,10-K,2026-02-25,2025-12-31,"Winchester, VA",0001193125-26-068732
0000815556-26-000009:fast-20251231.htm,FASTENAL CO  (FAST)  (CIK 0000815556),0000815556,10-K,2026-02-05,2025-12-31,"Winona, MN",0000815556-26-000009
0001628280-26-024682:fgi-20251231.htm,"FGI Industries Ltd.  (FGI, FGIWW)  (CIK 0001864943)",0001864943,10-K,2026-04-10,2025-12-31,"East Hanover, NJ",0001628280-26-024682
0001193125-26-059001:crk-20251231.htm,COMSTOCK RESOURCES INC  (CRK)  (CIK 0000023194),0000023194,10-K,2026-02-19,2025-12-31,"Frisco, TX",0001193125-26-059001
0001628280-26-012270:asur-20251231.htm,ASURE SOFTWARE INC  (ASUR)  (CIK 0000884144),0000884144,10-K,2026-02-26,2025-12-31,"Austin, TX",0001628280-26-012270
0000088121-26-000012:seb-20251231x10k.htm,SEABOARD CORP /DE/  (SEB)  (CIK 0000088121),0000088121,10-K,2026-02-12,2025-12-31,"Shawnee Mission, KS",0000088121-26-000012
0001133311-26-000005:tzoo-20251231.htm,TRAVELZOO  (TZOO)  (CIK 0001133311),0001133311,10-K,2026-03-11,2025-12-31,"New York, NY",0001133311-26-000005
0001628280-26-021186:rmti-20251231.htm,"ROCKWELL MEDICAL, INC.  (RMTI)  (CIK 0001041024)",0001041024,10-K,2026-03-26,2025-12-31,"Wixom, MI",0001628280-26-021186
0000924805-26-000012:ex415prospectus2ndbondprog.htm,Freedom Holding Corp.  (FRHC)  (CIK 0000924805),0000924805,10-K,2026-06-01,2026-03-31,"New York, Ny, NY",0000924805-26-000012
0001493152-26-021108:form10-k.htm,"Aimei Health Technology Co., Ltd.  (AFJK, AFJKR, AFJKU)  (CIK 0001979005)",0001979005,10-K,2026-05-04,2025-12-31,"New York, NY",0001493152-26-021108
0000059527-26-000006:leco-20251231x10k.htm,LINCOLN ELECTRIC HOLDINGS INC  (LECO)  (CIK 0000059527),0000059527,10-K,2026-02-25,2025-12-31,"Cleveland, OH",0000059527-26-000006
0000821130-26-000012:ad-20251231.htm,"ARRAY DIGITAL INFRASTRUCTURE, INC.  (AD, UZD, UZE, UZF)  (CIK 0000821130)",0000821130,10-K,2026-02-20,2025-12-31,"Chicago, IL",0000821130-26-000012
0001402829-26-000011:orn-20251231x10k.htm,Orion Group Holdings Inc  (ORN)  (CIK 0001402829),0001402829,10-K,2026-03-04,2025-12-31,"Houston, TX",0001402829-26-000011
0001433195-26-000011:appf-20251231.htm,APPFOLIO INC  (APPF)  (CIK 0001433195),0001433195,10-K,2026-02-05,2025-12-31,"Santa Barbara, CA",0001433195-26-000011
0001628280-26-007697:cpt-20251231.htm,CAMDEN PROPERTY TRUST  (CPT)  (CIK 0000906345),0000906345,10-K,2026-02-12,2025-12-31,"Houston, TX",0001628280-26-007697
0001213900-26-032420:ea0274966-10k_nmpacq.htm,"NMP Acquisition Corp.  (NMP, NMPAR, NMPAU)  (CIK 0002054876)",0002054876,10-K,2026-03-20,2025-12-31,"Grand Cayman, E9",0001213900-26-032420
0001104659-26-033870:tm261063-1_10k.htm,VOC Energy Trust  (VOC)  (CIK 0001505413),0001505413,10-K,2026-03-24,2025-12-31,"Houston, TX",0001104659-26-033870
0001104659-26-033879:tm261062-1_10k.htm,MV Oil Trust  (MVO)  (CIK 0001371782),0001371782,10-K,2026-03-24,2025-12-31,"Houston, TX",0001104659-26-033879
0000844059-26-000037:frph-20251231.htm,"FRP HOLDINGS, INC.  (FRPH)  (CIK 0000844059)",0000844059,10-K,2026-04-15,2025-12-31,"Jacksonville, FL",0000844059-26-000037
0001193125-26-066957:ever-20251231.htm,"EverQuote, Inc.  (EVER)  (CIK 0001640428)",0001640428,10-K,2026-02-24,2025-12-31,"Cambridge, MA",0001193125-26-066957
0000084748-26-000007:rog-20251231.htm,ROGERS CORP  (ROG)  (CIK 0000084748),0000084748,10-K,2026-02-19,2025-12-31,"Chandler, AZ",0000084748-26-000007
0001096906-26-000571:equus_10ka.htm,"EQUUS TOTAL RETURN, INC.  (EQS)  (CIK 0000878932)",0000878932,10-K/A,2026-04-20,2025-12-31,"Houston, TX",0001096906-26-000571
0000866273-26-000057:mtrx-20260630.htm,MATRIX SERVICE CO  (MTRX)  (CIK 0000866273),0000866273,10-K,2026-09-03,2026-06-30,"Tulsa, OK",0000866273-26-000057
0001680873-26-000015:hffg-20251231.htm,HF Foods Group Inc.  (HFFG)  (CIK 0001680873),0001680873,10-K,2026-03-16,2025-12-31,"Las Vegas, NV",0001680873-26-000015
0000804269-26-000008:acf-20251231.htm,"General Motors Financial Company, Inc.  (CIK 0000804269)",0000804269,10-K,2026-01-27,2025-12-31,"Fort Worth, TX",0000804269-26-000008
0001213900-26-037400:ea0280124-10k_futurecrest.htm,"FutureCrest Acquisition Corp.  (FCRS, FCRS-UN, FCRS-WT)  (CIK 0002074697)",0002074697,10-K,2026-03-31,2025-12-31,"New York, NY",0001213900-26-037400
0001048286-26-000007:mar-20251231.htm,MARRIOTT INTERNATIONAL INC /MD/  (MAR)  (CIK 0001048286),0001048286,10-K,2026-02-10,2025-12-31,"Bethesda, MD",0001048286-26-000007
0000763744-26-000011:lcii-20251231.htm,LCI INDUSTRIES  (LCII)  (CIK 0000763744),0000763744,10-K,2026-02-26,2025-12-31,"Elkhart, IN",0000763744-26-000011
0001065280-26-000034:nflx-20251231.htm,NETFLIX INC  (NFLX)  (CIK 0001065280),0001065280,10-K,2026-01-23,2025-12-31,"Los Gatos, CA",0001065280-26-000034
0001213900-26-049399:ea0287168-10k_nutriband.htm,"NutriBand Inc.  (NTRB, NTRBW)  (CIK 0001676047)",0001676047,10-K,2026-04-29,2026-01-31,"Orlando, FL",0001213900-26-049399
0001591956-26-000004:any-20251231.htm,Sphere 3D Corp.  (ANY)  (CIK 0001591956),0001591956,10-K,2026-03-27,2025-12-31,"Stamford, CT",0001591956-26-000004
0001104659-26-015713:kd-20250331x10ka.htm,"Kyndryl Holdings, Inc.  (KD)  (CIK 0001867072)",0001867072,10-K/A,2026-02-17,2025-03-31,"New York, NY",0001104659-26-015713
0001213900-26-034333:ea0283163-10k_k2capital.htm,"K2 Capital Acquisition Corp  (KTWO, KTWOR, KTWOU)  (CIK 0002086524)",0002086524,10-K,2026-03-26,2025-12-31,Vancouver,0001213900-26-034333
0001193125-26-132670:ck0001971381-20251231.htm,Apollo Infrastructure Co LLC  (CIK 0001971381),0001971381,10-K,2026-03-31,2025-12-31,"New York, NY",0001193125-26-132670
0001193125-26-126988:ck0002000597-20251231.htm,Apollo Asset Backed Credit Co LLC  (CIK 0002000597),0002000597,10-K,2026-03-27,2025-12-31,"New York, NY",0001193125-26-126988
0001193125-26-048664:tslx-20251231.htm,"Sixth Street Specialty Lending, Inc.  (TSLX)  (CIK 0001508655)",0001508655,10-K,2026-02-12,2025-12-31,"Dallas, TX",0001193125-26-048664
0001474903-26-000030:bgsf-20251228.htm,"BGSF, INC.  (BGSF)  (CIK 0001474903)",0001474903,10-K,2026-03-30,2025-12-28,"Dallas, TX",0001474903-26-000030
0001829126-26-002944:copleyacq_10k.htm,"Copley Acquisition Corp  (COPL, COPL-UN, COPL-WT)  (CIK 0002045473)",0002045473,10-K,2026-03-31,2025-12-31,"George Town, E9",0001829126-26-002944
0001193125-26-104439:ck0001916099-20251231.htm,Diameter Credit Co  (CIK 0001916099),0001916099,10-K,2026-03-12,2025-12-31,"New York, NY",0001193125-26-104439
0000035527-26-000124:fitb-20251231.htm,"FIFTH THIRD BANCORP  (FITB, FITBI, FITBM, FITBO, FITBP)  (CIK 0000035527)",0000035527,10-K,2026-02-24,2025-12-31,"Cincinnati, OH",0000035527-26-000124
0001193125-26-063120:d-20251231.htm,"DOMINION ENERGY, INC  (D)  (CIK 0000715957), VIRGINIA ELECTRIC & POWER CO  (CIK 0000103682)","0000715957, 0000103682",10-K,2026-02-23,2025-12-31,"Richmond, VA, Richmond, VA",0001193125-26-063120
0001193125-26-119504:ck0001899996-20251231.htm,Fidelity Private Credit Co LLC  (CIK 0001899996),0001899996,10-K,2026-03-23,2025-12-31,"Boston, MA",0001193125-26-119504
0001901164-26-000008:oha-20251231.htm,T. Rowe Price OHA Select Private Credit Fund  (CIK 0001901164),0001901164,10-K,2026-03-12,2025-12-31,"New York, NY",0001901164-26-000008
0001193125-26-132874:ck0002074450-20251231.htm,"Apollo IG Core Replacement, L.P.  (CIK 0002074450)",0002074450,10-K,2026-03-31,2025-12-31,"New York, NY",0001193125-26-132874
0001193125-26-132014:snse-20251231.htm,"Sensei Biotherapeutics, Inc.  (SNSE)  (CIK 0001829802)",0001829802,10-K,2026-03-30,2025-12-31,"Rockville, MD",0001193125-26-132014
0001493152-26-013601:form10-k.htm,"Nakamoto Inc.  (NAKA, NAKAW)  (CIK 0001946573)",0001946573,10-K,2026-03-30,2025-12-31,"Salt Lake City, UT",0001493152-26-013601
0002051820-26-000039:logan-20251231.htm,"Mount Logan Capital Inc.  (MLCI, MLCIL)  (CIK 0002051820)",0002051820,10-K,2026-03-19,2025-12-31,"New York, NY",0002051820-26-000039
0001095073-26-000006:eg-20251231.htm,"EVEREST GROUP, LTD.  (EG)  (CIK 0001095073)",0001095073,10-K,2026-02-26,2025-12-31,"Hamilton, D0",0001095073-26-000006
0001528287-26-000011:npce-20251231.htm,NeuroPace Inc  (NPCE)  (CIK 0001528287),0001528287,10-K,2026-03-03,2025-12-31,"Mountain View, CA",0001528287-26-000011
0001563922-26-000006:cik0001563922-20251231.htm,Greenbacker Renewable Energy Co LLC  (CIK 0001563922),0001563922,10-K,2026-03-09,2025-12-31,"New York, NY",0001563922-26-000006
0001193125-26-071775:rxst-20251231.htm,"RxSight, Inc.  (RXST)  (CIK 0001111485)",0001111485,10-K,2026-02-25,2025-12-31,"Aliso Viejo, CA",0001193125-26-071775
0001099219-26-000013:met-20251231.htm,"METLIFE INC  (MET, MET-PA, MET-PE, MET-PF)  (CIK 0001099219)",0001099219,10-K,2026-02-19,2025-12-31,"New York, NY",0001099219-26-000013
0001832511-26-000011:piii-20251231.htm,"P3 Health Partners Inc.  (PIII, PIIIW)  (CIK 0001832511)",0001832511,10-K,2026-03-26,2025-12-31,"Chicago, IL",0001832511-26-000011
0001628280-26-013196:unit-20251231.htm,Uniti Group Inc.  (UNIT)  (CIK 0002020795),0002020795,10-K,2026-03-02,2025-12-31,"Little Rock, AR",0001628280-26-013196
0000921638-26-000035:ssrm-20251231.htm,"SSR MINING INC.  (SSRM, SSRGF)  (CIK 0000921638)",0000921638,10-K,2026-02-17,2025-12-31,"Denver, CO",0000921638-26-000035
0001085392-26-000008:psd-20251231.htm,"PUGET ENERGY INC /WA  (CIK 0001085392), PUGET SOUND ENERGY INC  (CIK 0000081100)","0001085392, 0000081100",10-K,2026-02-19,2025-12-31,"Bellevue, WA, Bellevue, WA",0001085392-26-000008
0001193125-26-125072:mplt-20251231.htm,"MapLight Therapeutics, Inc.  (MPLT)  (CIK 0001770069)",0001770069,10-K,2026-03-26,2025-12-31,"Redwood City, CA",0001193125-26-125072
0001714899-26-000021:dnli-20251231.htm,Denali Therapeutics Inc.  (DNLI)  (CIK 0001714899),0001714899,10-K,2026-02-26,2025-12-31,"South San Francisco, CA",0001714899-26-000021
0001840856-26-000006:soun-20251231.htm,"SOUNDHOUND AI, INC.  (SOUN, SOUNW)  (CIK 0001840856)",0001840856,10-K,2026-03-02,2025-12-31,"Claymont, DE",0001840856-26-000006
0001755672-26-000004:ctva-20251231.htm,"Corteva, Inc.  (CTVA)  (CIK 0001755672), EIDP, Inc.  (CIK 0000030554)","0001755672, 0000030554",10-K,2026-02-12,2025-12-31,"Indianapolis, IN, Indianapolis, IN",0001755672-26-000004
0000007789-26-000071:asb-20251231.htm,"ASSOCIATED BANC-CORP  (ASB, ASBA, ASB-PE, ASB-PF)  (CIK 0000007789)",0000007789,10-K,2026-02-12,2025-12-31,"Green Bay, WI",0000007789-26-000071
0001104659-26-023804:lqda-20251231x10k.htm,Liquidia Corp  (LQDA)  (CIK 0001819576),0001819576,10-K,2026-03-05,2025-12-31,"Morrisville, NC",0001104659-26-023804
0001193125-26-099362:cgem-20251231.htm,"Cullinan Therapeutics, Inc.  (CGEM)  (CIK 0001789972)",0001789972,10-K,2026-03-10,2025-12-31,"Cambridge, MA",0001193125-26-099362
0001104659-26-021548:cwh-20251231x10k.htm,"Camping World Holdings, Inc.  (CWH)  (CIK 0001669779)",0001669779,10-K,2026-02-27,2025-12-31,"Lincolnshire, IL",0001104659-26-021548
0001628280-26-012996:sionna-20251231.htm,"Sionna Therapeutics, Inc.  (SION)  (CIK 0002036042)",0002036042,10-K,2026-03-02,2025-12-31,"Waltham, MA",0001628280-26-012996
0001628280-26-012272:cstl-20251231.htm,CASTLE BIOSCIENCES INC  (CSTL)  (CIK 0001447362),0001447362,10-K,2026-02-26,2025-12-31,"Friendswood, TX",0001628280-26-012272
0001379785-26-000009:bbdc-20251231.htm,"Barings BDC, Inc.  (BBDC)  (CIK 0001379785)",0001379785,10-K,2026-02-19,2025-12-31,"Charlotte, NC",0001379785-26-000009
0001193125-26-098059:ck0001118004-20251231.htm,BANCPLUS CORP  (CIK 0001118004),0001118004,10-K,2026-03-09,2025-12-31,"Ridgeland, MS",0001193125-26-098059
0001023024-26-000014:anip-20251231.htm,ANI PHARMACEUTICALS INC  (ANIP)  (CIK 0001023024),0001023024,10-K,2026-02-27,2025-12-31,"Baudette, MN",0001023024-26-000014
0001628280-26-010013:cboe-20251231.htm,"Cboe Global Markets, Inc.  (CBOE)  (CIK 0001374310)",0001374310,10-K,2026-02-20,2025-12-31,"Chicago, IL",0001628280-26-010013
0001628280-26-022029:sgmo-20251231.htm,"SANGAMO THERAPEUTICS, INC  (SGMO)  (CIK 0001001233)",0001001233,10-K,2026-03-30,2025-12-31,"Richmond, CA",0001628280-26-022029
0002031283-26-000005:spcif-20251231.htm,Stone Point Credit Income Fund  (CIK 0002031283),0002031283,10-K,2026-03-19,2025-12-31,"Greenwich, CT",0002031283-26-000005
0001331520-26-000051:homb-20251231.htm,HOME BANCSHARES INC  (HOMB)  (CIK 0001331520),0001331520,10-K,2026-02-27,2025-12-31,"Conway, AR",0001331520-26-000051
0001699350-26-000011:si-20251231.htm,"SHOULDER INNOVATIONS, INC.  (SI)  (CIK 0001699350)",0001699350,10-K,2026-03-10,2025-12-31,"Grand Rapids, MI",0001699350-26-000011
0001810019-26-000015:rxt-20251231.htm,"Rackspace Technology, Inc.  (RXT)  (CIK 0001810019)",0001810019,10-K,2026-03-06,2025-12-31,"San Antonio, TX",0001810019-26-000015
0001193125-26-115988:ck0001993402-20251231.htm,Antares Strategic Credit Fund  (CIK 0001993402),0001993402,10-K,2026-03-19,2025-12-31,"Chicago, IL",0001193125-26-115988
0001859919-26-000022:bdc-20251231.htm,Barings Private Credit Corp  (CIK 0001859919),0001859919,10-K,2026-02-19,2025-12-31,"Charlotte, NC",0001859919-26-000022
0001140361-26-012276:ef20060634_10k.htm,Star Mountain Lower Middle-Market Capital Corp  (CIK 0001786835),0001786835,10-K,2026-03-31,2025-12-31,"New York, NY",0001140361-26-012276
0001628280-26-019903:ebdc-20251231.htm,KKR Enhanced US Direct Lending Fund-L Inc.  (CIK 0002012839),0002012839,10-K,2026-03-20,2025-12-31,"San Francisco, CA",0001628280-26-019903
0001711799-26-000015:nuveen-20251231.htm,"Nuveen Global Cities REIT, Inc.  (CIK 0001711799)",0001711799,10-K,2026-03-20,2025-12-31,"New York, NY",0001711799-26-000015
0001628280-26-018214:dcgo-20251231.htm,DocGo Inc.  (DCGO)  (CIK 0001822359),0001822359,10-K,2026-03-16,2025-12-31,"New York, NY",0001628280-26-018214
0001193125-26-083563:dbc-20251231.htm,Invesco DB Commodity Index Tracking Fund  (DBC)  (CIK 0001328237),0001328237,10-K,2026-03-02,2025-12-31,"Downers Grove, IL",0001193125-26-083563
0001747079-26-000019:baly-20251231.htm,Bally's Corp  (BALY)  (CIK 0001747079),0001747079,10-K,2026-03-23,2025-12-31,"Providence, RI",0001747079-26-000019
0001213900-26-037888:ea0283286-10k_forum.htm,FORUM MARKETS Inc  (FRMM)  (CIK 0001690080),0001690080,10-K,2026-04-01,2025-12-31,"Palm Beach, FL",0001213900-26-037888
0001012100-26-000016:see-20251231.htm,SEALED AIR CORP/DE  (SEE)  (CIK 0001012100),0001012100,10-K,2026-03-02,2025-12-31,"Charlotte, NC",0001012100-26-000016
0001104659-26-024827:evgo-20251231x10k.htm,"EVgo Inc.  (EVGO, EVGOW)  (CIK 0001821159)",0001821159,10-K,2026-03-09,2025-12-31,"El Segundo, CA",0001104659-26-024827
0001193125-26-088147:ck0001534133-20251231.htm,"CalciMedica, Inc.  (CALC)  (CIK 0001534133)",0001534133,10-K,2026-03-03,2025-12-31,"La Jolla, CA",0001193125-26-088147
0001628280-26-021443:snwv-20251231.htm,"SANUWAVE Health, Inc.  (SNWV)  (CIK 0001417663)",0001417663,10-K,2026-03-26,2025-12-31,"Eden Prairie, MN",0001628280-26-021443
0001606498-26-000004:avns-20251231.htm,"AVANOS MEDICAL, INC.  (AVNS)  (CIK 0001606498)",0001606498,10-K,2026-02-24,2025-12-31,"Alpharetta, GA",0001606498-26-000004
0000826675-26-000017:dx-20251231.htm,"DYNEX CAPITAL INC  (DX, DX-PC)  (CIK 0000826675)",0000826675,10-K,2026-02-25,2025-12-31,"Glen Allen, VA",0000826675-26-000017
0001038074-26-000005:slab-20260103.htm,SILICON LABORATORIES INC.  (SLAB)  (CIK 0001038074),0001038074,10-K,2026-02-10,2026-01-03,"Austin, TX",0001038074-26-000005
0001193125-26-104221:ethw-20251231.htm,Bitwise Ethereum ETF  (ETHW)  (CIK 0002013744),0002013744,10-K,2026-03-12,2025-12-31,"San Francisco, CA",0001193125-26-104221
0001213900-26-029357:ea0276230-10k_estrella.htm,"Estrella Immunopharma, Inc.  (ESLA, ESLAW)  (CIK 0001844417)",0001844417,10-K,2026-03-18,2025-12-31,"Emeryville, CA",0001213900-26-029357
0001378325-26-000010:cv-20251231.htm,"CapsoVision, Inc  (CV)  (CIK 0001378325)",0001378325,10-K,2026-03-26,2025-12-31,"Saratoga, CA",0001378325-26-000010
0001193125-26-122778:maze-20251231.htm,"Maze Therapeutics, Inc.  (MAZE)  (CIK 0001842295)",0001842295,10-K,2026-03-25,2025-12-31,"South San Francisco, CA",0001193125-26-122778
0001193125-26-104436:tbch-20251231.htm,Turtle Beach Corp  (TBCH)  (CIK 0001493761),0001493761,10-K,2026-03-12,2025-12-31,"San Diego, CA",0001193125-26-104436
0001193125-26-115260:ck0001976336-20251231.htm,Antares Private Credit Fund  (CIK 0001976336),0001976336,10-K,2026-03-19,2025-12-31,"Chicago, IL",0001193125-26-115260
0001213900-26-037915:ea0283157-10k_newhold3.htm,"NewHold Investment Corp. III  (NHIC, NHICU, NHICW)  (CIK 0002043699)",0002043699,10-K,2026-04-01,2025-12-31,"New York, NY",0001213900-26-037915
0001127537-26-000015:lung-20251231.htm,Pulmonx Corp  (LUNG)  (CIK 0001127537),0001127537,10-K,2026-03-10,2025-12-31,"Redwood City, CA",0001127537-26-000015
0002001184-26-000005:pacs-20251231.htm,"PACS Group, Inc.  (PACS)  (CIK 0002001184)",0002001184,10-K,2026-02-27,2025-12-31,"Salt Lake City, UT",0002001184-26-000005
0000815097-26-000007:ccl-20251130.htm,"CARNIVAL CORP  (CCL)  (CIK 0000815097), CARNIVAL PLC  (CIK 0001125259)","0000815097, 0001125259",10-K,2026-01-27,2025-11-30,"Miami, FL, Southampton So15 1st, X0",0000815097-26-000007
0001193125-26-076747:mc-20251231.htm,Moelis & Co  (MC)  (CIK 0001596967),0001596967,10-K,2026-02-26,2025-12-31,"New York, NY",0001193125-26-076747
0001185185-26-000677:bpacu10k123125.htm,"Blueport Acquisition Ltd  (BPAC, BPACR, BPACU)  (CIK 0002064177)",0002064177,10-K,2026-02-26,2025-12-31,"New York, NY",0001185185-26-000677
0000720858-26-000011:itic-20251231.htm,INVESTORS TITLE CO  (ITIC)  (CIK 0000720858),0000720858,10-K,2026-03-16,2025-12-31,"Chapel Hill, NC",0000720858-26-000011
0001307748-26-000045:ivtp-20251231.htm,InvenTrust Properties Corp.  (IVT)  (CIK 0001307748),0001307748,10-K,2026-02-12,2025-12-31,"Downers Grove, IL",0001307748-26-000045
0001193125-26-067506:hlit-20251231.htm,HARMONIC INC.  (HLIT)  (CIK 0000851310),0000851310,10-K,2026-02-24,2025-12-31,"San Jose, CA",0001193125-26-067506
0001193125-26-076969:pjt-20251231.htm,PJT Partners Inc.  (PJT)  (CIK 0001626115),0001626115,10-K,2026-02-26,2025-12-31,"New York, NY",0001193125-26-076969
0001493152-26-013966:form10-k.htm,"TAP REAL ESTATE TECHNOLOGIES, INC.  (RWAX)  (CIK 0001119190)",0001119190,10-K,2026-03-31,2025-12-31,"New Canaan, CT",0001493152-26-013966
0001213900-26-035829:ea0281592-10k_hcm3.htm,"HCM III ACQUISITION CORP.  (HCMA, HCMAU, HCMAW)  (CIK 0002069856)",0002069856,10-K,2026-03-30,2025-12-31,"Stamford, CT",0001213900-26-035829
0001493152-26-014117:form10-k.htm,MILESTONE SCIENTIFIC INC.  (MLSS)  (CIK 0000855683),0000855683,10-K,2026-03-31,2025-12-31,"Livingston, NJ",0001493152-26-014117
0001477932-26-001878:itxp_10k.htm,"Independence Power Holdings, Inc.  (ITXP)  (CIK 0002025878)",0002025878,10-K,2026-03-31,2025-12-31,"Dallas, TX",0001477932-26-001878
0001437749-26-011236:rcmt20260103_10k.htm,"RCM TECHNOLOGIES, INC.  (RCMT)  (CIK 0000700841)",0000700841,10-K,2026-04-03,2026-01-03,"Pennsauken, NJ",0001437749-26-011236
0001397187-26-000020:lulu-20260201.htm,lululemon athletica inc.  (LULU)  (CIK 0001397187),0001397187,10-K,2026-03-17,2026-02-01,"Vancouver, A1",0001397187-26-000020
0001213900-26-032632:ea0282475-10k_newbridge.htm,"Newbridge Acquisition Ltd  (NBRG, NBRGU)  (CIK 0001918414)",0001918414,10-K,2026-03-23,2025-12-31,"Wanchai, K3",0001213900-26-032632
0000084839-26-000008:rol-20251231.htm,ROLLINS INC  (ROL)  (CIK 0000084839),0000084839,10-K,2026-02-12,2025-12-31,"Atlanta, GA",0000084839-26-000008
0001104659-26-021292:txrh-20251230x10k.htm,"Texas Roadhouse, Inc.  (TXRH)  (CIK 0001289460)",0001289460,10-K,2026-02-27,2025-12-30,"Louisville, KY",0001104659-26-021292
0001213900-26-031862:ea0273255-10k_relmada.htm,"RELMADA THERAPEUTICS, INC.  (RLMD)  (CIK 0001553643)",0001553643,10-K,2026-03-19,2025-12-31,"Coral Gables, FL",0001213900-26-031862
0001628280-26-015248:rngr-20251231.htm,"Ranger Energy Services, Inc.  (RNGR)  (CIK 0001699039)",0001699039,10-K,2026-03-05,2025-12-31,"Houston, TX",0001628280-26-015248
0001493152-26-014320:form10-k.htm,Aureus Greenway Holdings Inc  (AGH)  (CIK 0002009312),0002009312,10-K,2026-03-31,2025-12-31,"Kissimmee, FL",0001493152-26-014320
0001213900-26-028492:ea0280702-10k_procap.htm,"ProCap Acquisition Corp  (PCAP, PCAPU, PCAPW)  (CIK 0002056634)",0002056634,10-K,2026-03-17,2025-12-31,"New York, NY",0001213900-26-028492
0000104894-26-000011:elme-20251231.htm,Elme Communities  (ELME)  (CIK 0000104894),0000104894,10-K,2026-02-27,2025-12-31,"Bethesda, MD",0000104894-26-000011
0000040533-26-000006:gd-20251231.htm,GENERAL DYNAMICS CORP  (GD)  (CIK 0000040533),0000040533,10-K,2026-01-30,2025-12-31,"Reston, VA",0000040533-26-000006
0000833640-26-000037:powi-20251231x10k.htm,POWER INTEGRATIONS INC  (POWI)  (CIK 0000833640),0000833640,10-K,2026-02-06,2025-12-31,"San Jose, CA",0000833640-26-000037
0000057131-26-000019:lzb-20260425.htm,LA-Z-BOY INC  (LZB)  (CIK 0000057131),0000057131,10-K,2026-06-16,2026-04-25,"Monroe, MI",0000057131-26-000019
0001193125-26-114075:fdmt-20251231.htm,"4D Molecular Therapeutics, Inc.  (FDMT)  (CIK 0001650648)",0001650648,10-K,2026-03-18,2025-12-31,"Emeryville, CA",0001193125-26-114075
0000825313-26-000020:ab-20251231.htm,ALLIANCEBERNSTEIN HOLDING L.P.  (AB)  (CIK 0000825313),0000825313,10-K,2026-02-12,2025-12-31,"Nashville, TN",0000825313-26-000020
0001104659-26-027163:vuzi-20251231x10k.htm,Vuzix Corp  (VUZI)  (CIK 0001463972),0001463972,10-K,2026-03-12,2025-12-31,"West Henrietta, NY",0001104659-26-027163
0001437749-26-009418:nrxp20251231_10k.htm,"NRX Pharmaceuticals, Inc.  (NRXP, NRXPW)  (CIK 0001719406)",0001719406,10-K,2026-03-23,2025-12-31,"Wilmington, DE",0001437749-26-009418
0001976927-26-000018:incref-20251231.htm,"Invesco Commercial Real Estate Finance Trust, Inc.  (CIK 0001976927)",0001976927,10-K,2026-03-26,2025-12-31,"Dallas, TX",0001976927-26-000018
0000060667-26-000029:low-20260130.htm,LOWES COMPANIES INC  (LOW)  (CIK 0000060667),0000060667,10-K,2026-03-23,2026-01-30,"Mooresville, NC",0000060667-26-000029
0001193125-26-117282:d782686d10k.htm,Ceres Classic L.P.  (CIK 0001066656),0001066656,10-K,2026-03-20,2025-12-31,"New York, NY",0001193125-26-117282
0002067876-26-000010:vsnt-20251231.htm,"Versant Media Group, Inc.  (VSNT)  (CIK 0002067876)",0002067876,10-K,2026-03-03,2025-12-31,"Philadelphia, PA",0002067876-26-000010
0001493152-26-016968:form10-k.htm,"APPYEA, INC  (APYP)  (CIK 0001568969)",0001568969,10-K,2026-04-16,2025-12-31,"Gan Yavne, L3",0001493152-26-016968
0001654954-26-002725:usbc_10k.htm,"USBC, Inc.  (USBC)  (CIK 0001074828)",0001074828,10-K,2026-03-25,2025-12-31,"Reno, NV",0001654954-26-002725
0000066570-26-000005:msa-20251231.htm,"MSA Safety Inc  (MSA, MNESP)  (CIK 0000066570)",0000066570,10-K,2026-02-12,2025-12-31,"Cranberry Township, PA",0000066570-26-000005
0001437749-26-003206:byrn20251130_10k.htm,Byrna Technologies Inc.  (BYRN)  (CIK 0001354866),0001354866,10-K,2026-02-05,2025-11-30,"Andover, MA",0001437749-26-003206
0000354963-26-000125:shen-20251231.htm,SHENANDOAH TELECOMMUNICATIONS CO/VA/  (SHEN)  (CIK 0000354963),0000354963,10-K,2026-02-26,2025-12-31,"Edinburg, VA",0000354963-26-000125
0001437749-26-007557:siga20251231_10k.htm,SIGA TECHNOLOGIES INC  (SIGA)  (CIK 0001010086),0001010086,10-K,2026-03-10,2025-12-31,"New York, NY",0001437749-26-007557
0001493152-26-031136:form10-k.htm,"PetVivo Holdings, Inc.  (PETV, PETVW)  (CIK 0001512922)",0001512922,10-K,2026-06-29,2026-03-31,"Edina, MN",0001493152-26-031136
0001903596-26-000075:xpon_10k.htm,Expion360 Inc.  (XPON)  (CIK 0001894954),0001894954,10-K,2026-03-17,2025-12-31,"Redmond, OR",0001903596-26-000075
0001193125-26-071582:prsu-20251231.htm,"Pursuit Attractions & Hospitality, Inc.  (PRSU)  (CIK 0000884219)",0000884219,10-K,2026-02-25,2025-12-31,"Denver, CO",0001193125-26-071582
0000816956-26-000009:cnmd-20251231.htm,CONMED Corp  (CNMD)  (CIK 0000816956),0000816956,10-K,2026-02-17,2025-12-31,"Largo, FL",0000816956-26-000009
0001493152-26-004135:form10-k.htm,"Coda Octopus Group, Inc.  (CODA)  (CIK 0001334325)",0001334325,10-K,2026-01-29,2025-10-31,"Orlando, FL",0001493152-26-004135
0001193125-26-083572:btco-20251231.htm,Invesco Galaxy Bitcoin ETF  (BTCO)  (CIK 0001855781),0001855781,10-K,2026-03-02,2025-12-31,"New York, NY",0001193125-26-083572
0000835011-26-000031:mgpi-20251231.htm,MGP INGREDIENTS INC  (MGPI)  (CIK 0000835011),0000835011,10-K,2026-02-25,2025-12-31,"Atchison, KS",0000835011-26-000031
0001628280-26-042242:bark-20260331.htm,"Bark, Inc.  (BARK)  (CIK 0001819574)",0001819574,10-K,2026-06-10,2026-03-31,"New York, NY",0001628280-26-042242
0000068622-26-000005:lumn-20251231.htm,"QWEST CORP  (CTBB, CTDD)  (CIK 0000068622)",0000068622,10-K,2026-02-20,2025-12-31,"Monroe, LA",0000068622-26-000005
0001628280-26-024440:tlys-20260131.htm,"TILLY'S, INC.  (TLYS)  (CIK 0001524025)",0001524025,10-K,2026-04-09,2026-01-31,"Irvine, CA",0001628280-26-024440
0001213900-26-035836:ea0282571-10k_hcm4.htm,"HCM IV Acquisition Corp.  (HACQ, HACQU)  (CIK 0002089982)",0002089982,10-K,2026-03-30,2025-12-31,"Stamford, CT",0001213900-26-035836
0000876427-26-000007:mnro-20260328x10k.htm,"MONRO, INC.  (MNRO)  (CIK 0000876427)",0000876427,10-K,2026-05-27,2026-03-28,"Fairport, NY",0000876427-26-000007
0001562762-26-000020:che-20251231x10k.htm,CHEMED CORP  (CHE)  (CIK 0000019584),0000019584,10-K,2026-02-27,2025-12-31,"Cincinnati, OH",0001562762-26-000020
0001437749-26-001203:bbpp20251031_10k.htm,"Concrete Pumping Holdings, Inc.  (BBCP)  (CIK 0001703956)",0001703956,10-K,2026-01-13,2025-10-31,"Thornton, CO",0001437749-26-001203
0001493152-26-010625:form10-k.htm,"Telomir Pharmaceuticals, Inc.  (TELO)  (CIK 0001971532)",0001971532,10-K,2026-03-17,2025-12-31,"Miami, FL",0001493152-26-010625
0001628280-26-011798:grbk-20251231.htm,"Green Brick Partners, Inc.  (GRBK, GRBK-PA)  (CIK 0001373670)",0001373670,10-K,2026-02-25,2025-12-31,"Plano, TX",0001628280-26-011798
0001193125-26-082536:icfi-20251231.htm,"ICF International, Inc.  (ICFI)  (CIK 0001362004)",0001362004,10-K,2026-02-27,2025-12-31,"Reston, VA",0001193125-26-082536
0000703604-26-000008:dsgr-20251231.htm,"Distribution Solutions Group, Inc.  (DSGR)  (CIK 0000703604)",0000703604,10-K,2026-03-05,2025-12-31,"Fort Worth, TX",0000703604-26-000008
0001758021-26-000010:krt-20251231.htm,Karat Packaging Inc.  (KRT)  (CIK 0001758021),0001758021,10-K,2026-03-13,2025-12-31,"Chino, CA",0001758021-26-000010
0001587732-26-000009:ogs-20251231.htm,"ONE Gas, Inc.  (OGS)  (CIK 0001587732)",0001587732,10-K,2026-02-19,2025-12-31,"Tulsa, OK",0001587732-26-000009
0000012208-26-000010:bio-20251231.htm,"BIO-RAD LABORATORIES, INC.  (BIO, BIO-B)  (CIK 0000012208)",0000012208,10-K,2026-02-13,2025-12-31,"Hercules, CA",0000012208-26-000010
0001493152-26-016841:form10-k.htm,SKYTECH ORION GLOBAL CORP.  (CTGL)  (CIK 0001498067),0001498067,10-K,2026-04-15,2025-12-31,"Bethesda, MD",0001493152-26-016841
0001000753-26-000011:nsp-20251231.htm,"INSPERITY, INC.  (NSP)  (CIK 0001000753)",0001000753,10-K,2026-02-11,2025-12-31,"Kingwood, TX",0001000753-26-000011
0001050797-26-000028:colm-20251231.htm,COLUMBIA SPORTSWEAR CO  (COLM)  (CIK 0001050797),0001050797,10-K,2026-02-25,2025-12-31,"Portland, OR",0001050797-26-000028
0001493152-26-038339:form10-ka.htm,Atlas Lithium Corp  (ATLX)  (CIK 0001540684),0001540684,10-K/A,2026-08-14,2025-12-31,"Boca Raton, FL",0001493152-26-038339
0001326110-26-000030:ibrx-20251231.htm,"ImmunityBio, Inc.  (IBRX)  (CIK 0001326110)",0001326110,10-K,2026-02-23,2025-12-31,"San Diego, CA",0001326110-26-000030
0001628280-26-021754:bpef-20251231.htm,Brookfield Private Equity Fund LP  (CIK 0002074065),0002074065,10-K,2026-03-27,2025-12-31,"New York, NY",0001628280-26-021754
0000831001-26-000011:c-20251231.htm,"CITIGROUP INC  (C, C-PN, C-PR)  (CIK 0000831001)",0000831001,10-K,2026-02-20,2025-12-31,"New York, NY",0000831001-26-000011
0001193125-26-114266:ck0001784700-20251231.htm,Varagon Capital Corp  (CIK 0001784700),0001784700,10-K,2026-03-18,2025-12-31,"New York, NY",0001193125-26-114266
0000915913-26-000018:alb-20251231.htm,"ALBEMARLE CORP  (ALB, ALB-PA)  (CIK 0000915913)",0000915913,10-K,2026-02-11,2025-12-31,"Charlotte, NC",0000915913-26-000018
0001628280-26-012664:dk-20251231.htm,"Delek US Holdings, Inc.  (DK)  (CIK 0001694426)",0001694426,10-K,2026-02-27,2025-12-31,"Brentwood, TN",0001628280-26-012664
0001193125-26-104390:ck0001899017-20251231.htm,Bain Capital Private Credit  (CIK 0001899017),0001899017,10-K,2026-03-12,2025-12-31,"Boston, MA",0001193125-26-104390
0001628280-26-012946:banc-20251231.htm,"BANC OF CALIFORNIA, INC.  (BANC, BANC-PF)  (CIK 0001169770)",0001169770,10-K,2026-02-27,2025-12-31,"Santa Ana, CA",0001628280-26-012946
0001829126-26-002854:bitcoininfra_10k.htm,"Bitcoin Infrastructure Acquisition Corp Ltd  (BIXI, BIXIU, BIXIW)  (CIK 0002082542)",0002082542,10-K,2026-03-31,2025-12-31,"Boca Raton, FL",0001829126-26-002854
0001178879-26-000005:fold-20251231.htm,"AMICUS THERAPEUTICS, INC.  (FOLD)  (CIK 0001178879)",0001178879,10-K,2026-02-20,2025-12-31,"Princeton, NJ",0001178879-26-000005
0001723596-26-000010:clbk-20251231.htm,"Columbia Financial, Inc.  (CLBK)  (CIK 0001723596)",0001723596,10-K,2026-03-06,2025-12-31,"Fair Lawn, NJ",0001723596-26-000010
0001224608-26-000017:cno-20251231.htm,"CNO Financial Group, Inc.  (CNO, CNO-PA)  (CIK 0001224608)",0001224608,10-K,2026-02-24,2025-12-31,"Carmel, IN",0001224608-26-000017
0001193125-26-113938:btm-20251231.htm,"Bitcoin Depot Inc.  (BTM, BTMWW)  (CIK 0001901799)",0001901799,10-K,2026-03-18,2025-12-31,"Atlanta, GA",0001193125-26-113938
0001459200-26-000005:alrm-20251231.htm,"Alarm.com Holdings, Inc.  (ALRM)  (CIK 0001459200)",0001459200,10-K,2026-02-19,2025-12-31,"Tysons, VA",0001459200-26-000005
0001201792-26-000004:apei-20251231.htm,AMERICAN PUBLIC EDUCATION INC  (APEI)  (CIK 0001201792),0001201792,10-K,2026-03-12,2025-12-31,"Charles Town, WV",0001201792-26-000004
0001570585-26-000014:lbtya-20251231.htm,"Liberty Global Ltd.  (LBTYA, LBTYB, LBTYK)  (CIK 0001570585)",0001570585,10-K,2026-02-18,2025-12-31,"Hamilton, D0",0001570585-26-000014
0001628280-26-007664:ctre-20251231.htm,"CareTrust REIT, Inc.  (CTRE)  (CIK 0001590717)",0001590717,10-K,2026-02-12,2025-12-31,"Dana Point, CA",0001628280-26-007664
0001193125-26-116309:fly-20251231.htm,Firefly Aerospace Inc.  (FLY)  (CIK 0001860160),0001860160,10-K,2026-03-20,2025-12-31,"Cedar Park, TX",0001193125-26-116309
0001104659-26-024735:whf-20251231x10k.htm,"WhiteHorse Finance, Inc.  (WHF, WHFCL)  (CIK 0001552198)",0001552198,10-K,2026-03-06,2025-12-31,"Miami, FL",0001104659-26-024735
0001013871-26-000004:nrg-20251231.htm,"NRG ENERGY, INC.  (NRG)  (CIK 0001013871)",0001013871,10-K,2026-02-24,2025-12-31,"Houston, TX",0001013871-26-000004
0001193125-26-049810:enb-20251231.htm,"ENBRIDGE INC  (ENB, EBBGF, EBBNF, EBGEF, EBRGF, EBRZF, ENBFF, ENBGF, ENBHF, ENBMF, ENBNF, ENBOF, ENBRF, ENBSF)  (CIK 0000895728)",0000895728,10-K,2026-02-13,2025-12-31,"Calgary, A0",0001193125-26-049810
0001213900-26-034052:ea0275882-10k_steele.htm,Steele Creek Capital Corp  (CIK 0001817825),0001817825,10-K,2026-03-25,2025-12-31,"Charlotte, NC",0001213900-26-034052
0001404644-26-000019:ngne-20251231.htm,Neurogene Inc.  (NGNE)  (CIK 0001404644),0001404644,10-K,2026-03-24,2025-12-31,"New York, NY",0001404644-26-000019
0001665988-26-000011:bvs-20251231.htm,Bioventus Inc.  (BVS)  (CIK 0001665988),0001665988,10-K,2026-03-05,2025-12-31,"Durham, NC",0001665988-26-000011
0001628280-26-017242:allo-20251231.htm,"Allogene Therapeutics, Inc.  (ALLO)  (CIK 0001737287)",0001737287,10-K,2026-03-12,2025-12-31,"South San Francisco, CA",0001628280-26-017242
0001164727-26-000010:nem-20251231.htm,"NEWMONT Corp /DE/  (NEM, NEMCL)  (CIK 0001164727)",0001164727,10-K,2026-02-19,2025-12-31,"Denver, CO",0001164727-26-000010
0001193125-26-130395:eikn_form_10-k_2025.htm,"Eikon Therapeutics, Inc.  (EIKN)  (CIK 0001861123)",0001861123,10-K,2026-03-30,2025-12-31,"Millbrae, CA",0001193125-26-130395
0001733998-26-000012:nwn-20251231.htm,"Northwest Natural Holding Co  (NWN)  (CIK 0001733998), NORTHWEST NATURAL GAS CO  (CIK 0000073020)","0001733998, 0000073020",10-K,2026-02-27,2025-12-31,"Portland, OR, Portland, OR",0001733998-26-000012
0001193125-26-119488:ck0001920453-20251231.htm,Fidelity Private Credit Fund  (CIK 0001920453),0001920453,10-K,2026-03-23,2025-12-31,"Boston, MA",0001193125-26-119488
0001213900-26-034863:ea0282743-10k_churchill11.htm,"Churchill Capital Corp XI  (CCXI, CCXIU, CCXIW)  (CIK 0002074973)",0002074973,10-K,2026-03-26,2025-12-31,"New York, NY",0001213900-26-034863
0001445305-26-000016:wk-20251231.htm,WORKIVA INC  (WK)  (CIK 0001445305),0001445305,10-K,2026-02-19,2025-12-31,"Ames, IA",0001445305-26-000016
0001121484-26-000007:ois-20251231.htm,"OIL STATES INTERNATIONAL, INC  (OIS)  (CIK 0001121484)",0001121484,10-K,2026-03-04,2025-12-31,"Houston, TX",0001121484-26-000007
0001193125-26-284027:cnvs-20260331.htm,Cineverse Corp.  (CNVS)  (CIK 0001173204),0001173204,10-K,2026-06-26,2026-03-31,"New York, NY",0001193125-26-284027
0001193125-26-076918:janx-20251231.htm,"Janux Therapeutics, Inc.  (JANX)  (CIK 0001817713)",0001817713,10-K,2026-02-26,2025-12-31,"San Diego, CA",0001193125-26-076918
0000070858-26-000157:bac-20251231.htm,"BANK OF AMERICA CORP /DE/  (BAC, BAC-PB, BAC-PE, BAC-PK, BAC-PL, BAC-PM, BAC-PN, BAC-PO, BAC-PP, BML-PG, BML-PH, BML-PJ, BML-PL)  (CIK 0000070858)",0000070858,10-K,2026-02-25,2025-12-31,"Charlotte, NC",0000070858-26-000157
0001628280-26-006268:nsc-20251231.htm,NORFOLK SOUTHERN CORP  (NSC)  (CIK 0000702165),0000702165,10-K,2026-02-09,2025-12-31,"Atlanta, GA",0001628280-26-006268
0001628280-26-021465:pg4-20251231.htm,Principal Credit Real Estate Income Trust  (CIK 0002026448),0002026448,10-K,2026-03-26,2025-12-31,"Des Moines, IA",0001628280-26-021465
0001193125-26-115226:mreo-20251231.htm,Mereo BioPharma Group plc  (MREO)  (CIK 0001719714),0001719714,10-K,2026-03-19,2025-12-31,London,0001193125-26-115226
0001493152-26-010471:form10-k.htm,Idaho Copper Corp  (COPR)  (CIK 0001263364),0001263364,10-K,2026-03-17,2026-01-31,"Boise, ID",0001493152-26-010471
0000025445-26-000009:cxt-20251231.htm,"Crane NXT, Co.  (CXT)  (CIK 0000025445)",0000025445,10-K,2026-02-26,2025-12-31,"Waltham, MA",0000025445-26-000009
0001193125-26-079454:btsg-20251231.htm,"BrightSpring Health Services, Inc.  (BTSG, BTSGU)  (CIK 0001865782)",0001865782,10-K,2026-02-27,2025-12-31,"Louisville, KY",0001193125-26-079454
0001193125-26-057455:cmtg-20251231.htm,"Claros Mortgage Trust, Inc.  (CMTG)  (CIK 0001666291)",0001666291,10-K,2026-02-18,2025-12-31,"New York, NY",0001193125-26-057455
0001823945-26-000009:owl-20251231.htm,BLUE OWL CAPITAL INC.  (OWL)  (CIK 0001823945),0001823945,10-K,2026-02-19,2025-12-31,"New York, NY",0001823945-26-000009
0001437749-26-005891:pbyi20251231_10k.htm,"PUMA BIOTECHNOLOGY, INC.  (PBYI)  (CIK 0001401667)",0001401667,10-K,2026-02-26,2025-12-31,"Los Angeles, CA",0001437749-26-005891
0001104659-26-031280:dvlt-20251231x10k.htm,Datavault AI Inc.  (DVLT)  (CIK 0001682149),0001682149,10-K,2026-03-18,2025-12-31,"Beaverton, OR",0001104659-26-031280
0000107263-26-000006:wmb-20251231.htm,"WILLIAMS COMPANIES, INC.  (WMB)  (CIK 0000107263), NORTHWEST PIPELINE LLC  (CIK 0000110019), TRANSCONTINENTAL GAS PIPE LINE COMPANY, LLC  (CIK 0000099250)","0000107263, 0000110019, 0000099250",10-K,2026-02-24,2025-12-31,"Tulsa, OK, Salt Lake City, UT, Houston, TX",0000107263-26-000006
0001193125-26-307785:payx-20260531.htm,PAYCHEX INC  (PAYX)  (CIK 0000723531),0000723531,10-K,2026-07-17,2026-05-31,"Rochester, NY",0001193125-26-307785
0001193125-26-119873:stro-20251231.htm,"SUTRO BIOPHARMA, INC.  (STRO)  (CIK 0001382101)",0001382101,10-K,2026-03-23,2025-12-31,"South San Francisco, CA",0001193125-26-119873
0001213900-26-032347:ea0282223-10k_mountain2.htm,"Mountain Lake Acquisition Corp. II  (MLAA, MLAAU)  (CIK 0002094265)",0002094265,10-K,2026-03-20,2025-12-31,"Incline Village, NV",0001213900-26-032347
0001193125-26-132097:aeo-20260131.htm,AMERICAN EAGLE OUTFITTERS INC  (AEO)  (CIK 0000919012),0000919012,10-K,2026-03-30,2026-01-31,"Pittsburgh, PA",0001193125-26-132097
0001808834-26-000012:a20254q10kexhibit22.htm,"PROG Holdings, Inc.  (PRG)  (CIK 0001808834)",0001808834,10-K,2026-02-18,2025-12-31,"Draper, UT",0001808834-26-000012
0001104659-26-037748:tmb-20251231x10k.htm,"Elauwit Connection, Inc.  (ELWT)  (CIK 0002063863)",0002063863,10-K,2026-03-31,2025-12-31,"Columbia, SC",0001104659-26-037748
0001628280-26-007648:vnt-20251231.htm,Vontier Corp  (VNT)  (CIK 0001786842),0001786842,10-K,2026-02-12,2025-12-31,"Raleigh, NC",0001628280-26-007648
0001315257-26-000012:kop-20251231.htm,Koppers Holdings Inc.  (KOP)  (CIK 0001315257),0001315257,10-K,2026-02-26,2025-12-31,"Pittsburgh, PA",0001315257-26-000012
0000708821-26-000027:par-20251231.htm,PAR TECHNOLOGY CORP  (PAR)  (CIK 0000708821),0000708821,10-K,2026-02-26,2025-12-31,"New Hartford, NY",0000708821-26-000027
0001193125-26-066937:onto-20260103.htm,ONTO INNOVATION INC.  (ONTO)  (CIK 0000704532),0000704532,10-K,2026-02-24,2026-01-03,"Wilmington, MA",0001193125-26-066937
0001493152-26-012916:form10-k.htm,BTCS Inc.  (BTCS)  (CIK 0001436229),0001436229,10-K,2026-03-26,2025-12-31,"Wayne, PA",0001493152-26-012916
0001683168-26-002356:citrotech_i10k-123125.htm,CitroTech Inc.  (CITR)  (CIK 0000894556),0000894556,10-K,2026-03-30,2025-12-31,"Greenwood Village, CO",0001683168-26-002356
0000731766-26-000062:unh-20251231.htm,UNITEDHEALTH GROUP INC  (UNH)  (CIK 0000731766),0000731766,10-K,2026-03-02,2025-12-31,"Eden Prairie, MN",0000731766-26-000062
0001193125-26-230979:exp-20260331.htm,EAGLE MATERIALS INC  (EXP)  (CIK 0000918646),0000918646,10-K,2026-05-19,2026-03-31,"Dallas, TX",0001193125-26-230979
0001628280-26-009918:amn-20251231.htm,AMN HEALTHCARE SERVICES INC  (AMN)  (CIK 0001142750),0001142750,10-K,2026-02-20,2025-12-31,"Dallas, TX",0001628280-26-009918
0001104659-26-021557:ets-20251130x10k.htm,Elite Express Holding Inc.  (ETS)  (CIK 0002053641),0002053641,10-K,2026-02-27,2025-11-30,"Laguna Hills, CA",0001104659-26-021557
0001493152-26-014292:form10-k.htm,CALLAN JMB INC.  (CJMB)  (CIK 0002032545),0002032545,10-K,2026-03-31,2025-12-31,"Spring Branch, TX",0001493152-26-014292
0000886346-26-000018:kai-20260103.htm,KADANT INC  (KAI)  (CIK 0000886346),0000886346,10-K,2026-03-03,2026-01-03,"Westford, MA",0000886346-26-000018
0001104659-26-018169:omi-20251231x10k.htm,ACCENDRA HEALTH INC/VA/  (ACH)  (CIK 0000075252),0000075252,10-K,2026-02-20,2025-12-31,"Glen Allen, VA",0001104659-26-018169
0001612720-26-000009:next-20251231.htm,NextDecade Corp  (NEXT)  (CIK 0001612720),0001612720,10-K,2026-03-02,2025-12-31,"Houston, TX",0001612720-26-000009
0001628280-26-019436:hd-20260201.htm,"HOME DEPOT, INC.  (HD)  (CIK 0000354950)",0000354950,10-K,2026-03-18,2026-02-01,"Atlanta, GA",0001628280-26-019436
0001787306-26-000018:arqt-20251231.htm,"Arcutis Biotherapeutics, Inc.  (ARQT)  (CIK 0001787306)",0001787306,10-K,2026-02-25,2025-12-31,"Westlake Village, CA",0001787306-26-000018
0000008063-26-000021:atro-20251231.htm,"ASTRONICS CORP  (ATRO, ATROB)  (CIK 0000008063)",0000008063,10-K,2026-02-26,2025-12-31,"East Aurora, NY",0000008063-26-000021
0001213900-26-063777:ea0286118-10k_borealis.htm,"Borealis Foods Inc.  (BRLS, BRLSW)  (CIK 0001852973)",0001852973,10-K,2026-06-02,2025-12-31,"Oakville, A6",0001213900-26-063777
0001628280-26-010185:abt-20251231.htm,ABBOTT LABORATORIES  (ABT)  (CIK 0000001800),0000001800,10-K,2026-02-20,2025-12-31,"Abbott Park, IL",0001628280-26-010185
0001102993-26-000020:lpsn-20251231.htm,LIVEPERSON INC  (LPSN)  (CIK 0001102993),0001102993,10-K/A,2026-04-30,2025-12-31,"New York, NY",0001102993-26-000020
0001493152-26-033861:form10-k.htm,"Jingbo Technology, Inc.  (SVMB)  (CIK 0001647822)",0001647822,10-K,2026-07-20,2026-02-28,"Hangzhou, Zhejiang",0001493152-26-033861
0000794323-26-000005:lumn-20251231.htm,"Level 3 Parent, LLC  (CIK 0000794323)",0000794323,10-K,2026-02-20,2025-12-31,"Broomfield, CO",0000794323-26-000005
0001193125-26-083578:qeth-20251231.htm,Invesco Galaxy Ethereum ETF  (QETH)  (CIK 0001995569),0001995569,10-K,2026-03-02,2025-12-31,"Downers Grove, IL",0001193125-26-083578
0001845437-26-000009:npwr-20251231.htm,"NET Power Inc.  (NPWR, NPWR-WT)  (CIK 0001845437)",0001845437,10-K,2026-03-09,2025-12-31,"Durham, NC",0001845437-26-000009
0001401257-26-000015:fet-20251231.htm,"FORUM ENERGY TECHNOLOGIES, INC.  (FET)  (CIK 0001401257)",0001401257,10-K,2026-02-27,2025-12-31,"Houston, TX",0001401257-26-000015
0001185185-26-001363:rvyl10k123125.htm,RYVYL Inc.  (RVYL)  (CIK 0001419275),0001419275,10-K,2026-04-15,2025-12-31,"San Diego, CA",0001185185-26-001363
0001104659-26-037874:fbio-20251231x10k.htm,"Fortress Biotech, Inc.  (FBIO, FBIOP)  (CIK 0001429260)",0001429260,10-K,2026-03-31,2025-12-31,"Bay Harbor Islands, FL",0001104659-26-037874
0001213900-26-005258:ea0267801-10k_urbangro.htm,"urban-gro, Inc.  (UGRO)  (CIK 0001706524)",0001706524,10-K,2026-01-16,2024-12-31,"Lafayette, CO",0001213900-26-005258
0000031791-26-000012:revv-20251228.htm,"REVVITY, INC.  (RVTY)  (CIK 0000031791)",0000031791,10-K,2026-02-24,2025-12-28,"Waltham, MA",0000031791-26-000012
0001193125-26-042813:pi-20251231.htm,IMPINJ INC  (PI)  (CIK 0001114995),0001114995,10-K,2026-02-09,2025-12-31,"Seattle, WA",0001193125-26-042813
0001393052-26-000014:veev-20260131.htm,VEEVA SYSTEMS INC  (VEEV)  (CIK 0001393052),0001393052,10-K,2026-03-20,2026-01-31,"Pleasanton, CA",0001393052-26-000014
0001554855-26-000328:nn-20251231.htm,"NEXTNAV INC.  (NN, NNAVW, NXNVW)  (CIK 0001865631)",0001865631,10-K,2026-03-17,2025-12-31,"Reston, VA",0001554855-26-000328
0000100885-26-000037:unp-20251231.htm,UNION PACIFIC CORP  (UNP)  (CIK 0000100885),0000100885,10-K,2026-02-06,2025-12-31,"Omaha, NE",0000100885-26-000037
0001692063-26-000013:sndr-20251231.htm,"Schneider National, Inc.  (SNDR)  (CIK 0001692063)",0001692063,10-K,2026-02-20,2025-12-31,"Green Bay, WI",0001692063-26-000013
0001213900-26-021733:ea0278046-10k_mckinley.htm,"McKinley Acquisition Corp  (MKLY, MKLYR, MKLYU)  (CIK 0002067592)",0002067592,10-K,2026-02-27,2025-12-31,"Needham, MA",0001213900-26-021733
0001493152-26-014063:form10-k.htm,OFF THE HOOK YS INC.  (OTH)  (CIK 0002067767),0002067767,10-K,2026-03-31,2025-12-31,"Wilmington, NC",0001493152-26-014063
0000014693-26-000024:bfb-20260430.htm,"BROWN FORMAN CORP  (BF-A, BF-B)  (CIK 0000014693)",0000014693,10-K,2026-06-12,2026-04-30,"Louisville, KY",0000014693-26-000024
0001104659-26-033412:tm269527d1_10k.htm,Permianville Royalty Trust  (PVL)  (CIK 0001520048),0001520048,10-K,2026-03-23,2025-12-31,"Houston, TX",0001104659-26-033412
0001213900-26-033562:ea0279112-10k_andretti2.htm,"Andretti Acquisition Corp. II  (POLE, POLEU, POLEW)  (CIK 0002025341)",0002025341,10-K,2026-03-24,2025-12-31,"Indianapolis, IN",0001213900-26-033562
0001193125-26-064403:ck0000732834-20251231.htm,"CONTINENTAL RESOURCES, INC  (CIK 0000732834)",0000732834,10-K,2026-02-23,2025-12-31,"Oklahoma City, OK",0001193125-26-064403
0001104659-26-020944:matx-20251231x10k.htm,"Matson, Inc.  (MATX)  (CIK 0000003453)",0000003453,10-K,2026-02-27,2025-12-31,"Honolulu, HI",0001104659-26-020944
0001683168-26-002937:darkpulse_i10k-123125.htm,"DarkPulse, Inc.  (DPLS)  (CIK 0000866439)",0000866439,10-K,2026-04-14,2025-12-31,"Phoenix, AZ",0001683168-26-002937
0001193125-26-067393:atec-20251231.htm,"Alphatec Holdings, Inc.  (ATEC)  (CIK 0001350653)",0001350653,10-K,2026-02-24,2025-12-31,"Carlsbad, CA",0001193125-26-067393
0001683168-26-001587:auddia_i10k-123125.htm,AUDDIA INC.  (AUUD)  (CIK 0001554818),0001554818,10-K,2026-03-06,2025-12-31,"Boulder, CO",0001683168-26-001587
0001437749-26-008289:amtx20251231_10k.htm,"AEMETIS, INC  (AMTX)  (CIK 0000738214)",0000738214,10-K,2026-03-16,2025-12-31,"Cupertino, CA",0001437749-26-008289
0001213900-26-025440:ea0277925-10k_ssinnova.htm,"SS Innovations International, Inc.  (SSII)  (CIK 0001676163)",0001676163,10-K,2026-03-10,2025-12-31,Gurugram,0001213900-26-025440
0001213900-26-035746:ea0283365-10k_gesher2.htm,"Gesher Acquisition Corp. II  (GSHR, GSHRU, GSHRW)  (CIK 0002044635)",0002044635,10-K,2026-03-27,2025-12-31,"Tel Aviv, L3",0001213900-26-035746
0001628280-26-007118:avtr-20251231.htm,"Avantor, Inc.  (AVTR)  (CIK 0001722482)",0001722482,10-K,2026-02-11,2025-12-31,"Radnor, PA",0001628280-26-007118
0001493152-26-012278:form10-k.htm,"Hour Loop, Inc  (HOUR)  (CIK 0001874875)",0001874875,10-K,2026-03-24,2025-12-31,"Redmond, WA",0001493152-26-012278
0001193125-26-260688:ghm-20260331.htm,GRAHAM CORP  (GHM)  (CIK 0000716314),0000716314,10-K,2026-06-08,2026-03-31,"Batavia, NY",0001193125-26-260688
0001670592-26-000013:yeti-20260103.htm,"YETI Holdings, Inc.  (YETI)  (CIK 0001670592)",0001670592,10-K,2026-02-27,2026-01-03,"Austin, TX",0001670592-26-000013
0001193125-26-051976:ttmi-20251229.htm,TTM TECHNOLOGIES INC  (TTMI)  (CIK 0001116942),0001116942,10-K,2026-02-17,2025-12-29,"Santa Ana, CA",0001193125-26-051976
0001576018-26-000032:spnt-20251231.htm,"SiriusPoint Ltd  (SPNT, SSPFF, SPNT-PB)  (CIK 0001576018)",0001576018,10-K,2026-02-24,2025-12-31,"New York, NY",0001576018-26-000032
0001520006-26-000002:mtdr-20251231.htm,Matador Resources Co  (MTDR)  (CIK 0001520006),0001520006,10-K,2026-02-26,2025-12-31,"Dallas, TX",0001520006-26-000002
0001628280-26-011696:gnl-20251231.htm,"Global Net Lease, Inc.  (GNL, GNL-PA, GNL-PB, GNL-PD, GNL-PE)  (CIK 0001526113)",0001526113,10-K,2026-02-25,2025-12-31,"New York, NY",0001628280-26-011696
0001104659-26-018899:iova-20251231x10k.htm,"IOVANCE BIOTHERAPEUTICS, INC.  (IOVA)  (CIK 0001425205)",0001425205,10-K,2026-02-24,2025-12-31,"San Carlos, CA",0001104659-26-018899
0001213900-26-029500:ea0280821-10k_vyomehold.htm,"Vyome Holdings, Inc  (HIND)  (CIK 0001427570)",0001427570,10-K,2026-03-18,2025-12-31,"San Clemente, CA",0001213900-26-029500
0001628280-26-012545:alhc-20251231xexx1021.htm,"Alignment Healthcare, Inc.  (ALHC)  (CIK 0001832466)",0001832466,10-K,2026-02-27,2025-12-31,"Orange, CA",0001628280-26-012545
0000811830-26-000005:sov-20251231.htm,"Santander Holdings USA, Inc.  (CIK 0000811830)",0000811830,10-K,2026-03-02,2025-12-31,"Boston, MA",0000811830-26-000005
0001759425-26-000013:mirm-20251231.htm,"Mirum Pharmaceuticals, Inc.  (MIRM)  (CIK 0001759425)",0001759425,10-K,2026-02-25,2025-12-31,"Foster City, CA",0001759425-26-000013
0001636282-26-000020:syre-20251231.htm,"Spyre Therapeutics, Inc.  (SYRE)  (CIK 0001636282)",0001636282,10-K,2026-02-19,2025-12-31,"Waltham, MA",0001636282-26-000020
0001649094-26-000007:pcvx-20251231.htm,"Vaxcyte, Inc.  (PCVX)  (CIK 0001649094)",0001649094,10-K,2026-02-24,2025-12-31,"San Carlos, CA",0001649094-26-000007
0001213900-26-027725:ea0280547-10k_onconetix.htm,"Onconetix, Inc.  (ONCO)  (CIK 0001782107)",0001782107,10-K,2026-03-13,2025-12-31,"Cincinnati, OH",0001213900-26-027725
0000930413-26-000842:c115706_10k-ixbrl.htm,Lord Abbett Private Credit Fund S  (CIK 0002041841),0002041841,10-K,2026-03-20,2025-12-31,"Jersey City, NJ",0000930413-26-000842
0001193125-26-084144:srpt-20251231.htm,"Sarepta Therapeutics, Inc.  (SRPT)  (CIK 0000873303)",0000873303,10-K,2026-03-02,2025-12-31,"Cambridge, MA",0001193125-26-084144
0001758730-26-000015:tw-20251231.htm,Tradeweb Markets Inc.  (TW)  (CIK 0001758730),0001758730,10-K,2026-02-05,2025-12-31,"New York, NY",0001758730-26-000015
0000092230-26-000030:tfc-20251231.htm,"TRUIST FINANCIAL CORP  (TFC, TFC-PI, TFC-PO, TFC-PR)  (CIK 0000092230)",0000092230,10-K,2026-02-24,2025-12-31,"Charlotte, NC",0000092230-26-000030
0001104659-26-021544:fhb-20251231x10k.htm,"FIRST HAWAIIAN, INC.  (FHB)  (CIK 0000036377)",0000036377,10-K,2026-02-27,2025-12-31,"Honolulu, HI",0001104659-26-021544
0001783879-26-000029:hood-20251231.htm,"Robinhood Markets, Inc.  (HOOD)  (CIK 0001783879)",0001783879,10-K/A,2026-02-20,2025-12-31,"Menlo Park, CA",0001783879-26-000029
0001006837-26-000014:vate-20251231.htm,INNOVATE Corp.  (VATE)  (CIK 0001006837),0001006837,10-K,2026-03-26,2025-12-31,"New York, NY",0001006837-26-000014
0001628280-26-013098:bam-20251231.htm,Brookfield Asset Management Ltd.  (BAM)  (CIK 0001937926),0001937926,10-K,2026-03-02,2025-12-31,"New York, NY",0001628280-26-013098
0000937834-26-000003:mlic-20251231.htm,METROPOLITAN LIFE INSURANCE CO  (CIK 0000937834),0000937834,10-K,2026-03-11,2025-12-31,"New York, NY",0000937834-26-000003
0001871509-26-000012:ptlo-20251228.htm,Portillo's Inc.  (PTLO)  (CIK 0001871509),0001871509,10-K,2026-02-24,2025-12-28,"Oak Brook, IL",0001871509-26-000012
0000939930-26-000017:pyx-20260331.htm,"PYXUS INTERNATIONAL, INC.  (PYYX)  (CIK 0000939930)",0000939930,10-K,2026-06-04,2026-03-31,"Morrisville, NC",0000939930-26-000017
0001628280-26-026216:ayr-20260228.htm,Aircastle LTD  (AYR)  (CIK 0001362988),0001362988,10-K,2026-04-21,2026-02-28,"Stamford, CT",0001628280-26-026216
0001364250-26-000011:nysedei-20251231.htm,Douglas Emmett Inc  (DEI)  (CIK 0001364250),0001364250,10-K,2026-02-20,2025-12-31,"Santa Monica, CA",0001364250-26-000011
0001628280-26-018261:rlyb-20251231.htm,Rallybio Corp  (RLYB)  (CIK 0001739410),0001739410,10-K,2026-03-16,2025-12-31,"New Haven, CT",0001628280-26-018261
0001193125-26-120299:ck0002033362-20251231.htm,"Audax Private Credit Fund, LLC  (CIK 0002033362)",0002033362,10-K,2026-03-24,2025-12-31,"New York, NY",0001193125-26-120299
0001104659-26-036813:snnf-20251231x10k.htm,"Seneca Bancorp, Inc.  (SNNF)  (CIK 0002072421)",0002072421,10-K,2026-03-30,2025-12-31,"Baldwinsville, NY",0001104659-26-036813
0000049196-26-000015:hban-20251231.htm,"HUNTINGTON BANCSHARES INC /MD/  (HBAN, HBANL, HBANM, HBANP, HBANZ)  (CIK 0000049196)",0000049196,10-K,2026-02-13,2025-12-31,"Columbus, OH",0000049196-26-000015
0001193125-26-089884:tcrx-20251231.htm,"TScan Therapeutics, Inc.  (TCRX)  (CIK 0001783328)",0001783328,10-K,2026-03-04,2025-12-31,"Waltham, MA",0001193125-26-089884
0001477932-26-001832:vnrx_10k.htm,VOLITIONRX LTD  (VNRX)  (CIK 0000093314),0000093314,10-K,2026-03-31,2025-12-31,"Henderson, NV",0001477932-26-001832
0001493152-26-022229:form10-ka.htm,"NEXTNRG, INC.  (NXXT)  (CIK 0001817004)",0001817004,10-K/A,2026-05-11,2025-12-31,"Miami Beach, FL",0001493152-26-022229
0001850902-26-000002:tkno-20251231.htm,"Alpha Teknova, Inc.  (TKNO)  (CIK 0001850902)",0001850902,10-K,2026-03-02,2025-12-31,"Hollister, CA",0001850902-26-000002
0001628280-26-015791:ccrn-20251231.htm,CROSS COUNTRY HEALTHCARE INC  (CCRN)  (CIK 0001141103),0001141103,10-K,2026-03-09,2025-12-31,"Boca Raton, FL",0001628280-26-015791
0001753926-26-000426:tlcc-20241231.htm,"TWINLAB CONSOLIDATED HOLDINGS, INC.  (CIK 0001590695)",0001590695,10-K,2026-03-03,2024-12-31,"Boca Raton, FL",0001753926-26-000426
0000891014-26-000067:form10k.htm,MINERALS TECHNOLOGIES INC  (MTX)  (CIK 0000891014),0000891014,10-K,2026-02-20,2025-12-31,"New York, NY",0000891014-26-000067
0001193125-26-346886:pfgc-20260627.htm,Performance Food Group Co  (PFGC)  (CIK 0001618673),0001618673,10-K,2026-08-12,2026-06-27,"Richmond, VA",0001193125-26-346886
0001385849-26-000009:efr-20251231.htm,ENERGY FUELS INC  (UUUU)  (CIK 0001385849),0001385849,10-K,2026-02-26,2025-12-31,"Lakewood, CO",0001385849-26-000009
0001628280-26-013160:nmrk-20251231.htm,"NEWMARK GROUP, INC.  (NMRK)  (CIK 0001690680)",0001690680,10-K,2026-03-02,2025-12-31,"New York, NY",0001628280-26-013160
0001213900-26-024471:ea0279644-10k_sbfinancial.htm,"SB FINANCIAL GROUP, INC.  (SBFG)  (CIK 0000767405)",0000767405,10-K,2026-03-06,2025-12-31,"Defiance, OH",0001213900-26-024471
0001628280-26-022376:titn-20260131.htm,Titan Machinery Inc.  (TITN)  (CIK 0001409171),0001409171,10-K,2026-03-31,2026-01-31,"West Fargo, ND",0001628280-26-022376
0001437749-26-009952:fmfg20251231_10k.htm,"Farmers & Merchants Bancshares, Inc.  (FMFG)  (CIK 0001698022)",0001698022,10-K,2026-03-26,2025-12-31,"Hampstead, MD",0001437749-26-009952
0001698991-26-000018:acel-20251231.htm,"Accel Entertainment, Inc.  (ACEL)  (CIK 0001698991)",0001698991,10-K,2026-03-03,2025-12-31,"Burr Ridge, IL",0001698991-26-000018
0001213900-26-036382:ea0282954-10k_columbus2.htm,"Columbus Circle Capital Corp II  (CMII, CMIIU, CMIIW)  (CIK 0002088805)",0002088805,10-K,2026-03-30,2025-12-31,"New York, NY",0001213900-26-036382
0001493152-26-012943:form10-k.htm,Chaince Digital Holdings Inc.  (CD)  (CIK 0001527762),0001527762,10-K,2026-03-26,2025-12-31,"New York, NY",0001493152-26-012943
0001783879-26-000023:hood-20251231.htm,"Robinhood Markets, Inc.  (HOOD)  (CIK 0001783879)",0001783879,10-K,2026-02-18,2025-12-31,"Menlo Park, CA",0001783879-26-000023
0001705110-26-000011:angi-20251231.htm,Angi Inc.  (ANGI)  (CIK 0001705110),0001705110,10-K,2026-02-20,2025-12-31,"New York, NY",0001705110-26-000011
0001018164-26-000036:wlfc-20251231x10k.htm,WILLIS LEASE FINANCE CORP  (WLFC)  (CIK 0001018164),0001018164,10-K,2026-03-10,2025-12-31,"Coconut Creek, FL",0001018164-26-000036
0000907254-26-000006:bfs-20251231.htm,"SAUL CENTERS, INC.  (BFS, BFS-PD, BFS-PE)  (CIK 0000907254)",0000907254,10-K,2026-02-27,2025-12-31,"Bethesda, MD",0000907254-26-000006
0001213900-26-036938:ea0275867-10k_tlgyacq.htm,"TLGY ACQUISITION CORP  (TLGUF, TLGWF, TLGYF)  (CIK 0001879814)",0001879814,10-K,2026-03-31,2025-12-31,Grand Cayman,0001213900-26-036938
0001193125-26-124450:ck0001634452-20251231.htm,AB Private Credit Investors Corp  (CIK 0001634452),0001634452,10-K,2026-03-26,2025-12-31,"Austin, TX",0001193125-26-124450
0001628280-26-032873:rfmd-20260328.htm,"Qorvo, Inc.  (QRVO)  (CIK 0001604778)",0001604778,10-K,2026-05-08,2026-03-28,"Greensboro, NC",0001628280-26-032873
0000067215-26-000008:dy-20260131.htm,DYCOM INDUSTRIES INC  (DY)  (CIK 0000067215),0000067215,10-K,2026-03-09,2026-01-31,"West Palm Beach, FL",0000067215-26-000008
0001818874-26-000013:sofi-20251231.htm,"SoFi Technologies, Inc.  (SOFI)  (CIK 0001818874)",0001818874,10-K,2026-02-17,2025-12-31,"San Francisco, CA",0001818874-26-000013
0001193125-26-065183:awi-20251231.htm,ARMSTRONG WORLD INDUSTRIES INC  (AWI)  (CIK 0000007431),0000007431,10-K,2026-02-24,2025-12-31,"Lancaster, PA",0001193125-26-065183
0001193125-26-082513:amsf-20251231.htm,AMERISAFE INC  (AMSF)  (CIK 0001018979),0001018979,10-K,2026-02-27,2025-12-31,"Deridder, LA",0001193125-26-082513
0001213900-26-033818:ea0279125-10k_bynordic.htm,"byNordic Acquisition Corp  (BYNO, BYNOU, BYNOW)  (CIK 0001801417)",0001801417,10-K,2026-03-25,2025-12-31,Malmo,0001213900-26-033818
0001193125-26-133933:d112132d10k.htm,PIMCO Asset-Based Lending Co LLC  (CIK 0002073537),0002073537,10-K,2026-03-31,2025-12-31,"Newport Beach, CA",0001193125-26-133933
0001213900-26-051139:ea0288344-10k_apimeds.htm,"Apimeds Pharmaceuticals US, Inc.  (APUS)  (CIK 0001894525)",0001894525,10-K,2026-05-04,2025-12-31,"Matawan, NJ",0001213900-26-051139
0001628280-26-059187:avnw-20260703.htm,"AVIAT NETWORKS, INC.  (AVNW)  (CIK 0001377789)",0001377789,10-K,2026-08-27,2026-07-03,"Austin, TX",0001628280-26-059187
0001628280-26-022506:spru-20251231.htm,SPRUCE POWER HOLDING CORP  (SPRU)  (CIK 0001772720),0001772720,10-K,2026-03-31,2025-12-31,"Houston, TX",0001628280-26-022506
0001612630-26-000022:jynt-20251231.htm,JOINT Corp  (JYNT)  (CIK 0001612630),0001612630,10-K,2026-03-13,2025-12-31,"Scottsdale, AZ",0001612630-26-000022
0001628280-26-010837:dfh-20251231.htm,"Dream Finders Homes, Inc.  (DFH)  (CIK 0001825088)",0001825088,10-K,2026-02-24,2025-12-31,"Jacksonville, FL",0001628280-26-010837
0001437749-26-019923:nath20260329_10k.htm,"NATHANS FAMOUS, INC.  (NATH)  (CIK 0000069733)",0000069733,10-K,2026-06-09,2026-03-29,"Jericho, NY",0001437749-26-019923
0000017843-26-000034:crs-20260630.htm,CARPENTER TECHNOLOGY CORP  (CRS)  (CIK 0000017843),0000017843,10-K,2026-08-12,2026-06-30,"Philadelphia, PA",0000017843-26-000034
0001777835-26-000022:pwp-20251231.htm,Perella Weinberg Partners  (PWP)  (CIK 0001777835),0001777835,10-K,2026-02-27,2025-12-31,"New York, NY",0001777835-26-000022
0001094285-26-000017:tdy-20251228.htm,TELEDYNE TECHNOLOGIES INC  (TDY)  (CIK 0001094285),0001094285,10-K,2026-02-20,2025-12-28,"Thousand Oaks, CA",0001094285-26-000017
0001437749-26-008833:usio20251231_10k.htm,"Usio, Inc.  (USIO)  (CIK 0001088034)",0001088034,10-K,2026-03-18,2025-12-31,"San Antonio, TX",0001437749-26-008833
0001493152-26-016638:form10-k.htm,RetinalGenix Technologies Inc.  (RTGN)  (CIK 0001836295),0001836295,10-K,2026-04-15,2025-12-31,"Petaluma, CA",0001493152-26-016638
0001437749-26-010240:miff20251231_10k.htm,STEELE BANCORP INC  (STLE)  (CIK 0000779227),0000779227,10-K,2026-03-30,2025-12-31,"Mifflinburg, PA",0001437749-26-010240
0001495231-26-000010:izea-20251231.htm,"IZEA Worldwide, Inc.  (IZEA)  (CIK 0001495231)",0001495231,10-K,2026-03-17,2025-12-31,"Orlando, FL",0001495231-26-000010
0000911147-26-000009:cnty-20251231x10k.htm,CENTURY CASINOS INC /CO/  (CNTY)  (CIK 0000911147),0000911147,10-K,2026-03-18,2025-12-31,"Colorado Springs, CO",0000911147-26-000009
0001104659-26-033852:tm261060d1_10k.htm,ECA Marcellus Trust I  (ECTM)  (CIK 0001487798),0001487798,10-K,2026-03-24,2025-12-31,"Houston, TX",0001104659-26-033852
0001580670-26-000019:lgih-20251231.htm,"LGI Homes, Inc.  (LGIH)  (CIK 0001580670)",0001580670,10-K,2026-02-20,2025-12-31,"The Woodlands, TX",0001580670-26-000019
0001739445-26-000029:aca-20251231.htm,"Arcosa, Inc.  (ACA)  (CIK 0001739445)",0001739445,10-K,2026-02-27,2025-12-31,"Dallas, TX",0001739445-26-000029
0001437749-26-008139:bcmi20251231_10k.htm,"BIMINI CAPITAL MANAGEMENT, INC.  (BMNM)  (CIK 0001275477)",0001275477,10-K,2026-03-13,2025-12-31,"Vero Beach, FL",0001437749-26-008139
0000008818-26-000015:avy-20251231.htm,Avery Dennison Corp  (AVY)  (CIK 0000008818),0000008818,10-K,2026-02-25,2025-12-31,"Mentor, OH",0000008818-26-000015
0001193125-26-076499:mfic-20251231.htm,"MidCap Financial Investment Corp  (MFIC, MFICL)  (CIK 0001278752)",0001278752,10-K,2026-02-26,2025-12-31,"New York, NY",0001193125-26-076499
0001193125-26-275962:cpbi-20260331.htm,"Central Plains Bancshares, Inc.  (CPBI)  (CIK 0001979332)",0001979332,10-K,2026-06-18,2026-03-31,"Grand Island, NE",0001193125-26-275962
0001601548-26-000015:vec-20251231.htm,"V2X, Inc.  (VVX)  (CIK 0001601548)",0001601548,10-K,2026-02-23,2025-12-31,"Reston, VA",0001601548-26-000015
0001625278-26-000014:nrds-20251231.htm,"NERDWALLET, INC.  (NRDS)  (CIK 0001625278)",0001625278,10-K,2026-02-25,2025-12-31,"San Mateo, CA",0001625278-26-000014
0001709682-26-000008:ctos-20251231.htm,"Custom Truck One Source, Inc.  (CTOS)  (CIK 0001709682)",0001709682,10-K,2026-03-10,2025-12-31,"Kansas City, MO",0001709682-26-000008
0001193125-26-115298:mov-20260131.htm,"MOVADO GROUP INC  (MOV, MOVAA)  (CIK 0000072573)",0000072573,10-K,2026-03-19,2026-01-31,"Paramus, NJ",0001193125-26-115298
0001213900-26-078490:ea0295260-10k_newhorizon.htm,"New Horizon Aircraft Ltd.  (HOVR, HOVRW)  (CIK 0001930021)",0001930021,10-K,2026-07-16,2026-05-31,"Lindsay, A6",0001213900-26-078490
0001213900-26-078490:ea0295260-10k_newhorizon.htm,"New Horizon Aircraft Ltd.  (HOVR, HOVRW)  (CIK 0001930021)",0001930021,10-K,2026-07-16,2026-05-31,"Lindsay, A6",0001213900-26-078490
0000024090-26-000011:cia-20251231.htm,"CITIZENS, INC.  (CIA)  (CIK 0000024090)",0000024090,10-K,2026-03-12,2025-12-31,"Austin, TX",0000024090-26-000011
0001628280-26-022057:fthm-20251231.htm,Fathom Holdings Inc.  (FTHM)  (CIK 0001753162),0001753162,10-K,2026-03-30,2025-12-31,"Cary, NC",0001628280-26-022057
0001493152-26-012935:form10-k.htm,Microbot Medical Inc.  (MBOT)  (CIK 0000883975),0000883975,10-K,2026-03-26,2025-12-31,"Hingham, MA",0001493152-26-012935
0001493152-26-011625:form10-k.htm,"Biofrontera Inc.  (BFRI, BFRIW)  (CIK 0001858685)",0001858685,10-K,2026-03-19,2025-12-31,"Woburn, MA",0001493152-26-011625
0001193125-26-084392:tgna-20251231.htm,TEGNA INC  (TGNA)  (CIK 0000039899),0000039899,10-K,2026-03-02,2025-12-31,"Mclean, VA",0001193125-26-084392
0001174947-26-000410:enbp-20251231.htm,ENB Financial Corp  (ENBP)  (CIK 0001437479),0001437479,10-K,2026-03-20,2025-12-31,"Ephrata, PA",0001174947-26-000410
0001111335-26-000006:vc-20251231.htm,VISTEON CORP  (VC)  (CIK 0001111335),0001111335,10-K,2026-02-19,2025-12-31,"Van Buren Township, MI",0001111335-26-000006
0001213900-26-044091:ea0285150-10k_urbangro.htm,"urban-gro, Inc.  (UGRO)  (CIK 0001706524)",0001706524,10-K,2026-04-15,2025-12-31,"Lafayette, CO",0001213900-26-044091
0000355811-26-000010:gntx-20251231.htm,GENTEX CORP  (GNTX)  (CIK 0000355811),0000355811,10-K,2026-02-24,2025-12-31,"Zeeland, MI",0000355811-26-000010
0001193125-26-065627:alsn-20251231.htm,Allison Transmission Holdings Inc  (ALSN)  (CIK 0001411207),0001411207,10-K,2026-02-24,2025-12-31,"Indianapolis, IN",0001193125-26-065627
0001320461-26-000012:cps-20260213.htm,Cooper-Standard Holdings Inc.  (CPS)  (CIK 0001320461),0001320461,10-K,2026-02-13,2025-12-31,"Northville, MI",0001320461-26-000012
0000104169-26-000055:wmt-20260131.htm,Walmart Inc.  (WMT)  (CIK 0000104169),0000104169,10-K,2026-03-13,2026-01-31,"Bentonville, AR",0000104169-26-000055
0001213900-26-034067:ea0282138-10k_toppoint.htm,Toppoint Holdings Inc.  (TOPP)  (CIK 0001960847),0001960847,10-K,2026-03-25,2025-12-31,"Audubon, PA",0001213900-26-034067
0001628280-26-010546:key-20251231.htm,"KEYCORP /NEW/  (KEY, KEY-PI, KEY-PJ, KEY-PK, KEY-PL)  (CIK 0000091576)",0000091576,10-K,2026-02-23,2025-12-31,"Cleveland, OH",0001628280-26-010546
0001329842-26-000005:fhlbny-20251231.htm,Federal Home Loan Bank of New York  (CIK 0001329842),0001329842,10-K,2026-03-20,2025-12-31,"New York, NY",0001329842-26-000005
0001193125-26-096955:none-20251231.htm,Stone Point Credit Corp  (CIK 0001825384),0001825384,10-K,2026-03-06,2025-12-31,"Greenwich, CT",0001193125-26-096955
0001628280-26-012399:rytm-20251231.htm,"RHYTHM PHARMACEUTICALS, INC.  (RYTM)  (CIK 0001649904)",0001649904,10-K,2026-02-26,2025-12-31,"Boston, MA",0001628280-26-012399
0002007855-26-000013:vg-20251231.htm,"Venture Global, Inc.  (VG)  (CIK 0002007855)",0002007855,10-K,2026-03-02,2025-12-31,"Arlington, VA",0002007855-26-000013
0000354707-26-000008:he-20251231.htm,"HAWAIIAN ELECTRIC INDUSTRIES INC  (HE)  (CIK 0000354707), HAWAIIAN ELECTRIC CO INC  (CIK 0000046207)","0000354707, 0000046207",10-K,2026-02-27,2025-12-31,"Honolulu, HI, Honolulu, HI",0000354707-26-000008
0001193125-26-118550:xlo-20251231.htm,"Xilio Therapeutics, Inc.  (XLO)  (CIK 0001840233)",0001840233,10-K,2026-03-23,2025-12-31,"Waltham, MA",0001193125-26-118550
0001193125-26-106251:gyre-20251231.htm,"GYRE THERAPEUTICS, INC.  (GYRE)  (CIK 0001124105)",0001124105,10-K,2026-03-13,2025-12-31,"San Diego, CA",0001193125-26-106251
0001193125-26-100135:artv-20251231.htm,"Artiva Biotherapeutics, Inc.  (ARTV)  (CIK 0001817241)",0001817241,10-K,2026-03-10,2025-12-31,"San Diego, CA",0001193125-26-100135
0000930413-26-000841:c115705_10k-ixbrl.htm,Lord Abbett Private Credit Fund  (CIK 0002008748),0002008748,10-K,2026-03-20,2025-12-31,"Jersey City, NJ",0000930413-26-000841
0001756761-26-000032:inreit-20251231.htm,Invesco Real Estate Income Trust Inc.  (CIK 0001756761),0001756761,10-K,2026-03-26,2025-12-31,"Dallas, TX",0001756761-26-000032
0001574085-26-000038:bhr-20251231.htm,"Braemar Hotels & Resorts Inc.  (BHR, BHR-PB, BHR-PD)  (CIK 0001574085)",0001574085,10-K,2026-03-12,2025-12-31,"Dallas, TX",0001574085-26-000038
0001193125-26-126080:ck0001966394-20251231.htm,Fortress Net Lease REIT  (CIK 0001966394),0001966394,10-K,2026-03-26,2025-12-31,"New York, NY",0001193125-26-126080
0001804745-26-000048:drvn-20251227.htm,Driven Brands Holdings Inc.  (DRVN)  (CIK 0001804745),0001804745,10-K,2026-05-19,2025-12-27,"Charlotte, NC",0001804745-26-000048
0000820027-26-000011:amp-20251231.htm,AMERIPRISE FINANCIAL INC  (AMP)  (CIK 0000820027),0000820027,10-K,2026-02-19,2025-12-31,"Minneapolis, MN",0000820027-26-000011
0001401521-26-000015:acic-20251231.htm,AMERICAN COASTAL INSURANCE Corp  (ACIC)  (CIK 0001401521),0001401521,10-K,2026-03-09,2025-12-31,"Saint Petersburg, FL",0001401521-26-000015
0000856982-26-000008:mmsi-20251231x10k.htm,MERIT MEDICAL SYSTEMS INC  (MMSI)  (CIK 0000856982),0000856982,10-K,2026-02-24,2025-12-31,"South Jordan, UT",0000856982-26-000008
0000931148-26-000017:gti-20251231.htm,GRAFTECH INTERNATIONAL LTD  (EAF)  (CIK 0000931148),0000931148,10-K,2026-02-13,2025-12-31,"Brooklyn Heights, OH",0000931148-26-000017
0000049600-26-000010:egp-20251231.htm,EASTGROUP PROPERTIES INC  (EGP)  (CIK 0000049600),0000049600,10-K,2026-02-11,2025-12-31,"Ridgeland, MS",0000049600-26-000010
0000746598-26-000044:brc-20260731.htm,BRADY CORP  (BRC)  (CIK 0000746598),0000746598,10-K,2026-09-03,2026-07-31,"Milwaukee, WI",0000746598-26-000044
0001856525-26-000031:cnm-20260201.htm,"Core & Main, Inc.  (CNM)  (CIK 0001856525)",0001856525,10-K,2026-03-24,2026-02-01,"St. Louis, MO",0001856525-26-000031
0001628280-26-015997:ddd-20251231.htm,3D SYSTEMS CORP  (DDD)  (CIK 0000910638),0000910638,10-K,2026-03-09,2025-12-31,"Rock Hill, SC",0001628280-26-015997
0000883237-26-000009:ex1016-equitypurchaseagr.htm,"VIRTUS INVESTMENT PARTNERS, INC.  (VRTS)  (CIK 0000883237)",0000883237,10-K,2026-02-27,2025-12-31,"Hartford, CT",0000883237-26-000009
0001018164-26-000041:wlfc-20251231.htm,WILLIS LEASE FINANCE CORP  (WLFC)  (CIK 0001018164),0001018164,10-K/A,2026-03-30,2025-12-31,"Coconut Creek, FL",0001018164-26-000041
0001193125-26-067293:vrrm-20251231.htm,VERRA MOBILITY Corp  (VRRM)  (CIK 0001682745),0001682745,10-K,2026-02-24,2025-12-31,"Mesa, AZ",0001193125-26-067293
0001628280-26-024672:plce-20260131.htm,"Childrens Place, Inc.  (PLCE)  (CIK 0001041859)",0001041859,10-K,2026-04-10,2026-01-31,"Secaucus, NJ",0001628280-26-024672
0001628280-26-039511:uvv-20260331.htm,UNIVERSAL CORP /VA/  (UVV)  (CIK 0000102037),0000102037,10-K,2026-06-01,2026-03-31,"Richmond, VA",0001628280-26-039511
0001493152-26-011204:form10-k.htm,"Processa Pharmaceuticals, Inc.  (PCSA)  (CIK 0001533743)",0001533743,10-K,2026-03-18,2025-12-31,"Vero Beach, FL",0001493152-26-011204
0001104659-26-032152:nlst-20251227x10k.htm,NETLIST INC  (NLST)  (CIK 0001282631),0001282631,10-K,2026-03-19,2025-12-27,"Irvine, CA",0001104659-26-032152
0001437749-26-005873:lindb20251231c_10k.htm,"LINDBLAD EXPEDITIONS HOLDINGS, INC.  (LIND)  (CIK 0001512499)",0001512499,10-K,2026-02-26,2025-12-31,"New York, NY",0001437749-26-005873
0001563411-26-000057:cstm-20251231.htm,CONSTELLIUM SE  (CSTM)  (CIK 0001563411),0001563411,10-K,2026-02-25,2025-12-31,"Paris, I0",0001563411-26-000057
0001477932-26-001941:class_10k.htm,"Classover Holdings, Inc.  (KIDZ, KIDZW)  (CIK 0002022308)",0002022308,10-K,2026-04-01,2025-12-31,"Dover, DE",0001477932-26-001941
0001493152-26-016943:form10-k.htm,"Data443 Risk Mitigation, Inc.  (ATDS)  (CIK 0001068689)",0001068689,10-K,2026-04-16,2025-12-31,"Research Triangle Park, NC",0001493152-26-016943
0001104659-26-027199:jcap-20251231x10k.htm,"Jefferson Capital, Inc. / DE  (JCAP)  (CIK 0002046042)",0002046042,10-K,2026-03-13,2025-12-31,"Minneapolis, MN",0001104659-26-027199
0001104659-26-032800:tmb-20251231x10k.htm,"EGH Acquisition Corp.  (EGHA, EGHAR, EGHAU)  (CIK 0002052547)",0002052547,10-K,2026-03-20,2025-12-31,"Lakewood Ranch, FL",0001104659-26-032800
0001213900-26-044136:ea0283646-10k_lomond.htm,"Lomond Therapeutics Holdings, Inc.  (CIK 0001900520)",0001900520,10-K,2026-04-15,2025-12-31,"Dover, DE",0001213900-26-044136
0001193125-26-122217:ck0002026738-20251231.htm,FORTRESS CREDIT REALTY INCOME TRUST  (CIK 0002026738),0002026738,10-K,2026-03-24,2025-12-31,"New York, NY",0001193125-26-122217
0001437749-26-005601:zvia20251231_10k.htm,Zevia PBC  (ZVIA)  (CIK 0001854139),0001854139,10-K,2026-02-25,2025-12-31,"Encino, CA",0001437749-26-005601
0000027904-26-000013:dal-20251231.htm,"DELTA AIR LINES, INC.  (DAL)  (CIK 0000027904)",0000027904,10-K,2026-02-11,2025-12-31,"Atlanta, GA",0000027904-26-000013
0001364479-26-000050:hri-20251231.htm,HERC HOLDINGS INC  (HRI)  (CIK 0001364479),0001364479,10-K,2026-02-17,2025-12-31,"Bonita Springs, FL",0001364479-26-000050
0001628280-26-015647:imxi-20251231.htm,"International Money Express, Inc.  (IMXI)  (CIK 0001683695)",0001683695,10-K,2026-03-06,2025-12-31,"Miami, FL",0001628280-26-015647
0001193125-26-133335:airj-20251231.htm,"AirJoule Technologies Corp.  (AIRJ, AIRJW)  (CIK 0001855474)",0001855474,10-K,2026-03-31,2025-12-31,"Ronan, MT",0001193125-26-133335
0000085535-26-000008:rgld-20251231.htm,ROYAL GOLD INC  (RGLD)  (CIK 0000085535),0000085535,10-K,2026-02-19,2025-12-31,"Denver, CO",0000085535-26-000008
0000320187-26-000088:nke-20260531.htm,"NIKE, Inc.  (NKE)  (CIK 0000320187)",0000320187,10-K,2026-07-15,2026-05-31,"Beaverton, OR",0000320187-26-000088
0001232582-26-000067:aht-20251231.htm,"ASHFORD HOSPITALITY TRUST INC  (AHT, AHT-PD, AHT-PF, AHT-PG, AHT-PH, AHT-PI)  (CIK 0001232582)",0001232582,10-K,2026-03-23,2025-12-31,"Dallas, TX",0001232582-26-000067
0001868726-26-000009:olpx-20251231.htm,"OLAPLEX HOLDINGS, INC.  (OLPX)  (CIK 0001868726)",0001868726,10-K,2026-03-05,2025-12-31,"New York, NY",0001868726-26-000009
0001140361-26-009576:ef20060842_ex13.htm,TRUSTCO BANK CORP N Y  (TRST)  (CIK 0000357301),0000357301,10-K,2026-03-16,2025-12-31,"Albany, NY",0001140361-26-009576
0001104659-26-020767:wldn-20260102x10k.htm,"Willdan Group, Inc.  (WLDN)  (CIK 0001370450)",0001370450,10-K,2026-02-27,2026-01-02,"Anaheim, CA",0001104659-26-020767
0001628280-26-005450:vrns-20251231.htm,VARONIS SYSTEMS INC  (VRNS)  (CIK 0001361113),0001361113,10-K,2026-02-04,2025-12-31,"Miami, FL",0001628280-26-005450
0001077428-26-000010:tcbi-20251231.htm,"TEXAS CAPITAL BANCSHARES INC/TX  (TCBI, TCBIO)  (CIK 0001077428)",0001077428,10-K,2026-02-10,2025-12-31,"Dallas, TX",0001077428-26-000010
0000921825-26-000012:fr-20251231.htm,"FIRST INDUSTRIAL REALTY TRUST INC  (FR)  (CIK 0000921825), FIRST INDUSTRIAL LP  (CIK 0001033128)","0000921825, 0001033128",10-K,2026-02-11,2025-12-31,"Chicago, IL, Chicago, IL",0000921825-26-000012
0000896622-26-000007:atr-20251231.htm,"APTARGROUP, INC.  (ATR)  (CIK 0000896622)",0000896622,10-K,2026-02-06,2025-12-31,"Crystal Lake, IL",0000896622-26-000007
0001213900-26-038521:ea0283939-10k_china.htm,"CHINA PHARMA HOLDINGS, INC.  (CPHI)  (CIK 0001106644)",0001106644,10-K,2026-04-01,2025-12-31,"Hainan Province, F4",0001213900-26-038521
0000014707-26-000053:cal-20260131x10k.htm,CALERES INC  (CAL)  (CIK 0000014707),0000014707,10-K,2026-04-02,2026-01-31,"St Louis, MO",0000014707-26-000053
0001213900-26-044014:ea0280346-10k_inception.htm,"Inception Growth Acquisition Ltd  (IGTA, IGTAR, IGTAU, IGTAW)  (CIK 0001866838)",0001866838,10-K,2026-04-15,2025-12-31,"New York, NY",0001213900-26-044014
0001628280-26-011487:gpor-20251231.htm,GULFPORT ENERGY CORP  (GPOR)  (CIK 0000874499),0000874499,10-K,2026-02-25,2025-12-31,"Oklahoma City, OK",0001628280-26-011487
0001482981-26-000022:coco-20251231.htm,"Vita Coco Company, Inc.  (COCO)  (CIK 0001482981)",0001482981,10-K,2026-02-18,2025-12-31,"New York, NY",0001482981-26-000022
0001418819-26-000009:irdm-20251231.htm,Iridium Communications Inc.  (IRDM)  (CIK 0001418819),0001418819,10-K,2026-02-12,2025-12-31,"Mclean, VA",0001418819-26-000009
0001628280-26-033478:grbk-20251231.htm,"Green Brick Partners, Inc.  (GRBK, GRBK-PA)  (CIK 0001373670)",0001373670,10-K/A,2026-05-11,2025-12-31,"Plano, TX",0001628280-26-033478
0000052428-26-000006:acc12312025combined.htm,AMERIPRISE CERTIFICATE CO  (CIK 0000052428),0000052428,10-K,2026-02-19,2025-12-31,"Minneapolis, MN",0000052428-26-000006
0001628280-26-012444:cwt-20251231.htm,CALIFORNIA WATER SERVICE GROUP  (CWT)  (CIK 0001035201),0001035201,10-K,2026-02-27,2025-12-31,"San Jose, CA",0001628280-26-012444
0001738827-26-000013:klxe-20251231.htm,"KLX Energy Services Holdings, Inc.  (KLXE)  (CIK 0001738827)",0001738827,10-K,2026-03-12,2025-12-31,"Houston, TX",0001738827-26-000013
0001701605-26-000007:bkr-20251231.htm,Baker Hughes Co  (BKR)  (CIK 0001701605),0001701605,10-K,2026-02-05,2025-12-31,"Houston, TX",0001701605-26-000007
0000108385-26-000014:wrld-20260331.htm,WORLD ACCEPTANCE CORP  (WRLD)  (CIK 0000108385),0000108385,10-K,2026-06-04,2026-03-31,"Greenville, SC",0000108385-26-000014
0001628280-26-011430:lin-20251231.htm,LINDE PLC  (LIN)  (CIK 0001707925),0001707925,10-K,2026-02-25,2025-12-31,"Woking Surrey, X0",0001628280-26-011430
0001193125-26-071594:uht-20251231.htm,UNIVERSAL HEALTH REALTY INCOME TRUST  (UHT)  (CIK 0000798783),0000798783,10-K,2026-02-25,2025-12-31,"King of Prussia, PA",0001193125-26-071594
0001104659-26-020657:tmb-20251231x10k.htm,"Liberty Live Holdings, Inc.  (LLYVA, LLYVB, LLYVK)  (CIK 0002078416)",0002078416,10-K,2026-02-26,2025-12-31,"Englewood, CO",0001104659-26-020657
0001891101-26-000022:brcc-20251231.htm,BRC Inc.  (BRCC)  (CIK 0001891101),0001891101,10-K,2026-03-02,2025-12-31,"West Valley City, UT",0001891101-26-000022
0001193125-26-046984:bro-20251231.htm,"BROWN & BROWN, INC.  (BRO)  (CIK 0000079282)",0000079282,10-K,2026-02-12,2025-12-31,"Daytona Beach, FL",0001193125-26-046984
0001174947-26-000305:nodk-20251231.htm,"NI Holdings, Inc.  (NODK)  (CIK 0001681206)",0001681206,10-K,2026-03-06,2025-12-31,"Fargo, ND",0001174947-26-000305
0001628280-26-012202:slgn-20251231.htm,SILGAN HOLDINGS INC  (SLGN)  (CIK 0000849869),0000849869,10-K,2026-02-26,2025-12-31,"Norwalk, CT",0001628280-26-012202
0000789570-26-000018:mgm-20251231.htm,MGM Resorts International  (MGM)  (CIK 0000789570),0000789570,10-K,2026-02-11,2025-12-31,"Las Vegas, NV",0000789570-26-000018
0000799292-26-000006:mho-20251231.htm,"M/I HOMES, INC.  (MHO)  (CIK 0000799292)",0000799292,10-K,2026-02-13,2025-12-31,"Columbus, OH",0000799292-26-000006
0000034782-26-000011:source-20251231.htm,1ST SOURCE CORP  (SRCE)  (CIK 0000034782),0000034782,10-K,2026-02-17,2025-12-31,"South Bend, IN",0000034782-26-000011
0001628280-26-012940:ftai-20251231.htm,"FTAI Aviation Ltd.  (FTAI, FTAIM, FTAIN)  (CIK 0001590364)",0001590364,10-K,2026-02-27,2025-12-31,"New York, NY",0001628280-26-012940
0001104659-26-035302:slnd-20251231x10k.htm,"Southland Holdings, Inc.  (SLND, SLND-WT)  (CIK 0001883814)",0001883814,10-K,2026-03-26,2025-12-31,"Grapevine, TX",0001104659-26-035302
0001366868-26-000012:gsat-20251231.htm,"Globalstar, Inc.  (GSAT)  (CIK 0001366868)",0001366868,10-K,2026-02-27,2025-12-31,"Covington, LA",0001366868-26-000012
0001104659-26-018643:cake-20251230x10k.htm,CHEESECAKE FACTORY INC  (CAKE)  (CIK 0000887596),0000887596,10-K,2026-02-23,2025-12-30,"Calabasas Hills, CA",0001104659-26-018643
0001193125-26-048898:fcpt-20251231.htm,"Four Corners Property Trust, Inc.  (FCPT)  (CIK 0001650132)",0001650132,10-K,2026-02-12,2025-12-31,"Mill Valley, CA",0001193125-26-048898
0001193125-26-312142:rpm-20260531.htm,RPM INTERNATIONAL INC/DE/  (RPM)  (CIK 0000110621),0000110621,10-K,2026-07-22,2026-05-31,"Medina, OH",0001193125-26-312142
0001193125-26-151455:sclx-20251231.htm,"Scilex Holding Co  (SCLX, SCLXW)  (CIK 0001820190)",0001820190,10-K,2026-04-10,2025-12-31,"Palo Alto, CA",0001193125-26-151455
0001466593-26-000008:ottr-20251231.htm,Otter Tail Corp  (OTTR)  (CIK 0001466593),0001466593,10-K,2026-02-18,2025-12-31,"Fergus Falls, MN",0001466593-26-000008
0001437749-26-010679:flnt20251231_10k.htm,"Fluent, Inc.  (FLNT)  (CIK 0001460329)",0001460329,10-K,2026-03-31,2025-12-31,"New York, NY",0001437749-26-010679
0001628280-26-013279:efc-20251231.htm,"Ellington Financial Inc.  (EFC, EFC-PA, EFC-PB, EFC-PC, EFC-PD)  (CIK 0001411342)",0001411342,10-K,2026-03-02,2025-12-31,"Greenwich, CT",0001628280-26-013279
0001104659-26-034814:xxii-20251231x10k.htm,"22nd Century Group, Inc.  (XXII)  (CIK 0001347858)",0001347858,10-K,2026-03-26,2025-12-31,"Williamsville, IN",0001104659-26-034814
0001803737-26-000018:ehab-20251231.htm,"Enhabit, Inc.  (EHAB)  (CIK 0001803737)",0001803737,10-K,2026-03-05,2025-12-31,"Dallas, TX",0001803737-26-000018
0001140361-26-009838:ef20060655_10k.htm,CAMPBELL FUND TRUST  (CIK 0001043951),0001043951,10-K,2026-03-17,2025-12-31,"Baltimore, MD",0001140361-26-009838
0001193125-26-076686:xzo-20251231.htm,"Exzeo Group, Inc.  (XZO)  (CIK 0001873951)",0001873951,10-K,2026-02-26,2025-12-31,"Tampa, FL",0001193125-26-076686
0001228454-26-000004:bcbp-20251231x10k.htm,BCB BANCORP INC  (BCBP)  (CIK 0001228454),0001228454,10-K,2026-03-09,2025-12-31,"Bayonne, NJ",0001228454-26-000004
0001193125-26-074976:scl-20251231.htm,STEPAN CO  (SCL)  (CIK 0000094049),0000094049,10-K,2026-02-26,2025-12-31,"Northfield, IL",0001193125-26-074976
0000202058-26-000015:hrs-20260102.htm,"L3HARRIS TECHNOLOGIES, INC. /DE/  (LHX)  (CIK 0000202058)",0000202058,10-K,2026-02-12,2026-01-02,"Melbourne, FL",0000202058-26-000015
0001193125-26-117535:ck0001633858-20251231.htm,Audax Credit BDC Inc.  (CIK 0001633858),0001633858,10-K,2026-03-20,2025-12-31,"Boston, MA",0001193125-26-117535
0001869453-26-000017:ortic-20251231.htm,Blue Owl Technology Income Corp.  (CIK 0001869453),0001869453,10-K,2026-03-03,2025-12-31,"New York, NY",0001869453-26-000017
0001628280-26-003598:snx-20251130.htm,TD SYNNEX CORP  (SNX)  (CIK 0001177394),0001177394,10-K,2026-01-27,2025-11-30,"Fremont, CA",0001628280-26-003598
0001493152-26-016259:form10-k.htm,ALT5 Sigma Corp  (ALTS)  (CIK 0000862861),0000862861,10-K,2026-04-13,2025-12-27,"Las Vegas, NV",0001493152-26-016259
0001273685-26-000029:adam-20251231.htm,"ADAMAS TRUST, INC.  (ADAM, ADAMG, ADAMH, ADAMI, ADAML, ADAMM, ADAMN, ADAMO, ADAMZ)  (CIK 0001273685)",0001273685,10-K,2026-02-20,2025-12-31,"New York, NY",0001273685-26-000029
0001999480-26-000002:alto-20251231.htm,"Alto Neuroscience, Inc.  (ANRO)  (CIK 0001999480)",0001999480,10-K,2026-03-16,2025-12-31,"Mountain View, CA",0001999480-26-000002
0001108426-26-000006:pnm-20251231.htm,"TXNM ENERGY INC  (TXNM)  (CIK 0001108426), TEXAS NEW MEXICO POWER CO  (CIK 0000022767), PUBLIC SERVICE CO OF NEW MEXICO  (CIK 0000081023)","0001108426, 0000022767, 0000081023",10-K,2026-02-27,2025-12-31,"Albuquerque, NM, Lewisville, TX, Albuquerque, NM",0001108426-26-000006
0001493152-26-001921:form10-k.htm,"MOBIX LABS, INC  (MOBX, MOBXW)  (CIK 0001855467)",0001855467,10-K,2026-01-13,2025-09-30,"Irvine, CA",0001493152-26-001921
0001628280-26-012906:ain-20251231.htm,ALBANY INTERNATIONAL CORP /DE/  (AIN)  (CIK 0000819793),0000819793,10-K,2026-02-27,2025-12-31,"Rochester, NH",0001628280-26-012906
0001193125-26-116794:fsea-20251231.htm,"First Seacoast Bancorp, Inc.  (FSEA)  (CIK 0001943802)",0001943802,10-K,2026-03-20,2025-12-31,"Dover, NH",0001193125-26-116794
0001129928-26-000020:oncy-20251231.htm,ONCOLYTICS BIOTECH INC  (ONCY)  (CIK 0001129928),0001129928,10-K,2026-03-30,2025-12-31,Calgary,0001129928-26-000020
0001532286-26-000005:nine-20251231.htm,"Nine Energy Service, Inc.  (NINEQ)  (CIK 0001532286)",0001532286,10-K,2026-03-04,2025-12-31,"Houston, TX",0001532286-26-000005
0001808665-26-000011:asrt-20251231.htm,"Assertio Holdings, Inc.  (ASRT)  (CIK 0001808665)",0001808665,10-K,2026-03-16,2025-12-31,"Lake Forest, IL",0001808665-26-000011
0000889900-26-000013:pten-20251231.htm,PATTERSON UTI ENERGY INC  (PTEN)  (CIK 0000889900),0000889900,10-K,2026-02-10,2025-12-31,"Houston, TX",0000889900-26-000013
0001639691-26-000010:livn-20251231.htm,LivaNova PLC  (LIVN)  (CIK 0001639691),0001639691,10-K,2026-02-25,2025-12-31,"London, X0",0001639691-26-000010
0001193125-26-126242:kytx-20251231.htm,"Kyverna Therapeutics, Inc.  (KYTX)  (CIK 0001994702)",0001994702,10-K,2026-03-26,2025-12-31,"Emeryville, CA",0001193125-26-126242
0000106640-26-000009:whr-20251231.htm,WHIRLPOOL CORP /DE/  (WHR)  (CIK 0000106640),0000106640,10-K,2026-02-11,2025-12-31,"Benton Harbor, MI",0000106640-26-000009
0001193125-26-072003:drttf-20251231.htm,DIRTT ENVIRONMENTAL SOLUTIONS LTD  (DRTTF)  (CIK 0001340476),0001340476,10-K,2026-02-25,2025-12-31,Calgary Alberta T2c 1n6 Can,0001193125-26-072003
0001418135-26-000016:kdp-20251231.htm,Keurig Dr Pepper Inc.  (KDP)  (CIK 0001418135),0001418135,10-K,2026-02-24,2025-12-31,"Burlington, MA",0001418135-26-000016
0001834622-26-000008:hayw-20251231.htm,"Hayward Holdings, Inc.  (HAYW)  (CIK 0001834622)",0001834622,10-K,2026-02-25,2025-12-31,"Charlotte, NC",0001834622-26-000008
0000891103-26-000025:mtch-20251231.htm,"Match Group, Inc.  (MTCH)  (CIK 0000891103)",0000891103,10-K,2026-02-26,2025-12-31,"Dallas, TX",0000891103-26-000025
0001999371-26-005527:brrr_10k-123125.htm,CoinShares Bitcoin ETF  (BRRR)  (CIK 0001841175),0001841175,10-K,2026-03-10,2025-12-31,"New York, NY",0001999371-26-005527
0000006201-26-000014:aal-20251231.htm,"American Airlines Group Inc.  (AAL)  (CIK 0000006201), AMERICAN AIRLINES, INC.  (CIK 0000004515)","0000006201, 0000004515",10-K,2026-02-18,2025-12-31,"Fort Worth, TX, Fort Worth, TX",0000006201-26-000014
0000101199-26-000015:ufcs-20251231.htm,UNITED FIRE GROUP INC  (UFCS)  (CIK 0000101199),0000101199,10-K,2026-02-26,2025-12-31,"Cedar Rapids, IA",0000101199-26-000015
0001819438-26-000012:ghw-20251231.htm,"ESS Tech, Inc.  (GWH, GWH-WT)  (CIK 0001819438)",0001819438,10-K,2026-03-05,2025-12-31,"Wilsonville, OR",0001819438-26-000012
0001104659-26-021440:sho-20251231x10k.htm,"Sunstone Hotel Investors, Inc.  (SHO, SHO-PH, SHO-PI)  (CIK 0001295810)",0001295810,10-K,2026-02-27,2025-12-31,"Aliso Viejo, CA",0001104659-26-021440
0000737875-26-000009:fkys-20251231x10k.htm,FIRST KEYSTONE CORP  (FKYS)  (CIK 0000737875),0000737875,10-K,2026-03-30,2025-12-31,"Berwick, PA",0000737875-26-000009
0001193125-26-116164:eldn-20251231.htm,"Eledon Pharmaceuticals, Inc.  (ELDN)  (CIK 0001404281)",0001404281,10-K,2026-03-19,2025-12-31,"Irvine, CA",0001193125-26-116164
0001628280-26-019614:rjet-20251231.htm,REPUBLIC AIRWAYS HOLDINGS INC.  (RJET)  (CIK 0000810332),0000810332,10-K,2026-03-19,2025-12-31,"Carmel, IN",0001628280-26-019614
0001213900-26-048621:ea0286650-10ka1_bgcgroup.htm,"BGC Group, Inc.  (BGC)  (CIK 0001094831)",0001094831,10-K/A,2026-04-28,2025-12-31,"New York, NY",0001213900-26-048621
0001437578-26-000006:bfam-20251231.htm,BRIGHT HORIZONS FAMILY SOLUTIONS INC.  (BFAM)  (CIK 0001437578),0001437578,10-K,2026-02-26,2025-12-31,"Newton, MA",0001437578-26-000006
0001628280-26-007719:gtes-20251231.htm,Gates Industrial Corp plc  (GTES)  (CIK 0001718512),0001718512,10-K,2026-02-12,2025-12-31,"Denver, CO",0001628280-26-007719
0000051143-26-000010:ibm-20251231_d2.htm,INTERNATIONAL BUSINESS MACHINES CORP  (IBM)  (CIK 0000051143),0000051143,10-K,2026-02-24,2025-12-31,"Armonk, NY",0000051143-26-000010
0001104659-26-033077:tbph-20251231x10k.htm,"Theravance Biopharma, Inc.  (TBPH)  (CIK 0001583107)",0001583107,10-K,2026-03-23,2025-12-31,"George Town, Grand Cayman, CA",0001104659-26-033077
0001213900-26-021831:ea0276464-10k_ark21share.htm,Ark 21Shares Bitcoin ETF  (ARKB)  (CIK 0001869699),0001869699,10-K,2026-03-02,2025-12-31,"New York, NY",0001213900-26-021831
0001193125-26-075954:banf-20251231.htm,"BANCFIRST CORP /OK/  (BANF, BANFP)  (CIK 0000760498)",0000760498,10-K,2026-02-26,2025-12-31,"Oklahoma City, OK",0001193125-26-075954
0001628280-26-011360:axon-20251231.htm,"AXON ENTERPRISE, INC.  (AXON)  (CIK 0001069183)",0001069183,10-K,2026-02-25,2025-12-31,"Scottsdale, AZ",0001628280-26-011360
0002074176-26-000010:vnom-20251231.htm,"Viper Energy, Inc.  (VNOM)  (CIK 0002074176)",0002074176,10-K,2026-02-25,2025-12-31,"Midland, TX",0002074176-26-000010
0001193125-26-109481:lsbk-20251231.htm,"Lake Shore Bancorp, Inc. /MD/  (LSBK)  (CIK 0002059653)",0002059653,10-K,2026-03-17,2025-12-31,"Dunkirk, NY",0001193125-26-109481
0001104659-26-036846:tmb-20251231x10k.htm,"Terrestrial Energy Inc. /DE/  (IMSR, IMSRW)  (CIK 0002019804)",0002019804,10-K,2026-03-30,2025-12-31,"Charlotte, NC",0001104659-26-036846
0001171843-26-001150:sfbs20251231_10k.htm,"ServisFirst Bancshares, Inc.  (SFBS)  (CIK 0001430723)",0001430723,10-K,2026-02-27,2025-12-31,"Birmingham, AL",0001171843-26-001150
0001193125-26-108326:lab-20251231.htm,STANDARD BIOTOOLS INC.  (LAB)  (CIK 0001162194),0001162194,10-K,2026-03-16,2025-12-31,"Boston, MA",0001193125-26-108326
0000089800-26-000008:shw-20251231.htm,SHERWIN WILLIAMS CO  (SHW)  (CIK 0000089800),0000089800,10-K,2026-02-19,2025-12-31,"Cleveland, OH",0000089800-26-000008
0000899394-26-000011:hrbr-20241231.htm,"HARBOR DIVERSIFIED, INC.  (CIK 0000899394)",0000899394,10-K,2026-04-08,2024-12-31,"Appleton, WI",0000899394-26-000011
0001104659-26-027651:hnvr-20251231x10k.htm,"Hanover Bancorp, Inc. /MD  (HNVR)  (CIK 0001828588)",0001828588,10-K,2026-03-13,2025-12-31,"Mineola, NY",0001104659-26-027651
0001628280-26-004994:cmcsa-20251231.htm,"COMCAST CORP  (CCZ, CMCSA)  (CIK 0001166691)",0001166691,10-K,2026-02-03,2025-12-31,"Philadelphia, PA",0001628280-26-004994
0001493152-26-009196:form10-k.htm,Bunker Hill Mining Corp.  (BHLL)  (CIK 0001407583),0001407583,10-K,2026-03-06,2025-12-31,"Ontario, A6",0001493152-26-009196
0002064953-26-000008:sols-20251231.htm,Solstice Advanced Materials Inc.  (SOLS)  (CIK 0002064953),0002064953,10-K,2026-02-19,2025-12-31,"Morris Plains, NJ",0002064953-26-000008
0001609151-26-000016:weav-20251231.htm,"Weave Communications, Inc.  (WEAV)  (CIK 0001609151)",0001609151,10-K,2026-03-05,2025-12-31,"Lehi, UT",0001609151-26-000016
0001628280-26-011093:hurn-20251231.htm,Huron Consulting Group Inc.  (HURN)  (CIK 0001289848),0001289848,10-K,2026-02-24,2025-12-31,"Chicago, IL",0001628280-26-011093
0001628280-26-012438:hto-20251231.htm,H2O AMERICA  (HTO)  (CIK 0000766829),0000766829,10-K,2026-02-26,2025-12-31,"San Jose, CA",0001628280-26-012438
0001097864-26-000006:on-20251231.htm,ON SEMICONDUCTOR CORP  (ON)  (CIK 0001097864),0001097864,10-K,2026-02-09,2025-12-31,"Scottsdale, AZ",0001097864-26-000006
0001389050-26-000009:aroc-20251231x10k.htm,"Archrock, Inc.  (AROC)  (CIK 0001389050)",0001389050,10-K,2026-02-26,2025-12-31,"Houston, TX",0001389050-26-000009
0001653653-26-000004:rrr-20251231.htm,"Red Rock Resorts, Inc.  (RRR)  (CIK 0001653653)",0001653653,10-K,2026-02-20,2025-12-31,"Las Vegas, NV",0001653653-26-000004
0000858470-26-000073:cog-20251231.htm,Coterra Energy Inc.  (CTRA)  (CIK 0000858470),0000858470,10-K,2026-02-27,2025-12-31,"Houston, TX",0000858470-26-000073
0001628280-26-017337:ontf-20251231.htm,ON24 INC.  (ONTF)  (CIK 0001110611),0001110611,10-K,2026-03-12,2025-12-31,"San Francisco, CA",0001628280-26-017337
0001193125-26-102364:mntk-20251231.htm,"Montauk Renewables, Inc.  (MNTK)  (CIK 0001826600)",0001826600,10-K,2026-03-11,2025-12-31,"Pittsburgh, PA",0001193125-26-102364
0001628280-26-013221:ihrt-20251231.htm,"iHeartMedia, Inc.  (IHRT, IHETW, IHRTB)  (CIK 0001400891)",0001400891,10-K,2026-03-02,2025-12-31,"San Antonio, TX",0001628280-26-013221
0001628280-26-017229:acnb-20251231.htm,ACNB CORP  (ACNB)  (CIK 0000715579),0000715579,10-K,2026-03-12,2025-12-31,"Gettysburg, PA",0001628280-26-017229
0001193125-26-071462:lfst-20251231.htm,"LifeStance Health Group, Inc.  (LFST)  (CIK 0001845257)",0001845257,10-K,2026-02-25,2025-12-31,"Scottsdale, AZ",0001193125-26-071462
0001275101-26-000010:botj-20251231x10k.htm,BANK OF THE JAMES FINANCIAL GROUP INC  (BOTJ)  (CIK 0001275101),0001275101,10-K,2026-03-27,2025-12-31,"Lynchburg, VA",0001275101-26-000010
0001630805-26-000018:bw-20251231.htm,"Babcock & Wilcox Enterprises, Inc.  (BW, BWNB, BW-PA)  (CIK 0001630805)",0001630805,10-K,2026-03-16,2025-12-31,"Akron, OH",0001630805-26-000018
0001193125-26-067292:rrc-20251231.htm,RANGE RESOURCES CORP  (RRC)  (CIK 0000315852),0000315852,10-K,2026-02-24,2025-12-31,"Ft Worth, TX",0001193125-26-067292
0001213900-26-050004:ea0286565-10ka1_newmark.htm,"NEWMARK GROUP, INC.  (NMRK)  (CIK 0001690680)",0001690680,10-K/A,2026-04-30,2025-12-31,"New York, NY",0001213900-26-050004
0001437071-26-000015:ivr-20251231.htm,"Invesco Mortgage Capital Inc.  (IVR, IVR-PC)  (CIK 0001437071)",0001437071,10-K,2026-02-23,2025-12-31,"Atlanta, GA",0001437071-26-000015
0001692787-26-000048:apa-20251231.htm,Kinetik Holdings Inc.  (KNTK)  (CIK 0001692787),0001692787,10-K,2026-02-26,2025-12-31,"Houston, TX",0001692787-26-000048
0001437749-26-005354:belfb20251231d_10k.htm,"BEL FUSE INC /NJ  (BELFA, BELFB)  (CIK 0000729580)",0000729580,10-K,2026-02-24,2025-12-31,"West Orange, NJ",0001437749-26-005354
0001628280-26-007757:utz-20251228.htm,"Utz Brands, Inc.  (UTZ)  (CIK 0001739566)",0001739566,10-K,2026-02-12,2025-12-28,"Hanover, PA",0001628280-26-007757
0001437749-26-009757:ovly20251231_10k.htm,Oak Valley Bancorp  (OVLY)  (CIK 0001431567),0001431567,10-K,2026-03-25,2025-12-31,"Oakdale, CA",0001437749-26-009757
0001413447-26-000008:nxpi-20251231.htm,NXP Semiconductors N.V.  (NXPI)  (CIK 0001413447),0001413447,10-K,2026-02-19,2025-12-31,,0001413447-26-000008
0001193125-26-078266:achc-20251231.htm,"Acadia Healthcare Company, Inc.  (ACHC)  (CIK 0001520697)",0001520697,10-K,2026-02-27,2025-12-31,"Franklin, TN",0001193125-26-078266
0001847064-26-000005:psqh-20251231.htm,"PSQ Holdings, Inc.  (PSQH, PSQH-WT)  (CIK 0001847064)",0001847064,10-K,2026-03-17,2025-12-31,"West Palm Beach, FL",0001847064-26-000005
0001213900-26-041108:ea0285006-10k_thunder.htm,"Thunder Power Holdings, Inc.  (AIEV)  (CIK 0001912582)",0001912582,10-K,2026-04-07,2025-12-31,Kowloon,0001213900-26-041108
0001493152-26-014042:form10-k.htm,"Investview, Inc.  (INVU, INVUP)  (CIK 0000862651)",0000862651,10-K,2026-03-31,2025-12-31,"Haverford, PA",0001493152-26-014042
0001628280-26-053960:fox-20260630.htm,"Fox Corp  (FOX, FOXA)  (CIK 0001754301)",0001754301,10-K,2026-08-06,2026-06-30,"New York, NY",0001628280-26-053960
0001104659-26-013442:tmb-20251231x10k.htm,"GCI Liberty, Inc.  (GLIBA, GLIBB, GLIBK)  (CIK 0002057463)",0002057463,10-K,2026-02-11,2025-12-31,"Englewood, CO",0001104659-26-013442
0001604665-26-000010:wlkp-20251231.htm,Westlake Chemical Partners LP  (WLKP)  (CIK 0001604665),0001604665,10-K,2026-03-04,2025-12-31,"Houston, TX",0001604665-26-000010
0001811074-26-000018:tpl-20251231.htm,Texas Pacific Land Corp  (TPL)  (CIK 0001811074),0001811074,10-K,2026-02-18,2025-12-31,"Dallas, TX",0001811074-26-000018
0000107833-26-000003:wps-20251231.htm,WISCONSIN PUBLIC SERVICE CORP  (CIK 0000107833),0000107833,10-K,2026-02-20,2025-12-31,"Green Bay, WI",0000107833-26-000003
0001193125-26-077703:bcsf-20251231.htm,"Bain Capital Specialty Finance, Inc.  (BCSF)  (CIK 0001655050)",0001655050,10-K,2026-02-27,2025-12-31,"Boston, MA",0001193125-26-077703
0001193125-26-096926:atai-20251231.htm,AtaiBeckley Inc.  (CIK 0002081043),0002081043,10-K,2026-03-06,2025-12-31,"New York, NY",0001193125-26-096926
0001193125-26-270260:cgc-20260331.htm,Canopy Growth Corp  (CGC)  (CIK 0001737927),0001737927,10-K,2026-06-15,2026-03-31,"Smith Falls, A6",0001193125-26-270260
0000927628-26-000024:cof-20251231.htm,"CAPITAL ONE FINANCIAL CORP  (COF, COF-PI, COF-PJ, COF-PK, COF-PL, COF-PN)  (CIK 0000927628)",0000927628,10-K,2026-02-19,2025-12-31,"Mclean, VA",0000927628-26-000024
0001035443-26-000013:are-20251231.htm,"ALEXANDRIA REAL ESTATE EQUITIES, INC.  (ARE)  (CIK 0001035443)",0001035443,10-K,2026-01-26,2025-12-31,"Pasadena, CA",0001035443-26-000013
0001193125-26-124286:ck0001982701-20251231.htm,AB Private Lending Fund  (CIK 0001982701),0001982701,10-K,2026-03-25,2025-12-31,"Austin, TX",0001193125-26-124286
0001104659-26-017031:pfg-20251231x10k.htm,PRINCIPAL FINANCIAL GROUP INC  (PFG)  (CIK 0001126328),0001126328,10-K,2026-02-18,2025-12-31,"Des Moines, IA",0001104659-26-017031
0001401914-26-000004:dare-20251231.htm,"Dare Bioscience, Inc.  (DARE)  (CIK 0001401914)",0001401914,10-K,2026-03-26,2025-12-31,"San Diego, CA",0001401914-26-000004
0001136893-26-000013:fis-20251231.htm,"Fidelity National Information Services, Inc.  (FIS)  (CIK 0001136893)",0001136893,10-K,2026-02-24,2025-12-31,"Jacksonville, FL",0001136893-26-000013
0001193125-26-134641:nndm-20251231.htm,Nano Dimension Ltd.  (NNDM)  (CIK 0001643303),0001643303,10-K,2026-03-31,2025-12-31,"Waltham, MA",0001193125-26-134641
0001734722-26-000012:path-20260131.htm,"UiPath, Inc.  (PATH)  (CIK 0001734722)",0001734722,10-K,2026-03-25,2026-01-31,"New York, NY",0001734722-26-000012
0000051253-26-000006:iff-20251231.htm,INTERNATIONAL FLAVORS & FRAGRANCES INC  (IFF)  (CIK 0000051253),0000051253,10-K,2026-02-27,2025-12-31,"New York, NY",0000051253-26-000006
0001193125-26-088543:adv-20251231.htm,Advantage Solutions Inc.  (ADV)  (CIK 0001776661),0001776661,10-K,2026-03-03,2025-12-31,"St. Louis, MO",0001193125-26-088543
0001193125-26-129567:gbfh-20251231.htm,GBank Financial Holdings Inc.  (GBFH)  (CIK 0001791145),0001791145,10-K,2026-03-30,2025-12-31,"Las Vegas, NV",0001193125-26-129567
0001437749-26-005853:wsbf20251231_10k.htm,"Waterstone Financial, Inc.  (WSBF)  (CIK 0001569994)",0001569994,10-K,2026-02-26,2025-12-31,"Wauwatosa, WI",0001437749-26-005853
0001628280-26-014380:brcb-20251231.htm,"Black Rock Coffee Bar, Inc.  (BRCB)  (CIK 0002068577)",0002068577,10-K,2026-03-04,2025-12-31,"Scottsdale, AZ",0001628280-26-014380
0001041657-26-000016:uone-20251231.htm,"URBAN ONE, INC.  (UONE, UONEK)  (CIK 0001041657)",0001041657,10-K,2026-03-20,2025-12-31,"Silver Spring, MD",0001041657-26-000016
0000717538-26-000037:arow-20251231.htm,ARROW FINANCIAL CORP  (AROW)  (CIK 0000717538),0000717538,10-K,2026-03-06,2025-12-31,"Glens Falls, NY",0000717538-26-000037
0001628280-26-011499:vlo-20251231.htm,VALERO ENERGY CORP/TX  (VLO)  (CIK 0001035002),0001035002,10-K,2026-02-25,2025-12-31,"San Antonio, TX",0001628280-26-011499
0001042046-26-000010:afg-20251231.htm,"AMERICAN FINANCIAL GROUP INC  (AFG, AFGB, AFGC, AFGD, AFGE)  (CIK 0001042046)",0001042046,10-K,2026-02-25,2025-12-31,"Cincinnati, OH",0001042046-26-000010
0001628280-26-008114:roku-20251231.htm,"ROKU, INC  (ROKU)  (CIK 0001428439)",0001428439,10-K,2026-02-13,2025-12-31,"San Jose, CA",0001628280-26-008114
0000030697-26-000009:wen-20251228.htm,Wendy's Co  (WEN)  (CIK 0000030697),0000030697,10-K,2026-02-23,2025-12-28,"Dublin, OH",0000030697-26-000009
0001935799-26-000006:baly-20251231.htm,"Bally's Chicago, Inc.  (CIK 0001935799)",0001935799,10-K,2026-03-31,2025-12-31,"Providence, RI",0001935799-26-000006
0001104659-26-022067:nclh-20251231x10k.htm,Norwegian Cruise Line Holdings Ltd.  (NCLH)  (CIK 0001513761),0001513761,10-K,2026-03-02,2025-12-31,"Miami, FL",0001104659-26-022067
0000891166-26-000010:uve-20251231.htm,"UNIVERSAL INSURANCE HOLDINGS, INC.  (UVE)  (CIK 0000891166)",0000891166,10-K,2026-02-27,2025-12-31,"Fort Lauderdale, FL",0000891166-26-000010
0001434647-26-000011:zvra-20251231.htm,"ZEVRA THERAPEUTICS, INC.  (ZVRA)  (CIK 0001434647)",0001434647,10-K,2026-03-09,2025-12-31,"Boston, MA",0001434647-26-000011
0001193125-26-105001:eex-20251231.htm,"Emerald Holding, Inc.  (EEX)  (CIK 0001579214)",0001579214,10-K,2026-03-13,2025-12-31,"San Juan Capistrano, CA",0001193125-26-105001
0001214659-26-003899:wtb32026010k.htm,WisdomTree Bitcoin Fund  (BTCW)  (CIK 0001850391),0001850391,10-K,2026-03-27,2025-12-31,"New York, NY",0001214659-26-003899
0001424182-26-000012:bnl-20251231.htm,"Broadstone Net Lease, Inc.  (BNL)  (CIK 0001424182)",0001424182,10-K,2026-02-19,2025-12-31,"Victor, NY",0001424182-26-000012
0001140361-26-011477:ef20067963-10k.htm,"Luminar Technologies, Inc./DE  (LAZRQ)  (CIK 0001758057)",0001758057,10-K,2026-03-27,2025-12-31,"Orlando, FL",0001140361-26-011477
0001493152-26-012409:form10-k.htm,"Cayson Acquisition Corp  (CAPN, CAPNR, CAPNU)  (CIK 0002024203)",0002024203,10-K,2026-03-24,2025-12-31,"New York, NY",0001493152-26-012409
0000034088-26-000045:xom-20251231.htm,EXXON MOBIL CORP  (XOM)  (CIK 0000034088),0000034088,10-K,2026-02-18,2025-12-31,"Spring, TX",0000034088-26-000045
0001104659-26-023167:clrb-20251231x10k.htm,"Cellectar Biosciences, Inc.  (CLRB)  (CIK 0001279704)",0001279704,10-K,2026-03-04,2025-12-31,"Florham Park, NJ",0001104659-26-023167
0001628280-26-017775:abl-20251231.htm,"Abacus Global Management, Inc.  (ABX, ABXL)  (CIK 0001814287)",0001814287,10-K,2026-03-13,2025-12-31,"Orlando, FL",0001628280-26-017775
0001043000-26-000009:snda-20251231.htm,"SONIDA SENIOR LIVING, INC.  (SNDA)  (CIK 0001043000)",0001043000,10-K,2026-03-12,2025-12-31,"Dallas, TX",0001043000-26-000009
0000100517-26-000023:ual-20251231.htm,"United Airlines Holdings, Inc.  (UAL)  (CIK 0000100517), UNITED AIRLINES, INC.  (CIK 0000319687)","0000100517, 0000319687",10-K,2026-02-12,2025-12-31,"Chicago, IL, Chicago, IL",0000100517-26-000023
0000769520-26-000011:midd-ex109x20251326x10k.htm,MIDDLEBY Corp  (MIDD)  (CIK 0000769520),0000769520,10-K,2026-03-04,2026-01-03,"Elgin, IL",0000769520-26-000011
0000052827-26-000036:ryn-20251231.htm,"RAYONIER INC  (RYN)  (CIK 0000052827), Rayonier, L.P.  (CIK 0001806931)","0000052827, 0001806931",10-K,2026-02-23,2025-12-31,"Wildlight, FL, Wildlight, FL",0000052827-26-000036
0001628280-26-036900:ens-20260331.htm,EnerSys  (ENS)  (CIK 0001289308),0001289308,10-K,2026-05-20,2026-03-31,"Reading, PA",0001628280-26-036900
0001628280-26-025273:boxl-20251231.htm,Boxlight Corp  (BOXL)  (CIK 0001624512),0001624512,10-K,2026-04-15,2025-12-31,"Duluth, GA",0001628280-26-025273
0001104659-26-028705:mux-20251231x10k.htm,McEwen Inc.  (MUX)  (CIK 0000314203),0000314203,10-K,2026-03-17,2025-12-31,Toronto,0001104659-26-028705
0000078890-26-000010:bco-20251231.htm,BRINKS CO  (BCO)  (CIK 0000078890),0000078890,10-K,2026-02-26,2025-12-31,"Richmond, VA",0000078890-26-000010
0001193125-26-131748:aktis_12.31.25_10k.htm,"Aktis Oncology, Inc.  (AKTS)  (CIK 0002035832)",0002035832,10-K,2026-03-30,2025-12-31,"Boston, MA",0001193125-26-131748
0001104659-26-036286:hypd-20251231x10k.htm,"HYPERION DEFI, INC.  (HYPD)  (CIK 0001682639)",0001682639,10-K,2026-03-30,2025-12-31,"New York, NY",0001104659-26-036286
0001628280-26-009546:vmc-20251231.htm,Vulcan Materials CO  (VMC)  (CIK 0001396009),0001396009,10-K,2026-02-19,2025-12-31,"Birmingham, AL",0001628280-26-009546
0001193125-26-100121:mfin-20251231.htm,"MEDALLION FINANCIAL CORP  (MFIN, MBNKO)  (CIK 0001000209)",0001000209,10-K,2026-03-10,2025-12-31,"New York, NY",0001193125-26-100121
0001104659-26-021479:bsrr-20251231x10k.htm,SIERRA BANCORP  (BSRR)  (CIK 0001130144),0001130144,10-K,2026-02-27,2025-12-31,"Porterville, CA",0001104659-26-021479
0000088205-26-000008:spxc-20251231.htm,"SPX Technologies, Inc.  (SPXC)  (CIK 0000088205)",0000088205,10-K,2026-02-25,2025-12-31,"Charlotte, NC",0000088205-26-000008
0000895126-26-000011:exe-20251231.htm,"EXPAND ENERGY Corp  (EXE, EXEEL, EXEEW, EXEEZ)  (CIK 0000895126)",0000895126,10-K,2026-02-18,2025-12-31,"Oklahoma City, OK",0000895126-26-000011
0001317630-26-000006:itc-20251231.htm,ITC Holdings Corp.  (CIK 0001317630),0001317630,10-K,2026-02-12,2025-12-31,"Novi, MI",0001317630-26-000006
0000107815-26-000003:wep-20251231.htm,"WISCONSIN ELECTRIC POWER CO  (WELPM, WELPP)  (CIK 0000107815)",0000107815,10-K,2026-02-20,2025-12-31,"Milwaukee, WI",0000107815-26-000003
0001193125-26-082425:hafc-20251231.htm,HANMI FINANCIAL CORP  (HAFC)  (CIK 0001109242),0001109242,10-K,2026-02-27,2025-12-31,"Los Angeles, CA",0001193125-26-082425
0001617640-26-000015:z-20251231.htm,"ZILLOW GROUP, INC.  (Z, ZG)  (CIK 0001617640)",0001617640,10-K,2026-02-11,2025-12-31,"Seattle, WA",0001617640-26-000015
0001140361-26-012031:ef20067585_10k.htm,"KRAKacquisition Corp  (KRAQ, KRAQU, KRAQW)  (CIK 0002082119)",0002082119,10-K,2026-03-30,2025-12-31,Grand Cayman,0001140361-26-012031
0001193125-26-059193:mlm-20251231.htm,MARTIN MARIETTA MATERIALS INC  (MLM)  (CIK 0000916076),0000916076,10-K,2026-02-19,2025-12-31,"Raleigh, NC",0001193125-26-059193
0001611547-26-000022:ue-20251231.htm,"Urban Edge Properties  (UE)  (CIK 0001611547), Urban Edge Properties LP  (CIK 0001681169)","0001611547, 0001681169",10-K,2026-02-11,2025-12-31,"New York, NY, New York, NY",0001611547-26-000022
0001628280-26-011709:mur-20251231.htm,MURPHY OIL CORP  (MUR)  (CIK 0000717423),0000717423,10-K,2026-02-25,2025-12-31,"Houston, TX",0001628280-26-011709
0001658566-26-000035:pr-20251231.htm,Permian Resources Corp  (PR)  (CIK 0001658566),0001658566,10-K,2026-02-26,2025-12-31,"Midland, TX",0001658566-26-000035
0001213900-26-035800:ea0281519-10k_21shares.htm,21Shares Solana ETF  (TSOL)  (CIK 0002028834),0002028834,10-K,2026-03-30,2025-12-31,"New York, NY",0001213900-26-035800
0000215466-26-000004:cde-20251231.htm,"Coeur Mining, Inc.  (CDE)  (CIK 0000215466)",0000215466,10-K,2026-02-18,2025-12-31,"Chicago, IL",0000215466-26-000004
0001193125-26-076495:cytk-20251231.htm,CYTOKINETICS INC  (CYTK)  (CIK 0001061983),0001061983,10-K,2026-02-26,2025-12-31,"South San Francisco, CA",0001193125-26-076495
0001104659-26-025836:func-20251231x10k.htm,FIRST UNITED CORP/MD/  (FUNC)  (CIK 0000763907),0000763907,10-K,2026-03-10,2025-12-31,"Oakland, MD",0001104659-26-025836
0000049071-26-000009:hum-20251231.htm,HUMANA INC  (HUM)  (CIK 0000049071),0000049071,10-K,2026-02-19,2025-12-31,"Louisville, KY",0000049071-26-000009
0000765207-26-000067:fnlc-20251231.htm,"First Bancorp, Inc /ME/  (FNLC)  (CIK 0000765207)",0000765207,10-K,2026-03-06,2025-12-31,"Damariscotta, ME",0000765207-26-000067
0001628280-26-004357:ba-20251231.htm,"BOEING CO  (BA, BA-PA)  (CIK 0000012927)",0000012927,10-K,2026-01-30,2025-12-31,"Arlington, VA",0001628280-26-004357
0001493152-26-014183:form10-k.htm,Nexentis Technologies Inc.  (NXTS)  (CIK 0001789192),0001789192,10-K,2026-03-31,2025-12-31,"New York, NY",0001493152-26-014183
0000016918-26-000011:stz-20260228.htm,"CONSTELLATION BRANDS, INC.  (STZ)  (CIK 0000016918)",0000016918,10-K,2026-04-22,2026-02-28,"Rochester, NY",0000016918-26-000011
0000916789-26-000048:hele-20260228.htm,HELEN OF TROY LTD  (HELE)  (CIK 0000916789),0000916789,10-K,2026-04-23,2026-02-28,"Hamilton, D0",0000916789-26-000048
0001381197-26-000062:ibkr-20251231.htm,"Interactive Brokers Group, Inc.  (IBKR)  (CIK 0001381197)",0001381197,10-K,2026-02-27,2025-12-31,"Greenwich, CT",0001381197-26-000062
0000885508-26-000017:strs-20251231.htm,STRATUS PROPERTIES INC  (STRS)  (CIK 0000885508),0000885508,10-K,2026-03-27,2025-12-31,"Austin, TX",0000885508-26-000017
0001517302-26-000047:apam-20251231.htm,Artisan Partners Asset Management Inc.  (APAM)  (CIK 0001517302),0001517302,10-K,2026-02-20,2025-12-31,"Milwaukee, WI",0001517302-26-000047
0001104659-26-021817:tmb-20251231x10k.htm,EchoStar CORP  (SATS)  (CIK 0001415404),0001415404,10-K,2026-03-02,2025-12-31,"Englewood, CO",0001104659-26-021817
0001492298-26-000008:sbra-20251231.htm,"Sabra Health Care REIT, Inc.  (SBRA)  (CIK 0001492298)",0001492298,10-K,2026-02-12,2025-12-31,"Tustin, CA",0001492298-26-000008
0001628280-26-013574:amrc_20251231x10-k.htm,"Ameresco, Inc.  (AMRC)  (CIK 0001488139)",0001488139,10-K,2026-03-03,2025-12-31,"Framingham, MA",0001628280-26-013574
0001628280-26-021737:kzr-20251231.htm,"Kezar Life Sciences, Inc.  (KZR)  (CIK 0001645666)",0001645666,10-K,2026-03-27,2025-12-31,"South San Francisco, CA",0001628280-26-021737
0000319201-26-000027:klac-20260630.htm,KLA CORP  (KLAC)  (CIK 0000319201),0000319201,10-K,2026-08-06,2026-06-30,"Milpitas, CA",0000319201-26-000027
0001493152-26-013792:form10-k.htm,"Xtant Medical Holdings, Inc.  (XTNT)  (CIK 0001453593)",0001453593,10-K,2026-03-31,2025-12-31,"Belgrade, MT",0001493152-26-013792
0001477932-26-002263:brql_10k.htm,DYNAMIC AEROSPACE SYSTEMS Corp  (BRQL)  (CIK 0001854526),0001854526,10-K,2026-04-15,2025-12-31,"Ann Arbor, MI",0001477932-26-002263
0001683168-26-002455:modulink_i10k-123125.htm,ModuLink Inc.  (MDLK)  (CIK 0001611046),0001611046,10-K,2026-03-31,2025-12-31,Hong Kong,0001683168-26-002455
0001213900-26-036962:ea0282088-10k_plumacq4.htm,"Plum Acquisition Corp, IV  (PLMK, PLMKU, PLMKW)  (CIK 0002030482)",0002030482,10-K,2026-03-31,2025-12-31,"San Francisco, CA",0001213900-26-036962
0000933036-26-000008:upbd-20251231.htm,"UPBOUND GROUP, INC.  (UPBD)  (CIK 0000933036)",0000933036,10-K,2026-02-23,2025-12-31,"Plano, TX",0000933036-26-000008
0000200406-26-000016:jnj-20251228.htm,JOHNSON & JOHNSON  (JNJ)  (CIK 0000200406),0000200406,10-K,2026-02-11,2025-12-28,"New Brunswick, NJ",0000200406-26-000016
0001035092-26-000014:shbi-20251231.htm,SHORE BANCSHARES INC  (SHBI)  (CIK 0001035092),0001035092,10-K,2026-03-02,2025-12-31,"Easton, MD",0001035092-26-000014
0001493152-26-013850:form10-k.htm,"Imunon, Inc.  (IMNN)  (CIK 0000749647)",0000749647,10-K,2026-03-31,2025-12-31,"Lawrenceville, NJ",0001493152-26-013850
0001125345-26-000017:mgnx-20251231.htm,MACROGENICS INC  (MGNX)  (CIK 0001125345),0001125345,10-K,2026-03-09,2025-12-31,"Rockville, MD",0001125345-26-000017
0001628280-26-011209:gmed-20251231.htm,GLOBUS MEDICAL INC  (GMED)  (CIK 0001237831),0001237831,10-K,2026-02-24,2025-12-31,"Audubon, PA",0001628280-26-011209
0001493152-26-009214:form10-k.htm,"Sharplink, Inc.  (SBET)  (CIK 0001981535)",0001981535,10-K,2026-03-09,2025-12-31,"Miami, FL",0001493152-26-009214
0001632127-26-000005:cabo-20251231.htm,"Cable One, Inc.  (CABO)  (CIK 0001632127)",0001632127,10-K,2026-02-26,2025-12-31,"Phoenix, AZ",0001632127-26-000005
0001193125-26-233537:algm-20260327.htm,"ALLEGRO MICROSYSTEMS, INC.  (ALGM)  (CIK 0000866291)",0000866291,10-K,2026-05-21,2026-03-27,"Manchester, NH",0001193125-26-233537
0000713676-26-000020:pnc-20251231.htm,"PNC FINANCIAL SERVICES GROUP, INC.  (PNC)  (CIK 0000713676)",0000713676,10-K,2026-02-20,2025-12-31,"Pittsburgh, PA",0000713676-26-000020
0001535778-26-000026:msif-20251231.htm,"MSC INCOME FUND, INC.  (MSIF)  (CIK 0001535778)",0001535778,10-K,2026-02-27,2025-12-31,"Houston, TX",0001535778-26-000026
0001104659-26-023561:seg-20251231x10k.htm,Seaport Entertainment Group Inc.  (SEG)  (CIK 0002009684),0002009684,10-K,2026-03-04,2025-12-31,"New York, NY",0001104659-26-023561
0001437749-26-006086:cvti20251231_10k.htm,"COVENANT LOGISTICS GROUP, INC.  (CVLG)  (CIK 0000928658)",0000928658,10-K,2026-02-27,2025-12-31,"Chattanooga, TN",0001437749-26-006086
0001274494-26-000021:fslr-20251231.htm,"FIRST SOLAR, INC.  (FSLR)  (CIK 0001274494)",0001274494,10-K,2026-02-24,2025-12-31,"Phoenix, AZ",0001274494-26-000021
0001104659-26-037403:ppta-20251231x10k.htm,PERPETUA RESOURCES CORP.  (PPTA)  (CIK 0001526243),0001526243,10-K,2026-03-31,2025-12-31,"Boise, ID",0001104659-26-037403
0001713683-26-000157:zs-20260731.htm,"Zscaler, Inc.  (ZS)  (CIK 0001713683)",0001713683,10-K,2026-09-03,2026-07-31,"San Jose, CA",0001713683-26-000157
0001193125-26-091558:sght-20251231.htm,"Sight Sciences, Inc.  (SGHT)  (CIK 0001531177)",0001531177,10-K,2026-03-04,2025-12-31,"Menlo Park, CA",0001193125-26-091558
0001628280-26-019438:ovid-20251231.htm,Ovid Therapeutics Inc.  (OVID)  (CIK 0001636651),0001636651,10-K,2026-03-18,2025-12-31,"New York, NY",0001628280-26-019438
0001114483-26-000003:gb-20251231.htm,Integer Holdings Corp  (ITGR)  (CIK 0001114483),0001114483,10-K,2026-02-23,2025-12-31,"Plano, TX",0001114483-26-000003
0001193125-26-064115:dea-20251231.htm,"Easterly Government Properties, Inc.  (DEA)  (CIK 0001622194)",0001622194,10-K,2026-02-23,2025-12-31,"Washington, DC",0001193125-26-064115
0001193125-26-064008:aple-20251231.htm,"Apple Hospitality REIT, Inc.  (APLE)  (CIK 0001418121)",0001418121,10-K,2026-02-23,2025-12-31,"Richmond, VA",0001193125-26-064008
0001370946-26-000067:oc-20251231.htm,Owens Corning  (OC)  (CIK 0001370946),0001370946,10-K,2026-02-25,2025-12-31,"Toledo, OH",0001370946-26-000067
0001504008-26-000011:bku-20251231.htm,"BankUnited, Inc.  (BKU)  (CIK 0001504008)",0001504008,10-K,2026-02-26,2025-12-31,"Miami Lakes, FL",0001504008-26-000011
0001999371-26-007206:rcred-10k_123125.htm,"CNL Strategic Residential Credit, Inc.  (CIK 0002066337)",0002066337,10-K,2026-03-30,2025-12-31,"Orlando, FL",0001999371-26-007206
0001193125-26-072102:smhi-20251231.htm,SEACOR Marine Holdings Inc.  (SMHI)  (CIK 0001690334),0001690334,10-K,2026-02-25,2025-12-31,"Houston, TX",0001193125-26-072102
0001193125-26-076730:orgo-20251231.htm,Organogenesis Holdings Inc.  (ORGO)  (CIK 0001661181),0001661181,10-K,2026-02-26,2025-12-31,"Canton, MA",0001193125-26-076730
0001437749-26-005997:mbwm20251231_10k.htm,MERCANTILE BANK CORP  (MBWM)  (CIK 0001042729),0001042729,10-K,2026-02-27,2025-12-31,"Grand Rapids, MI",0001437749-26-005997
0001193125-26-103715:hrtg-20251231.htm,"Heritage Insurance Holdings, Inc.  (HRTG)  (CIK 0001598665)",0001598665,10-K,2026-03-12,2025-12-31,"Tampa, FL",0001193125-26-103715
0001213900-26-034835:ea0282618-10k_oramed.htm,ORAMED PHARMACEUTICALS INC.  (ORMP)  (CIK 0001176309),0001176309,10-K,2026-03-26,2025-12-31,"New York, NY",0001213900-26-034835
0001560327-26-000008:rp-20251231.htm,"Rapid7, Inc.  (RPD)  (CIK 0001560327)",0001560327,10-K,2026-02-19,2025-12-31,"Boston, MA",0001560327-26-000008
0001071236-26-000027:rrbi-20251231.htm,RED RIVER BANCSHARES INC  (RRBI)  (CIK 0001071236),0001071236,10-K,2026-03-13,2025-12-31,"Alexandria, LA",0001071236-26-000027
0001437749-26-007084:fmnb20251231_10k.htm,FARMERS NATIONAL BANC CORP /OH/  (FMNB)  (CIK 0000709337),0000709337,10-K,2026-03-05,2025-12-31,"Canfield, OH",0001437749-26-007084
0001213900-26-032357:ea0279752-10k_bluerock.htm,"Bluerock Acquisition Corp.  (BLRK, BLRKU, BLRKW)  (CIK 0002081532)",0002081532,10-K,2026-03-20,2025-12-31,"Southfield, MI",0001213900-26-032357
0001193125-26-071486:ck0002000046-20251231.htm,Fidelity Ethereum Fund  (FETH)  (CIK 0002000046),0002000046,10-K,2026-02-25,2025-12-31,"Boston, MA",0001193125-26-071486
0001650372-26-000036:team-20260630.htm,Atlassian Corp  (TEAM)  (CIK 0001650372),0001650372,10-K,2026-08-14,2026-06-30,"San Francisco, CA",0001650372-26-000036
0001213900-26-044121:ea0282265-10k_rainenhan.htm,"Rain Enhancement Technologies Holdco, Inc.  (RAIN, RAINW)  (CIK 0002028293)",0002028293,10-K,2026-04-15,2025-12-31,"Naples, FL",0001213900-26-044121
0001041368-26-000007:rvsb-20260331x10k.htm,RIVERVIEW BANCORP INC  (RVSB)  (CIK 0001041368),0001041368,10-K,2026-06-12,2026-03-31,"Vancouver, WA",0001041368-26-000007
0001104659-26-019652:cldx-20251231x10k.htm,"Celldex Therapeutics, Inc.  (CLDX)  (CIK 0000744218)",0000744218,10-K,2026-02-25,2025-12-31,"Hampton, NJ",0001104659-26-019652
0001928446-26-000007:grnt-20251231.htm,"Granite Ridge Resources, Inc.  (GRNT)  (CIK 0001928446)",0001928446,10-K,2026-03-06,2025-12-31,"Dallas, TX",0001928446-26-000007
0001628280-26-016512:up-20251231.htm,"Wheels Up Experience Inc.  (UP, WSUPW)  (CIK 0001819516)",0001819516,10-K,2026-03-10,2025-12-31,"Chamblee, GA",0001628280-26-016512
0001666071-26-000010:cdlx-20251231.htm,"Cardlytics, Inc.  (CDLX)  (CIK 0001666071)",0001666071,10-K,2026-03-04,2025-12-31,"Atlanta, GA",0001666071-26-000010
0001614806-26-000010:rpt-20251231.htm,"Rithm Property Trust Inc.  (RPT, RPT-PC)  (CIK 0001614806)",0001614806,10-K,2026-02-18,2025-12-31,"New York, NY",0001614806-26-000010
0001193125-26-071808:slno-20251231.htm,SOLENO THERAPEUTICS INC  (SLNO)  (CIK 0001484565),0001484565,10-K,2026-02-25,2025-12-31,"Redwood City, CA",0001193125-26-071808
0001981599-26-000020:ctri-20251228.htm,"Centuri Holdings, Inc.  (CTRI)  (CIK 0001981599)",0001981599,10-K,2026-02-26,2025-12-28,"Phoenix, AZ",0001981599-26-000020
0001437749-26-007962:sava20251231_10k.htm,"FILANA THERAPEUTICS, INC.  (SAVA)  (CIK 0001069530)",0001069530,10-K,2026-03-12,2025-12-31,"Austin, TX",0001437749-26-007962
0000821189-26-000054:eog-20251231.htm,EOG RESOURCES INC  (EOG)  (CIK 0000821189),0000821189,10-K,2026-02-24,2025-12-31,"Houston, TX",0000821189-26-000054
0000914748-26-000005:cik0000914748-20251231.htm,EVEREST REINSURANCE HOLDINGS INC  (CIK 0000914748),0000914748,10-K,2026-03-31,2025-12-31,"Warren, NJ",0000914748-26-000005
0001104659-26-013549:aph-20251231x10k.htm,AMPHENOL CORP /DE/  (APH)  (CIK 0000820313),0000820313,10-K,2026-02-11,2025-12-31,"Wallingford, CT",0001104659-26-013549
0001437749-26-008215:fdbc20260301_10k.htm,FIDELITY D & D BANCORP INC  (FDBC)  (CIK 0001098151),0001098151,10-K,2026-03-13,2025-12-31,"Dunmore, PA",0001437749-26-008215
0001628280-26-009043:crh-20251231.htm,CRH PUBLIC LTD CO  (CRH)  (CIK 0000849395),0000849395,10-K,2026-02-18,2025-12-31,"Dublin 16, L2",0001628280-26-009043
0001141391-26-000013:ma-20251231.htm,Mastercard Inc  (MA)  (CIK 0001141391),0001141391,10-K,2026-02-11,2025-12-31,"Purchase, NY",0001141391-26-000013
0001628280-26-019804:rick-20250930.htm,"RCI HOSPITALITY HOLDINGS, INC.  (RICK)  (CIK 0000935419)",0000935419,10-K,2026-03-19,2025-09-30,"Houston, TX",0001628280-26-019804
0001104659-26-022070:nclc-20251231x10k.htm,NCL CORP Ltd.  (CIK 0001318742),0001318742,10-K,2026-03-02,2025-12-31,"Miami, FL",0001104659-26-022070
0001437749-26-009090:nby20251231_10k.htm,"NovaBay Pharmaceuticals, Inc.  (NBY)  (CIK 0001389545)",0001389545,10-K,2026-03-19,2025-12-31,"Emeryville, CA",0001437749-26-009090
0001193125-26-088288:prks-20251231.htm,United Parks & Resorts Inc.  (PRKS)  (CIK 0001564902),0001564902,10-K,2026-03-03,2025-12-31,"Orlando, FL",0001193125-26-088288
0001174922-26-000013:wynn-20251231.htm,WYNN RESORTS LTD  (WYNN)  (CIK 0001174922),0001174922,10-K,2026-03-02,2025-12-31,"Las Vegas, NV",0001174922-26-000013
0001104659-26-034528:edap-20251231x10k.htm,EDAP TMS SA  (EDAP)  (CIK 0001041934),0001041934,10-K,2026-03-25,2025-12-31,"69120 Vaulx En Velin, I0",0001104659-26-034528
0001637880-26-000012:tris-20251231.htm,"Tri-State Generation & Transmission Association, Inc.  (CIK 0001637880)",0001637880,10-K,2026-03-06,2025-12-31,"Westminster, CO",0001637880-26-000012
0001530721-26-000047:cpri-20260328.htm,Capri Holdings Ltd  (CPRI)  (CIK 0001530721),0001530721,10-K,2026-05-27,2026-03-28,"London, X0",0001530721-26-000047
0001213900-26-032389:ea0281899-10k_dynamix3.htm,"Dynamix Corp III  (DNMX, DNMXU, DNMXW)  (CIK 0002081125)",0002081125,10-K,2026-03-20,2025-12-31,"Houston, TX",0001213900-26-032389
0001193125-26-076536:sndx-20251231.htm,Syndax Pharmaceuticals Inc  (SNDX)  (CIK 0001395937),0001395937,10-K,2026-02-26,2025-12-31,"New York, NY",0001193125-26-076536
0001193125-26-071464:arko-20251231.htm,ARKO Corp.  (ARKO)  (CIK 0001823794),0001823794,10-K,2026-02-25,2025-12-31,"Richmond, VA",0001193125-26-071464
0001944558-26-000009:vitesse-20251231.htm,"Vitesse Energy, Inc.  (VTS)  (CIK 0001944558)",0001944558,10-K,2026-03-02,2025-12-31,"Greenwood Village, CO",0001944558-26-000009
0001590895-26-000011:czr-20251231.htm,"Caesars Entertainment, Inc.  (CZR)  (CIK 0001590895)",0001590895,10-K,2026-02-17,2025-12-31,"Reno, NV",0001590895-26-000011
0000092122-26-000006:so-20251231.htm,"SOUTHERN CO  (SO, SOJC, SOJD, SOJE, SOJF, SOMN)  (CIK 0000092122), GEORGIA POWER CO  (CIK 0000041091), SOUTHERN POWER CO  (CIK 0001160661), SOUTHERN CO GAS  (CIK 0001004155), ALABAMA POWER CO  (CIK 0000003153), MISSISSIPPI POWER CO  (CIK 0000066904)","0000092122, 0000041091, 0001160661, 0001004155, 0000003153, 0000066904",10-K,2026-02-19,2025-12-31,"Atlanta, GA, Atlanta, GA, Atlanta, GA, Atlanta, GA, Birmingham, AL, Gulfport, MS",0000092122-26-000006
0001109357-26-000018:exc-20251231.htm,"EXELON CORP  (EXC)  (CIK 0001109357), BALTIMORE GAS & ELECTRIC CO  (CIK 0000009466), COMMONWEALTH EDISON Co  (CIK 0000022606), PEPCO HOLDINGS LLC  (CIK 0001135971), PECO ENERGY CO  (CIK 0000078100), POTOMAC ELECTRIC POWER CO  (CIK 0000079732), ATLANTIC CITY ELECTRIC CO  (CIK 0000008192), DELMARVA POWER & LIGHT CO /DE/  (CIK 0000027879)","0001109357, 0000009466, 0000022606, 0001135971, 0000078100, 0000079732, 0000008192, 0000027879",10-K,2026-02-12,2025-12-31,"Chicago, IL, Baltimore, MD, Chicago, IL, Washington, DC, Philadelphia, PA, Washington, DC, Newark, DE, Newark, DE",0001109357-26-000018
0001628280-26-017326:kfit-20251231.htm,KKR FS Income Trust  (CIK 0001930679),0001930679,10-K,2026-03-12,2025-12-31,"Philadelphia, PA",0001628280-26-017326
0001396440-26-000016:main-20251231.htm,Main Street Capital CORP  (MAIN)  (CIK 0001396440),0001396440,10-K,2026-02-27,2025-12-31,"Houston, TX",0001396440-26-000016
0001628280-26-011734:fsk-20251231.htm,FS KKR Capital Corp  (FSK)  (CIK 0001422183),0001422183,10-K,2026-02-25,2025-12-31,"Philadelphia, PA",0001628280-26-011734
0001906324-26-000008:qdel-20251228.htm,QuidelOrtho Corp  (QDEL)  (CIK 0001906324),0001906324,10-K,2026-02-19,2025-12-28,"San Diego, CA",0001906324-26-000008
0001708035-26-000053:ecvt-20251231.htm,Ecovyst Inc.  (ECVT)  (CIK 0001708035),0001708035,10-K,2026-02-27,2025-12-31,"Wayne, PA",0001708035-26-000053
0001104659-26-027047:crvs-20251231x10k.htm,"Corvus Pharmaceuticals, Inc.  (CRVS)  (CIK 0001626971)",0001626971,10-K,2026-03-12,2025-12-31,"South San Francisco, CA",0001104659-26-027047
0001140361-26-007179:ef20060005_10k.htm,NBT BANCORP INC  (NBTB)  (CIK 0000790359),0000790359,10-K,2026-02-27,2025-12-31,"Norwich, NY",0001140361-26-007179
0001683168-26-002452:kartoon_i10k-123125.htm,"Kartoon Studios, Inc.  (TOON)  (CIK 0001355848)",0001355848,10-K,2026-03-31,2025-12-31,"Beverly Hills, CA",0001683168-26-002452
0001605888-26-000017:altn-20251231.htm,"ATLANTIC INTERNATIONAL CORP.  (ATLN, SQLLW)  (CIK 0001605888)",0001605888,10-K,2026-04-15,2025-12-31,"Englewood Cliffs, NJ",0001605888-26-000017
0001193125-26-131782:annx-20251231.htm,"Annexon, Inc.  (ANNX)  (CIK 0001528115)",0001528115,10-K,2026-03-30,2025-12-31,"Brisbane, CA",0001193125-26-131782
0000018230-26-000008:cat-20251231.htm,CATERPILLAR INC  (CAT)  (CIK 0000018230),0000018230,10-K,2026-02-13,2025-12-31,"Irving, TX",0000018230-26-000008
0001213900-26-018114:ea0268293-10k_pyrophyte.htm,Pyrophyte Acquisition Corp.  (CIK 0001848756),0001848756,10-K,2026-02-19,2024-12-31,"Houston, TX",0001213900-26-018114
0001274737-26-000009:exdx-20251231.htm,EXAGEN INC.  (XGN)  (CIK 0001274737),0001274737,10-K,2026-03-10,2025-12-31,"Vista, CA",0001274737-26-000009
0001731122-26-000630:e7550_10-k.htm,Sadot Group Inc.  (SDOT)  (CIK 0001701756),0001701756,10-K,2026-04-29,2025-12-31,"Burleson, TX",0001731122-26-000630
0001628280-26-018815:cbus-20251231.htm,"Cibus, Inc.  (CBUS)  (CIK 0001705843)",0001705843,10-K,2026-03-17,2025-12-31,"San Diego, CA",0001628280-26-018815
0001437749-26-006147:nrp20251231_10k.htm,NATURAL RESOURCE PARTNERS LP  (NRP)  (CIK 0001171486),0001171486,10-K,2026-02-27,2025-12-31,"Houston, TX",0001437749-26-006147
0001104659-26-019215:clne-20251231x10k.htm,Clean Energy Fuels Corp.  (CLNE)  (CIK 0001368265),0001368265,10-K,2026-02-24,2025-12-31,"Newport Beach, CA",0001104659-26-019215
0001193125-26-117644:d76448d10k.htm,"Bain Capital GSS Investment Corp.  (BCSS, BCSS-UN, BCSS-WT)  (CIK 0002064355)",0002064355,10-K,2026-03-20,2025-12-31,George Town,0001193125-26-117644
0001628280-26-016325:fhlbdm-20251231.htm,Federal Home Loan Bank of Des Moines  (CIK 0001325814),0001325814,10-K,2026-03-10,2025-12-31,"Des Moines, IA",0001628280-26-016325
0001477449-26-000012:tdoc-20251231.htm,"Teladoc Health, Inc.  (TDOC)  (CIK 0001477449)",0001477449,10-K,2026-02-26,2025-12-31,"New York, NY",0001477449-26-000012
0001759655-26-000010:prva-20251231.htm,"Privia Health Group, Inc.  (PRVA)  (CIK 0001759655)",0001759655,10-K,2026-02-27,2025-12-31,"Arlington, VA",0001759655-26-000010
0001829126-26-002415:dmysquared_10k.htm,"dMY Squared Technology Group, Inc.  (DMYY, DMYYU, DMYYW)  (CIK 0001915380)",0001915380,10-K,2026-03-18,2025-12-31,"Las Vegas, NV",0001829126-26-002415
0001193125-26-130451:vor-20251231.htm,Vor Biopharma Inc.  (VOR)  (CIK 0001817229),0001817229,10-K,2026-03-30,2025-12-31,"Boston, MA",0001193125-26-130451
0001339970-26-000008:atyr-20251231.htm,aTYR PHARMA INC  (ATYR)  (CIK 0001339970),0001339970,10-K,2026-03-05,2025-12-31,"San Diego, CA",0001339970-26-000008
0001828972-26-000030:bzfd-20251231.htm,"BuzzFeed, Inc.  (BZFD, BZFDW)  (CIK 0001828972)",0001828972,10-K,2026-03-16,2025-12-31,"New York, NY",0001828972-26-000030
0001932393-26-000007:gehc-20251231.htm,GE HealthCare Technologies Inc.  (GEHC)  (CIK 0001932393),0001932393,10-K,2026-02-04,2025-12-31,"Chicago, IL",0001932393-26-000007
0001104659-26-024137:nxtc-20251231x10k.htm,"NextCure, Inc.  (NXTC)  (CIK 0001661059)",0001661059,10-K,2026-03-05,2025-12-31,"Beltsville, MD",0001104659-26-024137
0001563190-26-000057:comp-20251231.htm,"Compass, Inc.  (COMP)  (CIK 0001563190)",0001563190,10-K,2026-02-27,2025-12-31,"New York, NY",0001563190-26-000057
0001326732-26-000015:xncr-20251231.htm,Xencor Inc  (XNCR)  (CIK 0001326732),0001326732,10-K,2026-02-25,2025-12-31,"Pasadena, CA",0001326732-26-000015
0001213900-26-036606:ea0281737-10k_aleanna.htm,"AleAnna, Inc.  (ANNA, ANNAW)  (CIK 0001845123)",0001845123,10-K,2026-03-31,2025-12-31,"Dallas, TX",0001213900-26-036606
0001193125-26-051677:akr-20251231.htm,ACADIA REALTY TRUST  (AKR)  (CIK 0000899629),0000899629,10-K,2026-02-13,2025-12-31,"Rye, NY",0001193125-26-051677
0001493152-26-013861:form10-k.htm,"Canton Strategic Holdings, Inc.  (CNTN)  (CIK 0001861657)",0001861657,10-K,2026-03-31,2025-12-31,"Bridgewater, NJ",0001493152-26-013861
0002017206-26-000002:ck0002017206-20251231.htm,"Millrose Properties, Inc.  (MRP)  (CIK 0002017206)",0002017206,10-K,2026-03-02,2025-12-31,"Chevy Chase, MD",0002017206-26-000002
0001898795-26-000028:lvwr-20251231.htm,"LiveWire Group, Inc.  (LVWR, LVWR-WT)  (CIK 0001898795)",0001898795,10-K,2026-02-20,2025-12-31,"Milwaukee, WI",0001898795-26-000028
0001193125-26-052750:por-20251231.htm,PORTLAND GENERAL ELECTRIC CO /OR/  (POR)  (CIK 0000784977),0000784977,10-K,2026-02-17,2025-12-31,"Portland, OR",0001193125-26-052750
0000915912-26-000004:avb-20251231.htm,AVALONBAY COMMUNITIES INC  (AVB)  (CIK 0000915912),0000915912,10-K,2026-02-27,2025-12-31,"Arlington, VA",0000915912-26-000004
0001628280-26-015838:bta-20251231.htm,"BETA Technologies, Inc.  (BETA)  (CIK 0001784570)",0001784570,10-K,2026-03-09,2025-12-31,"South Burlington, VT",0001628280-26-015838
0001104659-26-016380:tcmd-20251231x10k.htm,TACTILE SYSTEMS TECHNOLOGY INC  (TCMD)  (CIK 0001027838),0001027838,10-K,2026-02-17,2025-12-31,"Minneapolis, MN",0001104659-26-016380
0001193125-26-104092:tsndf-20251231.htm,TerrAscend Corp.  (TSNDF)  (CIK 0001778129),0001778129,10-K,2026-03-12,2025-12-31,"Mississauga, A6",0001193125-26-104092
0001628280-26-011125:ogn-20251231.htm,Organon & Co.  (OGN)  (CIK 0001821825),0001821825,10-K,2026-02-24,2025-12-31,"Jersey City, NJ",0001628280-26-011125
0002007587-26-000016:aii-20251231.htm,"American Integrity Insurance Group, Inc.  (AII)  (CIK 0002007587)",0002007587,10-K,2026-02-27,2025-12-31,"Tampa, FL",0002007587-26-000016
0001213900-26-037573:ea0283368-10k_reviumrx.htm,Revium Rx.  (RVRC)  (CIK 0001839140),0001839140,10-K,2026-03-31,2025-12-31,"New York, NY",0001213900-26-037573
0001206774-26-000084:sfst4554191-10k.htm,SOUTHERN FIRST BANCSHARES INC  (SFST)  (CIK 0001090009),0001090009,10-K,2026-02-24,2025-12-31,"Greenville, SC",0001206774-26-000084
0001193125-26-102677:vel-20251231.htm,"Velocity Financial, Inc.  (VEL)  (CIK 0001692376)",0001692376,10-K,2026-03-12,2025-12-31,"Westlake Village, CA",0001193125-26-102677
0001213900-26-036641:ea0281823-10k_21shares.htm,21Shares Ethereum ETF  (TETH)  (CIK 0001992508),0001992508,10-K,2026-03-31,2025-12-31,"New York, NY",0001213900-26-036641
0001568651-26-000011:oscr-20251231.htm,"Oscar Health, Inc.  (OSCR)  (CIK 0001568651)",0001568651,10-K,2026-02-13,2025-12-31,"New York, NY",0001568651-26-000011
0001624322-26-000018:bfst-20251231.htm,"Business First Bancshares, Inc.  (BFST)  (CIK 0001624322)",0001624322,10-K,2026-02-26,2025-12-31,"Baton Rouge, LA",0001624322-26-000018
0001104659-26-028515:atni-20251231x10k.htm,"ATN International, Inc.  (ATNI)  (CIK 0000879585)",0000879585,10-K,2026-03-16,2025-12-31,"Beverly, MA",0001104659-26-028515
0001213900-26-024814:ea0277870-10k_dynamix.htm,"Dynamix Corp  (ETHM, ETHMU, ETHMW)  (CIK 0002028699)",0002028699,10-K,2026-03-06,2025-12-31,Grand Cayman,0001213900-26-024814
0001193125-26-092591:sln-20251231.htm,"Silence Therapeutics plc  (SLN, SLNCF)  (CIK 0001479615)",0001479615,10-K,2026-03-05,2025-12-31,London,0001193125-26-092591
0000046195-26-000015:boh-20251231.htm,"BANK OF HAWAII CORP  (BOH, BOH-PA, BOH-PB)  (CIK 0000046195)",0000046195,10-K,2026-02-24,2025-12-31,"Honolulu, HI",0000046195-26-000015
0001683168-26-002257:actuate_i10k-123125.htm,"ACTUATE THERAPEUTICS, INC.  (ACTU)  (CIK 0001652935)",0001652935,10-K,2026-03-26,2025-12-31,"Fort Worth, TX",0001683168-26-002257
0001104659-26-036922:spkl-20251231x10k.htm,"Spark I Acquisition Corp  (SPKL, SPKLU, SPKLW)  (CIK 0001884046)",0001884046,10-K,2026-03-30,2025-12-31,"Palo Alto, CA",0001104659-26-036922
0001746473-26-000037:plrx-20251231.htm,"PLIANT THERAPEUTICS, INC.  (PLRX)  (CIK 0001746473)",0001746473,10-K,2026-03-11,2025-12-31,"South San Francisco, CA",0001746473-26-000037
0001829126-26-003527:hallchadwickacq_10k.htm,"Hall Chadwick Acquisition Corp  (HCAC, HCACR, HCACU)  (CIK 0002079013)",0002079013,10-K,2026-04-15,2025-12-31,Grand Cayman,0001829126-26-003527
0000320017-26-000023:lsta-20251231.htm,"LISATA THERAPEUTICS, INC.  (LSTA)  (CIK 0000320017)",0000320017,10-K,2026-03-12,2025-12-31,"Basking Ridge, NJ",0000320017-26-000023
0000927653-26-000069:mck-20260331.htm,MCKESSON CORP  (MCK)  (CIK 0000927653),0000927653,10-K,2026-05-08,2026-03-31,"Irving, TX",0000927653-26-000069
0001159036-26-000024:halo-20251231.htm,"HALOZYME THERAPEUTICS, INC.  (HALO)  (CIK 0001159036)",0001159036,10-K,2026-02-17,2025-12-31,"San Diego, CA",0001159036-26-000024
0002029118-26-000014:inr-20251231.htm,"INFINITY NATURAL RESOURCES, INC.  (INR)  (CIK 0002029118)",0002029118,10-K,2026-03-10,2025-12-31,"Morgantown, WV",0002029118-26-000014
0001193125-26-087049:cbl-20251231.htm,CBL & ASSOCIATES PROPERTIES INC  (CBL)  (CIK 0000910612),0000910612,10-K,2026-03-03,2025-12-31,"Chattanooga, TN",0001193125-26-087049
0001104659-26-033907:itha-20251231x10k.htm,"ITHAX Acquisition Corp III  (ITHA, ITHAU, ITHAW)  (CIK 0002080985)",0002080985,10-K,2026-03-24,2025-12-31,"Miami, FL",0001104659-26-033907
0001193125-26-108346:kynb-20251231.htm,"KYNTRA BIO, INC.  (KYNB)  (CIK 0000921299)",0000921299,10-K,2026-03-16,2025-12-31,"San Francisco, CA",0001193125-26-108346
0001493152-26-016778:form10-k.htm,"SHF Holdings, Inc.  (SHFS, SHFSW)  (CIK 0001854963)",0001854963,10-K,2026-04-15,2025-12-31,"Golden, CO",0001493152-26-016778
0001829126-26-002856:bertoacquisition_10k.htm,"Berto Acquisition Corp.  (TACO, TACOU, TACOW)  (CIK 0002033122)",0002033122,10-K,2026-03-31,2025-12-31,"Las Vegas, NV",0001829126-26-002856
0001628280-26-011655:agl-20251231.htm,"agilon health, inc.  (AGL)  (CIK 0001831097)",0001831097,10-K,2026-02-25,2025-12-31,"Westerville, OH",0001628280-26-011655
0001822479-26-000015:shc-20251231.htm,Sotera Health Co  (SHC)  (CIK 0001822479),0001822479,10-K,2026-02-24,2025-12-31,"Broadview Heights, OH",0001822479-26-000015
0000026172-26-000009:cmi-20251231.htm,CUMMINS INC  (CMI)  (CIK 0000026172),0000026172,10-K,2026-02-10,2025-12-31,"Columbus, IN",0000026172-26-000009
0001628280-26-017328:kfits-20251231.htm,KKR FS Income Trust Select  (CIK 0001975736),0001975736,10-K,2026-03-12,2025-12-31,"Philadelphia, PA",0001628280-26-017328
0001104659-26-036182:fencf-20251231x10k.htm,FENNEC PHARMACEUTICALS INC.  (FENC)  (CIK 0001211583),0001211583,10-K,2026-03-27,2025-12-31,"Research Triangle Park, NC",0001104659-26-036182
0001213900-26-023746:ea0277185-10k_safeguard.htm,"Safeguard Acquisition Corp.  (SAC, SAC-UN, SAC-WT)  (CIK 0002082844)",0002082844,10-K,2026-03-04,2025-12-31,"Las Vegas, NV",0001213900-26-023746
0001628280-26-017245:sdhc-20251231.htm,Smith Douglas Homes Corp.  (SDHC)  (CIK 0001982518),0001982518,10-K,2026-03-12,2025-12-31,"Woodstock, GA",0001628280-26-017245
0001410384-26-000006:qtwo-20251231.htm,"Q2 Holdings, Inc.  (QTWO)  (CIK 0001410384)",0001410384,10-K,2026-02-11,2025-12-31,"Austin, TX",0001410384-26-000006
0001361658-26-000009:tnl-20251231.htm,Travel & Leisure Co.  (TNL)  (CIK 0001361658),0001361658,10-K,2026-02-18,2025-12-31,"Orlando, FL",0001361658-26-000009
0000700564-26-000006:fult-20251231.htm,"FULTON FINANCIAL CORP  (FULT, FULTP)  (CIK 0000700564)",0000700564,10-K,2026-02-27,2025-12-31,"Lancaster, PA",0000700564-26-000006
0000313143-26-000050:hae-20260328.htm,HAEMONETICS CORP  (HAE)  (CIK 0000313143),0000313143,10-K,2026-05-20,2026-03-28,"Boston, MA",0000313143-26-000050
0001039684-26-000006:oke-20251231.htm,ONEOK INC /NEW/  (OKE)  (CIK 0001039684),0001039684,10-K,2026-02-24,2025-12-31,"Tulsa, OK",0001039684-26-000006
0001566011-26-000003:pbfh-20251231.htm,"PBF Holding Co LLC  (CIK 0001566011), PBF Finance Corp  (CIK 0001566097)","0001566011, 0001566097",10-K,2026-02-23,2025-12-31,"Parsippany, NJ, Parsippany, NJ",0001566011-26-000003
0001795586-26-000013:chym-20251231.htm,"Chime Financial, Inc.  (CHYM)  (CIK 0001795586)",0001795586,10-K,2026-03-06,2025-12-31,"San Francisco, CA",0001795586-26-000013
0000051434-26-000055:ip-20251231.htm,"INTERNATIONAL PAPER CO /NEW/  (IP, INPAP)  (CIK 0000051434)",0000051434,10-K,2026-02-27,2025-12-31,"Memphis, TN",0000051434-26-000055
0001193125-26-051453:pld-20251231.htm,"Prologis, Inc.  (PLD, PLDGP)  (CIK 0001045609), Prologis, L.P.  (CIK 0001045610)","0001045609, 0001045610",10-K,2026-02-13,2025-12-31,"San Francisco, CA, San Francisco, CA",0001193125-26-051453
0001680247-26-000028:pump-20251231.htm,ProPetro Holding Corp.  (PUMP)  (CIK 0001680247),0001680247,10-K,2026-02-19,2025-12-31,"Midland, TX",0001680247-26-000028
0000764065-26-000025:clf-20251231.htm,CLEVELAND-CLIFFS INC.  (CLF)  (CIK 0000764065),0000764065,10-K,2026-02-09,2025-12-31,"Cleveland, OH",0000764065-26-000025
0001213900-26-025433:ea0277639-10k_protara.htm,"Protara Therapeutics, Inc.  (TARA)  (CIK 0001359931)",0001359931,10-K,2026-03-10,2025-12-31,"New York, NY",0001213900-26-025433
0000045876-26-000010:nvri-20251231.htm,ENVIRI Corp  (NVRI)  (CIK 0000045876),0000045876,10-K,2026-02-24,2025-12-31,"Philadelphia, PA",0000045876-26-000010
0001213900-26-032919:ea0282907-10k_tgevalue.htm,"TGE Value Creative Solutions Corp  (BEBE, BEBE-UN, BEBE-WT)  (CIK 0002079933)",0002079933,10-K,2026-03-23,2025-12-31,Paris,0001213900-26-032919
0001628280-26-011060:xhr-20251231.htm,"Xenia Hotels & Resorts, Inc.  (XHR)  (CIK 0001616000)",0001616000,10-K,2026-02-24,2025-12-31,"Orlando, FL",0001628280-26-011060
0001193125-26-071441:flo-20260103.htm,FLOWERS FOODS INC  (FLO)  (CIK 0001128928),0001128928,10-K,2026-02-25,2026-01-03,"Thomasville, GA",0001193125-26-071441
0001213900-26-033659:ea0282863-10k_commercial.htm,"Commercial Bancgroup, Inc.  (CBK)  (CIK 0001981546)",0001981546,10-K,2026-03-24,2025-12-31,"Harrogate, TN",0001213900-26-033659
0001674335-26-000043:jeld-20251231.htm,"JELD-WEN Holding, Inc.  (JELD)  (CIK 0001674335)",0001674335,10-K,2026-02-23,2025-12-31,"Charlotte, NC",0001674335-26-000043
0001492691-26-000016:knx-20251231.htm,Knight-Swift Transportation Holdings Inc.  (KNX)  (CIK 0001492691),0001492691,10-K,2026-02-19,2025-12-31,"Phoenix, AZ",0001492691-26-000016
0000074208-26-000013:udr-20251231x10k.htm,"UDR, Inc.  (UDR)  (CIK 0000074208)",0000074208,10-K,2026-02-17,2025-12-31,"Highlands Ranch, CO",0000074208-26-000013
0001193125-26-071562:ionq-20251231.htm,"IonQ, Inc.  (IONQ, IONQ-WT)  (CIK 0001824920)",0001824920,10-K,2026-02-25,2025-12-31,"College Park, MD",0001193125-26-071562
0001688757-26-000022:esta-20251231.htm,ESTABLISHMENT LABS HOLDINGS INC.  (ESTA)  (CIK 0001688757),0001688757,10-K,2026-02-27,2025-12-31,"Alajuela, G2",0001688757-26-000022
0001193125-26-115894:ck0001950572-20251231.htm,BIP Ventures Evergreen BDC  (CIK 0001950572),0001950572,10-K,2026-03-19,2025-12-31,"Atlanta, GA",0001193125-26-115894
0001705696-26-000034:vici-20251231.htm,"VICI PROPERTIES INC.  (VICI)  (CIK 0001705696), VICI Properties L.P.  (CIK 0001920791)","0001705696, 0001920791",10-K,2026-02-25,2025-12-31,"New York, NY, New York, NY",0001705696-26-000034
0001628280-26-011634:hnst-20251231.htm,"Honest Company, Inc.  (HNST)  (CIK 0001530979)",0001530979,10-K,2026-02-25,2025-12-31,"Los Angeles, CA",0001628280-26-011634
0000036104-26-000011:usb-20251231_d2.htm,"US BANCORP \DE\  (USB, USB-PA, USB-PH, USB-PP, USB-PQ, USB-PR, USB-PS)  (CIK 0000036104)",0000036104,10-K,2026-02-23,2025-12-31,"Minneapolis, MN",0000036104-26-000011
0000883984-26-000008:icui-20251231.htm,ICU MEDICAL INC/DE  (ICUI)  (CIK 0000883984),0000883984,10-K,2026-02-19,2025-12-31,"San Clemente, CA",0000883984-26-000008
0001138118-26-000005:cbre-20251231.htm,"CBRE GROUP, INC.  (CBRE)  (CIK 0001138118)",0001138118,10-K,2026-02-12,2025-12-31,"Dallas, TX",0001138118-26-000005
0001915657-26-000016:dino-20251231.htm,HF Sinclair Corp  (DINO)  (CIK 0001915657),0001915657,10-K,2026-02-27,2025-12-31,"Dallas, TX",0001915657-26-000016
0001193125-26-078407:ee-20251231.htm,"Excelerate Energy, Inc.  (EE)  (CIK 0001888447)",0001888447,10-K,2026-02-27,2025-12-31,"The Woodlands, TX",0001193125-26-078407
0001193125-26-102386:ck0001837532-20251231.htm,Apollo Debt Solutions BDC  (CIK 0001837532),0001837532,10-K,2026-03-11,2025-12-31,"New York, NY",0001193125-26-102386
0001193125-26-128949:d63874d10k.htm,Andersen Group Inc.  (ANDG)  (CIK 0002065708),0002065708,10-K,2026-03-27,2025-12-31,"San Francisco, CA",0001193125-26-128949
0001047340-26-000015:fdp-20251226.htm,FRESH DEL MONTE PRODUCE INC  (FDP)  (CIK 0001047340),0001047340,10-K,2026-02-19,2025-12-26,"Coral Gables, FL",0001047340-26-000015
0001642380-26-000004:imdx-20251231.htm,Insight Molecular Diagnostics Inc.  (IMDX)  (CIK 0001642380),0001642380,10-K,2026-03-26,2025-12-31,"Nashville, TN",0001642380-26-000004
0000790816-26-000008:bdn-20251231.htm,"BRANDYWINE REALTY TRUST  (BDN)  (CIK 0000790816), BRANDYWINE OPERATING PARTNERSHIP, L.P.  (CIK 0001060386)","0000790816, 0001060386",10-K,2026-02-23,2025-12-31,"Philadelphia, PA, Philadelphia, PA",0000790816-26-000008
0001448893-26-000009:esnt-20251231.htm,Essent Group Ltd.  (ESNT)  (CIK 0001448893),0001448893,10-K,2026-02-18,2025-12-31,"Hamilton, D0",0001448893-26-000009
0001193125-26-071593:alec-20251231.htm,"Alector, Inc.  (ALEC)  (CIK 0001653087)",0001653087,10-K,2026-02-25,2025-12-31,"South San Francisco, CA",0001193125-26-071593
0001001614-26-000011:rep-20251231.htm,"Riley Exploration Permian, Inc.  (REPX)  (CIK 0001001614)",0001001614,10-K,2026-03-04,2025-12-31,"Oklahoma City, OK",0001001614-26-000011
0001213900-26-024175:ea0279150-10k_adial.htm,"ADIAL PHARMACEUTICALS, INC.  (ADIL)  (CIK 0001513525)",0001513525,10-K,2026-03-05,2025-12-31,"Charlottesville, VA",0001213900-26-024175
0000936340-26-000054:dte-20251231.htm,"DTE ENERGY CO  (DTB, DTE, DTG, DTK, DTW)  (CIK 0000936340), DTE Electric Co  (CIK 0000028385)","0000936340, 0000028385",10-K,2026-02-17,2025-12-31,"Detroit, MI, Detroit, MI",0000936340-26-000054
0000352541-26-000007:lnt-20251231.htm,"ALLIANT ENERGY CORP  (LNT)  (CIK 0000352541), INTERSTATE POWER & LIGHT CO  (CIK 0000052485), WISCONSIN POWER & LIGHT CO  (CIK 0000107832)","0000352541, 0000052485, 0000107832",10-K,2026-02-20,2025-12-31,"Madison, WI, Cedar Rapids, IA, Madison, WI",0000352541-26-000007
0001534504-26-000010:pbf-20251231.htm,PBF Energy Inc.  (PBF)  (CIK 0001534504),0001534504,10-K,2026-02-12,2025-12-31,"Parsippany, NJ",0001534504-26-000010
0001779474-26-000013:maps-20251231.htm,"WM TECHNOLOGY, INC.  (MAPS, MAPSW)  (CIK 0001779474)",0001779474,10-K,2026-03-12,2025-12-31,"Irvine, CA",0001779474-26-000013
0000939767-26-000021:exel-20260102.htm,"EXELIXIS, INC.  (EXEL)  (CIK 0000939767)",0000939767,10-K,2026-02-10,2026-01-02,"Alameda, CA",0000939767-26-000021
0001193125-26-104468:srfm-20251231.htm,SURF AIR MOBILITY INC.  (SRFM)  (CIK 0001936224),0001936224,10-K,2026-03-12,2025-12-31,"Hawthorne, CA",0001193125-26-104468
0001408100-26-000072:kw-20251231.htm,"Kennedy-Wilson Holdings, Inc.  (KW)  (CIK 0001408100)",0001408100,10-K,2026-02-27,2025-12-31,"Beverly Hills, CA",0001408100-26-000072
0001471265-26-000008:nwbi-20251231.htm,"Northwest Bancshares, Inc.  (NWBI)  (CIK 0001471265)",0001471265,10-K,2026-02-25,2025-12-31,"Warren, PA",0001471265-26-000008
0001628280-26-015163:tlsi-20251231.htm,"TriSalus Life Sciences, Inc.  (TLSI, TLSIW)  (CIK 0001826667)",0001826667,10-K,2026-03-05,2025-12-31,"Westminster, CO",0001628280-26-015163
0001823878-26-000020:myps-20251231.htm,"PLAYSTUDIOS, Inc.  (MYPS, MYPSW)  (CIK 0001823878)",0001823878,10-K,2026-03-16,2025-12-31,"Las Vegas, NV",0001823878-26-000020
0001193125-26-048965:gty-20251231.htm,GETTY REALTY CORP /MD/  (GTY)  (CIK 0001052752),0001052752,10-K,2026-02-12,2025-12-31,"New York, NY",0001193125-26-048965
0001628280-26-017747:aurcu-20251231.htm,"Better Home & Finance Holding Co  (BETR, BETRW)  (CIK 0001835856)",0001835856,10-K,2026-03-13,2025-12-31,"New York, NY",0001628280-26-017747
0001193125-26-064309:ovv-20251231.htm,Ovintiv Inc.  (OVV)  (CIK 0001792580),0001792580,10-K,2026-02-23,2025-12-31,"Denver, CO",0001193125-26-064309
0001104659-26-024153:prof-20251231x10k.htm,Profound Medical Corp.  (PROF)  (CIK 0001628808),0001628808,10-K,2026-03-05,2025-12-31,"Mississauga, A6",0001104659-26-024153
0001437107-26-000020:wbd-20251231.htm,"Warner Bros. Discovery, Inc.  (WBD)  (CIK 0001437107)",0001437107,10-K,2026-02-27,2025-12-31,"New York, NY",0001437107-26-000020
0001193125-26-131747:apc_10k_12312025.htm,ARKO Petroleum Corp.  (APC)  (CIK 0002080921),0002080921,10-K,2026-03-30,2025-12-31,"Richmond, VA",0001193125-26-131747
0001660334-26-000008:vrca-20251231.htm,Verrica Pharmaceuticals Inc.  (VRCA)  (CIK 0001660334),0001660334,10-K,2026-03-11,2025-12-31,"West Chester, PA",0001660334-26-000008
0001193125-26-083194:by-20251231.htm,"BYLINE BANCORP, INC.  (BY)  (CIK 0001702750)",0001702750,10-K,2026-02-27,2025-12-31,"Chicago, IL",0001193125-26-083194
0001437749-26-007387:rbb20251231_10k.htm,RBB Bancorp  (RBB)  (CIK 0001499422),0001499422,10-K,2026-03-09,2025-12-31,"Los Angeles, CA",0001437749-26-007387
0001005817-26-000027:tmp-20251231.htm,TOMPKINS FINANCIAL CORP  (TMP)  (CIK 0001005817),0001005817,10-K,2026-02-26,2025-12-31,"Ithaca, NY",0001005817-26-000027
0001493152-26-013635:form10-k.htm,"Dragonfly Energy Holdings Corp.  (DFLI, DFLIW)  (CIK 0001847986)",0001847986,10-K,2026-03-30,2025-12-31,"Reno, NV",0001493152-26-013635
0000088941-26-000005:smtc-20260125.htm,SEMTECH CORP  (SMTC)  (CIK 0000088941),0000088941,10-K,2026-03-23,2026-01-25,"Camarillo, CA",0000088941-26-000005
0001093557-26-000027:dxcm-20251231.htm,DEXCOM INC  (DXCM)  (CIK 0001093557),0001093557,10-K,2026-02-12,2025-12-31,"San Diego, CA",0001093557-26-000027
0001128361-26-000011:hope-20251231.htm,HOPE BANCORP INC  (HOPE)  (CIK 0001128361),0001128361,10-K,2026-02-25,2025-12-31,"Los Angeles, CA",0001128361-26-000011
0000750004-26-000012:lnw-20251231.htm,"Light & Wonder, Inc.  (LNWO, LAWIL)  (CIK 0000750004)",0000750004,10-K,2026-02-24,2025-12-31,"Las Vegas, NV",0000750004-26-000012
0001104659-26-035188:ganx-20251231x10k.htm,"Gain Therapeutics, Inc.  (GANX)  (CIK 0001819411)",0001819411,10-K,2026-03-26,2025-12-31,"Bethesda, MD",0001104659-26-035188
0000091767-26-000008:son-20251231.htm,SONOCO PRODUCTS CO  (SON)  (CIK 0000091767),0000091767,10-K,2026-02-26,2025-12-31,"Hartsville, SC",0000091767-26-000008
0000037808-26-000007:fnb-20251231.htm,FNB CORP/PA/  (FNB)  (CIK 0000037808),0000037808,10-K,2026-02-24,2025-12-31,"Pittsburgh, PA",0000037808-26-000007
0001104659-26-029004:stim-20251231x10k.htm,"Neuronetics, Inc.  (STIM)  (CIK 0001227636)",0001227636,10-K,2026-03-17,2025-12-31,"Malvern, PA",0001104659-26-029004
0001193125-26-106099:btmd-20251231.htm,biote Corp.  (BTMD)  (CIK 0001819253),0001819253,10-K,2026-03-13,2025-12-31,"Irving, TX",0001193125-26-106099
0000318300-26-000099:pebo-20251231.htm,PEOPLES BANCORP INC  (PEBO)  (CIK 0000318300),0000318300,10-K,2026-02-26,2025-12-31,"Marietta, OH",0000318300-26-000099
0001193125-26-076615:psnl-20251231.htm,"Personalis, Inc.  (PSNL)  (CIK 0001527753)",0001527753,10-K,2026-02-26,2025-12-31,"Fremont, CA",0001193125-26-076615
0001628280-26-011770:imax-20251231.htm,IMAX CORP  (IMAX)  (CIK 0000921582),0000921582,10-K,2026-02-25,2025-12-31,"Mississauga, A6",0001628280-26-011770
0000946155-26-000019:tiaareal-20251231.htm,TIAA REAL ESTATE ACCOUNT  (CIK 0000946155),0000946155,10-K,2026-03-12,2025-12-31,"New York, NY",0000946155-26-000019
0001193125-26-051668:reg-20251231.htm,"REGENCY CENTERS CORP  (REG, REGCO, REGCP)  (CIK 0000910606), REGENCY CENTERS LP  (CIK 0001066247)","0000910606, 0001066247",10-K,2026-02-13,2025-12-31,"Jacksonville, FL, Jacksonville, FL",0001193125-26-051668
0001193125-26-076596:opk-20251231.htm,"OPKO HEALTH, INC.  (OPK)  (CIK 0000944809)",0000944809,10-K,2026-02-26,2025-12-31,"Miami, FL",0001193125-26-076596
0001666700-26-000013:dd-20251231.htm,"DuPont de Nemours, Inc.  (DD)  (CIK 0001666700)",0001666700,10-K,2026-02-17,2025-12-31,"Wilmington, DE",0001666700-26-000013
0001104659-26-021549:mbin-20251231x10k.htm,"Merchants Bancorp  (MBIN, MBINL, MBINM, MBINN)  (CIK 0001629019)",0001629019,10-K,2026-02-27,2025-12-31,"Carmel, IN",0001104659-26-021549
0001437749-26-008021:fnwb20251231_10k.htm,First Northwest Bancorp  (FNWB)  (CIK 0001556727),0001556727,10-K,2026-03-12,2025-12-31,"Port Angeles, WA",0001437749-26-008021
0001493152-26-026334:form10-k.htm,"NextTrip, Inc.  (NTRP)  (CIK 0000788611)",0000788611,10-K,2026-05-29,2026-02-28,"Sante Fe, NM",0001493152-26-026334
0001331465-26-000047:fhlba-20251231.htm,Federal Home Loan Bank of Atlanta  (CIK 0001331465),0001331465,10-K,2026-03-06,2025-12-31,"Atlanta, GA",0001331465-26-000047
0002024218-26-000017:smlp-20251231.htm,Summit Midstream Corp  (SMC)  (CIK 0002024218),0002024218,10-K,2026-03-16,2025-12-31,"Houston, TX",0002024218-26-000017
0002046386-26-000009:mdln-20251231.htm,Medline Inc.  (MDLN)  (CIK 0002046386),0002046386,10-K,2026-02-25,2025-12-31,"Northfield, IL",0002046386-26-000009
0001193125-26-051278:om-20251231.htm,"Outset Medical, Inc.  (OM)  (CIK 0001484612)",0001484612,10-K,2026-02-13,2025-12-31,"San Jose, CA",0001193125-26-051278
0001163165-26-000009:cop-20251231.htm,CONOCOPHILLIPS  (COP)  (CIK 0001163165),0001163165,10-K,2026-02-17,2025-12-31,"Houston, TX",0001163165-26-000009
0001784535-26-000008:prch-20251231.htm,"Porch Group, Inc.  (PRCH)  (CIK 0001784535)",0001784535,10-K,2026-02-20,2025-12-31,"Seattle, WA",0001784535-26-000008
0001104659-26-019419:spg-20251231x10k.pdf,"SIMON PROPERTY GROUP INC.  (SPG, SPG-PJ)  (CIK 0001063761), SIMON PROPERTY GROUP L P  (CIK 0001022344)","0001063761, 0001022344",10-K,2026-02-25,2025-12-31,"Indianapolis, IN, Indianapolis, IN",0001104659-26-019419
0001725160-26-000014:zntl-20251231.htm,"Zentalis Pharmaceuticals, Inc.  (ZNTL)  (CIK 0001725160)",0001725160,10-K,2026-03-26,2025-12-31,"San Diego, CA",0001725160-26-000014
0000736772-26-000031:ccne-20251231.htm,"CNB FINANCIAL CORP/PA  (CCNE, CCNEP)  (CIK 0000736772)",0000736772,10-K,2026-03-11,2025-12-31,"Clearfield, PA",0000736772-26-000031
0000103379-26-000030:vfc-20260328.htm,V F CORP  (VFC)  (CIK 0000103379),0000103379,10-K,2026-05-20,2026-03-28,"Denver, CO",0000103379-26-000030
0000887343-26-000088:colb-20251231.htm,"COLUMBIA BANKING SYSTEM, INC.  (COLB)  (CIK 0000887343)",0000887343,10-K,2026-02-26,2025-12-31,"Tacoma, WA",0000887343-26-000088
0001104659-26-024646:ffic-20251231x10k.htm,FLUSHING FINANCIAL CORP  (FFIC)  (CIK 0000923139),0000923139,10-K,2026-03-06,2025-12-31,"Uniondale, NY",0001104659-26-024646
0001140361-26-012375:femy-20251231.htm,FEMASYS INC  (FEMY)  (CIK 0001339005),0001339005,10-K,2026-03-31,2025-12-31,"Suwanee, GA",0001140361-26-012375
0001104659-26-028106:pfis-20251231x10k.htm,PEOPLES FINANCIAL SERVICES CORP.  (PFIS)  (CIK 0001056943),0001056943,10-K,2026-03-16,2025-12-31,"Moosic, PA",0001104659-26-028106
0001655887-26-000010:obdc-20251231.htm,Blue Owl Capital Corp II  (CIK 0001655887),0001655887,10-K,2026-03-05,2025-12-31,"New York, NY",0001655887-26-000010
0001025378-26-000036:wpc-20251231.htm,W. P. Carey Inc.  (WPC)  (CIK 0001025378),0001025378,10-K,2026-02-11,2025-12-31,"New York, NY",0001025378-26-000036
0001193125-26-083012:aldx-20251231.htm,"Aldeyra Therapeutics, Inc.  (ALDX)  (CIK 0001341235)",0001341235,10-K,2026-02-27,2025-12-31,"Lexington, MA",0001193125-26-083012
0001193125-26-126186:kbon-20251231.htm,"Karbon Capital Partners Corp.  (KBON, KBONU, KBONW)  (CIK 0002088749)",0002088749,10-K,2026-03-26,2025-12-31,Grand Cayman,0001193125-26-126186
0000788816-26-000009:opc-20251231.htm,OGLETHORPE POWER CORP  (CIK 0000788816),0000788816,10-K,2026-03-27,2025-12-31,"Tucker, GA",0000788816-26-000009
0000092380-26-000004:luv-20251231.htm,SOUTHWEST AIRLINES CO  (LUV)  (CIK 0000092380),0000092380,10-K,2026-02-05,2025-12-31,"Dallas, TX",0000092380-26-000004
0001193125-26-083012:aldx-20251231.htm,"Aldeyra Therapeutics, Inc.  (ALDX)  (CIK 0001341235)",0001341235,10-K,2026-02-27,2025-12-31,"Lexington, MA",0001193125-26-083012
0000788816-26-000009:opc-20251231.htm,OGLETHORPE POWER CORP  (CIK 0000788816),0000788816,10-K,2026-03-27,2025-12-31,"Tucker, GA",0000788816-26-000009
0001193125-26-126186:kbon-20251231.htm,"Karbon Capital Partners Corp.  (KBON, KBONU, KBONW)  (CIK 0002088749)",0002088749,10-K,2026-03-26,2025-12-31,Grand Cayman,0001193125-26-126186
0001104659-26-022298:sens-20251231x10k.htm,"Senseonics Holdings, Inc.  (SENS)  (CIK 0001616543)",0001616543,10-K,2026-03-02,2025-12-31,"Germantown, MD",0001104659-26-022298
0001213900-26-034097:ea0279440-10k_cohen2.htm,"Cohen Circle Acquisition Corp. II  (CCII, CCIIU, CCIIW)  (CIK 0002064683)",0002064683,10-K,2026-03-25,2025-12-31,"Philadelphia, PA",0001213900-26-034097
0001493225-26-000037:nfbk-20251231.htm,"Northfield Bancorp, Inc.  (NFBK)  (CIK 0001493225)",0001493225,10-K,2026-03-02,2025-12-31,"Woodbridge, NJ",0001493225-26-000037
0001687229-26-000016:invh-20251231.htm,Invitation Homes Inc.  (INVH)  (CIK 0001687229),0001687229,10-K,2026-02-19,2025-12-31,"Dallas, TX",0001687229-26-000016
0001599298-26-000015:smmt-20251231.htm,Summit Therapeutics Inc.  (SMMT)  (CIK 0001599298),0001599298,10-K,2026-02-23,2025-12-31,"Miami, FL",0001599298-26-000015
0001104659-26-016450:jbgs-20251231x10k.htm,JBG SMITH Properties  (JBGS)  (CIK 0001689796),0001689796,10-K,2026-02-17,2025-12-31,"Bethesda, MD",0001104659-26-016450
0001628280-26-021067:cbci-20251231.htm,"Central Bancompany, Inc.  (CBC)  (CIK 0002065601)",0002065601,10-K,2026-03-25,2025-12-31,"Jefferson City, MO",0001628280-26-021067
0001104659-26-020477:krp-20251231x10k.htm,"Kimbell Royalty Partners, LP  (KRP)  (CIK 0001657788)",0001657788,10-K,2026-02-26,2025-12-31,"Fort Worth, TX",0001104659-26-020477
0001104659-26-031621:drio-20251231x10k.htm,DarioHealth Corp.  (DRIO)  (CIK 0001533998),0001533998,10-K,2026-03-19,2025-12-31,"New York, NY",0001104659-26-031621
0001437749-26-008023:vxrt20251231_10k.htm,"Vaxart, Inc.  (VXRT)  (CIK 0000072444)",0000072444,10-K,2026-03-13,2025-12-31,"South San Francisco, CA",0001437749-26-008023
0001398659-26-000004:g-20251231.htm,Genpact LTD  (G)  (CIK 0001398659),0001398659,10-K,2026-02-26,2025-12-31,"Hamilton, D0",0001398659-26-000004
0001193125-26-067032:tmdx-20251231.htm,"TransMedics Group, Inc.  (TMDX)  (CIK 0001756262)",0001756262,10-K,2026-02-24,2025-12-31,"Andover, MA",0001193125-26-067032
0001193125-26-083221:cvbf-20251231.htm,CVB FINANCIAL CORP  (CVBF)  (CIK 0000354647),0000354647,10-K,2026-02-27,2025-12-31,"Ontario, CA",0001193125-26-083221
0001539838-26-000010:fang-20251231.htm,"Diamondback Energy, Inc.  (FANG)  (CIK 0001539838)",0001539838,10-K,2026-02-25,2025-12-31,"Midland, TX",0001539838-26-000010
0001213900-26-026929:ea0273300-10k_oruka.htm,"Oruka Therapeutics, Inc.  (ORKA)  (CIK 0000907654)",0000907654,10-K,2026-03-12,2025-12-31,"Menlo Park, CA",0001213900-26-026929
0001193125-26-303397:ck0001877184-ex10_4.htm,"KESTRA MEDICAL TECHNOLOGIES, LTD.  (KMTS)  (CIK 0001877184)",0001877184,10-K,2026-07-14,2026-04-30,"Kirkland, WA",0001193125-26-303397
0001001250-26-000041:el-20260630.htm,ESTEE LAUDER COMPANIES INC  (EL)  (CIK 0001001250),0001001250,10-K,2026-08-19,2026-06-30,"New York, NY",0001001250-26-000041
0001193125-26-106453:aspn-20251231.htm,ASPEN AEROGELS INC  (ASPN)  (CIK 0001145986),0001145986,10-K,2026-03-13,2025-12-31,"Northborough, MA",0001193125-26-106453
0001193125-26-097558:sprb-20251231.htm,"SPRUCE BIOSCIENCES, INC.  (SPRB)  (CIK 0001683553)",0001683553,10-K,2026-03-09,2025-12-31,"South San Francisco, CA",0001193125-26-097558
0001193125-26-085678:cers-20251231.htm,CERUS CORP  (CERS)  (CIK 0001020214),0001020214,10-K,2026-03-02,2025-12-31,"Concord, CA",0001193125-26-085678
0001628280-26-012346:dna-20251231.htm,"Ginkgo Bioworks Holdings, Inc.  (DNA, DNABW)  (CIK 0001830214)",0001830214,10-K,2026-02-26,2025-12-31,"Boston, MA",0001628280-26-012346
0001193125-26-055059:hl-20251231.htm,"HECLA MINING CO/DE/  (HL, HL-PB)  (CIK 0000719413)",0000719413,10-K,2026-02-17,2025-12-31,"Coeur D'alene, ID",0001193125-26-055059
0001178913-26-001797:zk2634461.htm,"Entera Bio Ltd.  (ENTX, ENTXW)  (CIK 0001638097)",0001638097,10-K,2026-03-27,2025-12-31,Jerusalem,0001178913-26-001797
0001193125-26-102252:tnya-20251231.htm,"Tenaya Therapeutics, Inc.  (TNYA)  (CIK 0001858848)",0001858848,10-K,2026-03-11,2025-12-31,"South San Francisco, CA",0001193125-26-102252
0000892553-26-000027:gtls-20251231.htm,CHART INDUSTRIES INC  (GTLS)  (CIK 0000892553),0000892553,10-K,2026-02-27,2025-12-31,"The Woodlands, TX",0000892553-26-000027
0001493152-26-012709:form10-k.htm,"Stardust Power Inc.  (SDST, SDSTW)  (CIK 0001831979)",0001831979,10-K,2026-03-25,2025-12-31,"Oklahoma City, OK",0001493152-26-012709
0001104659-26-037697:mcga-20251231x10k.htm,"Yorkville Acquisition Corp.  (MCGA, MCGAU, MCGAW)  (CIK 0002064658)",0002064658,10-K,2026-03-31,2025-12-31,"Mountainside, NJ",0001104659-26-037697
0001104659-26-062807:lfr-20251231x10k.htm,"Lodging Fund REIT III, Inc.  (CIK 0001745032)",0001745032,10-K,2026-05-15,2025-12-31,"Fargo, ND",0001104659-26-062807
0001628280-26-017253:lyel-20251231.htm,"Lyell Immunopharma, Inc.  (LYEL)  (CIK 0001806952)",0001806952,10-K,2026-03-12,2025-12-31,"South San Francisco, CA",0001628280-26-017253
0001193125-26-126192:spro-20251231.htm,"Spero Therapeutics, Inc.  (SPRO)  (CIK 0001701108)",0001701108,10-K,2026-03-26,2025-12-31,"Cambridge, MA",0001193125-26-126192
0001213900-26-073749:ea0295463-10k_olenox.htm,OLENOX INDUSTRIES INC.  (OLOX)  (CIK 0001023994),0001023994,10-K,2026-06-30,2025-12-31,"Conroe, TX",0001213900-26-073749
0001099590-26-000006:meli-20251231.htm,MERCADOLIBRE INC  (MELI)  (CIK 0001099590),0001099590,10-K,2026-02-25,2025-12-31,"Montevideo, X3",0001099590-26-000006
0001193125-26-066965:fblg-20251231.htm,"FibroBiologics, Inc.  (FBLG)  (CIK 0001958777)",0001958777,10-K,2026-02-24,2025-12-31,"Houston, TX",0001193125-26-066965
0001193125-26-082824:yumc-20251231.htm,"Yum China Holdings, Inc.  (YUMC)  (CIK 0001673358)",0001673358,10-K,2026-02-27,2025-12-31,"Plano, TX",0001193125-26-082824
0001857475-26-000028:dole-20251231.htm,Dole plc  (DOLE)  (CIK 0001857475),0001857475,10-K,2026-03-02,2025-12-31,Dublin,0001857475-26-000028
0001193125-26-082893:ck0000885275-20251231.htm,WILSON BANK HOLDING CO  (WBHC)  (CIK 0000885275),0000885275,10-K,2026-02-27,2025-12-31,"Lebanon, TN",0001193125-26-082893
0001213900-26-037460:ea0280065-10k_twenty.htm,"Twenty One Capital, Inc.  (XXI)  (CIK 0002070457)",0002070457,10-K,2026-03-31,2025-12-31,"Austin, TX",0001213900-26-037460
0001628280-26-009842:bg-20251231.htm,Bunge Global SA  (BG)  (CIK 0001996862),0001996862,10-K,2026-02-19,2025-12-31,"Geneva, V8",0001628280-26-009842
0001193125-26-076742:dftx-20251231.htm,"Definium Therapeutics, Inc.  (DFTX)  (CIK 0001813814)",0001813814,10-K,2026-02-26,2025-12-31,"New York, NY",0001193125-26-076742
0001728117-26-000017:goss-20251231.htm,"Gossamer Bio, Inc.  (GOSS)  (CIK 0001728117)",0001728117,10-K,2026-03-17,2025-12-31,"San Diego, CA",0001728117-26-000017
0001193125-26-073472:wve-20251231.htm,Wave Life Sciences Ltd.  (WVE)  (CIK 0001631574),0001631574,10-K,2026-02-26,2025-12-31,"Singapore, U0",0001193125-26-073472
0001193125-26-104181:inab-20251231.htm,"IN8BIO, INC.  (INAB)  (CIK 0001740279)",0001740279,10-K,2026-03-12,2025-12-31,"New York, NY",0001193125-26-104181
0001104659-26-019168:knsa-20251231x10k.htm,"Kiniksa Pharmaceuticals International, plc  (KNSA)  (CIK 0001730430)",0001730430,10-K,2026-02-24,2025-12-31,London,0001104659-26-019168
0001833214-26-000003:sabs-20251231.htm,"SAB Biotherapeutics, Inc.  (SABS, SABSW)  (CIK 0001833214)",0001833214,10-K,2026-03-09,2025-12-31,"Miami Beach, FL",0001833214-26-000003
0001032033-26-000011:slm-20251231.htm,"SLM Corp  (SLM, SLMBP)  (CIK 0001032033)",0001032033,10-K,2026-02-19,2025-12-31,"Newark, DE",0001032033-26-000011
0001193125-26-085428:bitw-20251231.htm,Bitwise 10 Crypto Index ETF  (BITW)  (CIK 0001723788),0001723788,10-K,2026-03-02,2025-12-31,"San Francisco, CA",0001193125-26-085428
0001493152-26-011616:form10-k.htm,GENELUX Corp  (GNLX)  (CIK 0001231457),0001231457,10-K,2026-03-19,2025-12-31,"Westlake Village, CA",0001493152-26-011616
0001974640-26-000002:apge-20251231.htm,"Apogee Therapeutics, Inc.  (APGE)  (CIK 0001974640)",0001974640,10-K,2026-03-02,2025-12-31,"Waltham, MA",0001974640-26-000002
0001125376-26-000007:ensg-20251231.htm,"ENSIGN GROUP, INC  (ENSG)  (CIK 0001125376)",0001125376,10-K,2026-02-04,2025-12-31,"San Juan Capistrano, CA",0001125376-26-000007
0001253986-26-000019:abr-20251231.htm,"ARBOR REALTY TRUST INC  (ABR, ABR-PD, ABR-PE, ABR-PF)  (CIK 0001253986)",0001253986,10-K,2026-02-27,2025-12-31,"Uniondale, NY",0001253986-26-000019
0001104659-26-020112:ewtx-20251231x10k.htm,"Edgewise Therapeutics, Inc.  (EWTX)  (CIK 0001710072)",0001710072,10-K,2026-02-26,2025-12-31,"Boulder, CO",0001104659-26-020112
0001193125-26-131874:fbyd-20251231.htm,"Falcon's Beyond Global, Inc.  (FBYD, FBYDW)  (CIK 0001937987)",0001937987,10-K,2026-03-30,2025-12-31,"Orlando, FL",0001193125-26-131874
0001193125-26-064005:oric-20251231.htm,"Oric Pharmaceuticals, Inc.  (ORIC)  (CIK 0001796280)",0001796280,10-K,2026-02-23,2025-12-31,"South San Francisco, CA",0001193125-26-064005
0001193125-26-088232:elvn-20251231.htm,"Enliven Therapeutics, Inc.  (ELVN)  (CIK 0001672619)",0001672619,10-K,2026-03-03,2025-12-31,"Boulder, CO",0001193125-26-088232
0001193125-26-110664:lgvn-20251231.htm,Longeveron Inc.  (LGVN)  (CIK 0001721484),0001721484,10-K,2026-03-17,2025-12-31,"Miami, FL",0001193125-26-110664
0001069157-26-000009:ewbc-20251231.htm,EAST WEST BANCORP INC  (EWBC)  (CIK 0001069157),0001069157,10-K,2026-02-27,2025-12-31,"Pasadena, CA",0001069157-26-000009
0001193125-26-103027:refi-20251231.htm,"Chicago Atlantic Real Estate Finance, Inc.  (REFI)  (CIK 0001867949)",0001867949,10-K,2026-03-12,2025-12-31,"Chicago, IL",0001193125-26-103027
0000860413-26-000011:fibk-20251231.htm,FIRST INTERSTATE BANCSYSTEM INC  (FIBK)  (CIK 0000860413),0000860413,10-K,2026-02-26,2025-12-31,"Billings, MT",0000860413-26-000011
0001193125-26-104209:tao-20251231.htm,Grayscale Bittensor Trust (TAO)  (GTAO)  (CIK 0002029297),0002029297,10-K,2026-03-12,2025-12-31,"Stamford, CT",0001193125-26-104209
0001104659-26-032080:zura-20251231x10k.htm,Zura Bio Ltd  (ZURA)  (CIK 0001855644),0001855644,10-K,2026-03-19,2025-12-31,"La Jolla, CA",0001104659-26-032080
0001193125-26-098491:dsgn-20251231.htm,"Design Therapeutics, Inc.  (DSGN)  (CIK 0001807120)",0001807120,10-K,2026-03-09,2025-12-31,"Carlsbad, CA",0001193125-26-098491
0001104659-26-013700:wcn-20251231x10k.htm,"Waste Connections, Inc.  (WCN)  (CIK 0001318220)",0001318220,10-K,2026-02-12,2025-12-31,"Woodbridge, A6",0001104659-26-013700
0001104506-26-000009:insm-20251231.htm,INSMED Inc  (INSM)  (CIK 0001104506),0001104506,10-K,2026-02-19,2025-12-31,"Bridgewater, NJ",0001104506-26-000009
0001104659-26-019419:spg-20251231x10k.htm,"SIMON PROPERTY GROUP INC.  (SPG, SPG-PJ)  (CIK 0001063761), SIMON PROPERTY GROUP L P  (CIK 0001022344)","0001063761, 0001022344",10-K,2026-02-25,2025-12-31,"Indianapolis, IN, Indianapolis, IN",0001104659-26-019419
0001714174-26-000007:bur-20251231.htm,Burford Capital Ltd  (BUR)  (CIK 0001714174),0001714174,10-K,2026-02-26,2025-12-31,"St Peter Port, Y7",0001714174-26-000007
0001104659-26-032802:bgo-20251231x10k.htm,"BGO Industrial Real Estate Income Trust, Inc.  (CIK 0001942722)",0001942722,10-K,2026-03-20,2025-12-31,"New York, NY",0001104659-26-032802
0000036270-26-000010:mtb-20251231.htm,"M&T BANK CORP  (MTB, MTB-PH, MTB-PJ, MTB-PK)  (CIK 0000036270)",0000036270,10-K,2026-02-18,2025-12-31,"Buffalo, NY",0000036270-26-000010
0001970622-26-000021:usar-20251231.htm,"USA Rare Earth, Inc.  (USAR)  (CIK 0001970622)",0001970622,10-K,2026-03-30,2025-12-31,"Stillwater, OK",0001970622-26-000021
0001193125-26-126385:rntx-20251231.htm,"Rein Therapeutics, Inc.  (RNTX)  (CIK 0001420565)",0001420565,10-K,2026-03-26,2025-12-31,"Austin, TX",0001193125-26-126385
0001193125-26-085463:wsbc-20251231.htm,"WESBANCO INC  (WSBC, WSBCO)  (CIK 0000203596)",0000203596,10-K,2026-03-02,2025-12-31,"Wheeling, WV",0001193125-26-085463
0002007919-26-000006:inbx-20251231.htm,"Inhibrx Biosciences, Inc.  (INBX)  (CIK 0002007919)",0002007919,10-K,2026-03-19,2025-12-31,"La Jolla, CA",0002007919-26-000006
0001104659-26-019821:tmb-20251231x10k.htm,ICAHN ENTERPRISES L.P.  (IEP)  (CIK 0000813762),0000813762,10-K,2026-02-26,2025-12-31,"Sunny Isles Beach, FL",0001104659-26-019821
0000886744-26-000008:gern-20251231.htm,GERON CORP  (GERN)  (CIK 0000886744),0000886744,10-K,2026-03-02,2025-12-31,"Foster City, CA",0000886744-26-000008
0001178913-26-000953:zk2634529.htm,"Silexion Therapeutics Corp  (SLXN, SLXNW)  (CIK 0002022416)",0002022416,10-K,2026-03-17,2025-12-31,"Ramat Gan, L3",0001178913-26-000953
0001193125-26-077167:aa-20251231.htm,Alcoa Corp  (AA)  (CIK 0001675149),0001675149,10-K,2026-02-26,2025-12-31,"Pittsburgh, PA",0001193125-26-077167
0001104659-26-022367:nbbk-20251231x10k.htm,"NB Bancorp, Inc.  (NBBK)  (CIK 0001979330)",0001979330,10-K,2026-03-03,2025-12-31,"Needham, MA",0001104659-26-022367
0000070502-26-000511:nruc-20260531.htm,NATIONAL RURAL UTILITIES COOPERATIVE FINANCE CORP /DC/  (NRUC)  (CIK 0000070502),0000070502,10-K,2026-07-31,2026-05-31,"Dulles, VA",0000070502-26-000511
0000004904-26-000013:aep-20251231.htm,"AMERICAN ELECTRIC POWER CO INC  (AEP)  (CIK 0000004904), INDIANA MICHIGAN POWER CO  (CIK 0000050172), AEP Texas Inc.  (CIK 0001721781), PUBLIC SERVICE CO OF OKLAHOMA  (CIK 0000081027), SOUTHWESTERN ELECTRIC POWER CO  (CIK 0000092487), AEP Transmission Company, LLC  (CIK 0001702494), APPALACHIAN POWER CO  (CIK 0000006879), OHIO POWER CO  (CIK 0000073986)","0000004904, 0000050172, 0001721781, 0000081027, 0000092487, 0001702494, 0000006879, 0000073986",10-K,2026-02-12,2025-12-31,"Columbus, OH, Columbus, OH, Columbus, OH, Columbus, OH, Columbus, OH, Columbus, OH, Columbus, OH, Columbus, OH",0000004904-26-000013
0001628280-26-021504:dbvt-20251231.htm,"DBV Technologies S.A.  (DBVT, DBVTF)  (CIK 0001613780)",0001613780,10-K,2026-03-26,2025-12-31,"Chatillon, I0",0001628280-26-021504
0001868275-26-000032:ceg-20251231.htm,"Constellation Energy Corp  (CEG)  (CIK 0001868275), CONSTELLATION ENERGY GENERATION LLC  (CIK 0001168165)","0001868275, 0001168165",10-K,2026-02-24,2025-12-31,"Baltimore, MD, Kennett Square, PA",0001868275-26-000032
0001581990-26-000012:pagp-20251231.htm,PLAINS GP HOLDINGS LP  (PAGP)  (CIK 0001581990),0001581990,10-K,2026-02-27,2025-12-31,"Houston, TX",0001581990-26-000012
0001747777-26-000012:ortf-20251231.htm,Blue Owl Technology Finance Corp.  (OTF)  (CIK 0001747777),0001747777,10-K,2026-02-18,2025-12-31,"New York, NY",0001747777-26-000012
0001493152-26-010882:form10-k.htm,"Cingulate Inc.  (CING, CINGW)  (CIK 0001862150)",0001862150,10-K,2026-03-18,2025-12-31,"Kansas City, KS",0001493152-26-010882
0001628280-26-012666:dkl-20251231.htm,"Delek Logistics Partners, LP  (DKL)  (CIK 0001552797)",0001552797,10-K,2026-02-27,2025-12-31,"Brentwood, TN",0001628280-26-012666
0001876042-26-000062:crcl-20251231.htm,"Circle Internet Group, Inc.  (CRCL)  (CIK 0001876042)",0001876042,10-K,2026-03-09,2025-12-31,"New York, NY",0001876042-26-000062
0001657853-26-000008:htz-20251231.htm,"HERTZ GLOBAL HOLDINGS, INC  (HTZ, HTZWW)  (CIK 0001657853), HERTZ CORP  (CIK 0000047129)","0001657853, 0000047129",10-K,2026-02-26,2025-12-31,"Estero, FL, Estero, FL",0001657853-26-000008
0001193125-26-134499:bcab-20251231.htm,"BioAtla, Inc.  (BCAB)  (CIK 0001826892)",0001826892,10-K,2026-03-31,2025-12-31,"San Diego, CA",0001193125-26-134499
0001193125-26-124950:ck0002049595-20251231.htm,BlackRock Monticello Debt Real Estate Investment Trust  (CIK 0002049595),0002049595,10-K,2026-03-26,2025-12-31,"New York, NY",0001193125-26-124950
0001034842-26-000015:rigl-20251231.htm,RIGEL PHARMACEUTICALS INC  (RIGL)  (CIK 0001034842),0001034842,10-K,2026-03-03,2025-12-31,"South San Francisco, CA",0001034842-26-000015
0001193125-26-124117:d31834d10k.htm,"SOLV Energy, Inc.  (MWH)  (CIK 0002065636)",0002065636,10-K,2026-03-25,2025-12-31,"San Diego, CA",0001193125-26-124117
0001628280-26-010336:wal-20251231.htm,"WESTERN ALLIANCE BANCORPORATION  (WAL, WAL-PA)  (CIK 0001212545)",0001212545,10-K,2026-02-23,2025-12-31,"Phoenix, AZ",0001628280-26-010336
0000004962-26-000080:axp-20251231.htm,AMERICAN EXPRESS CO  (AXP)  (CIK 0000004962),0000004962,10-K,2026-02-06,2025-12-31,"New York, NY",0000004962-26-000080
0001628280-26-017692:foa-20251231.htm,"Finance of America Companies Inc.  (FOA, FOACW)  (CIK 0001828937)",0001828937,10-K,2026-03-13,2025-12-31,"Plano, TX",0001628280-26-017692
0001764013-26-000064:imvt-20260331.htm,"Immunovant, Inc.  (IMVT)  (CIK 0001764013)",0001764013,10-K,2026-05-20,2026-03-31,"Durham, NC",0001764013-26-000064
0001679788-26-000015:coin-20251231.htm,"Coinbase Global, Inc.  (COIN)  (CIK 0001679788)",0001679788,10-K,2026-02-12,2025-12-31,"New York, NY",0001679788-26-000015
0000827052-26-000012:eix-20251231.htm,"EDISON INTERNATIONAL  (EIX)  (CIK 0000827052), SOUTHERN CALIFORNIA EDISON Co  (CIK 0000092103)","0000827052, 0000092103",10-K,2026-02-18,2025-12-31,"Rosemead, CA, Rosemead, CA",0000827052-26-000012
0001070423-26-000014:paa-20251231.htm,"PLAINS ALL AMERICAN PIPELINE LP  (PAA, PAAPU)  (CIK 0001070423)",0001070423,10-K,2026-02-27,2025-12-31,"Houston, TX",0001070423-26-000014
0001628280-26-045915:mdt-20260424.htm,"MiniMed Group, Inc.  (MMED)  (CIK 0002062583)",0002062583,10-K,2026-06-29,2026-04-24,"Northridge, CA",0001628280-26-045915
0000078003-26-000026:pfe-20251231.htm,PFIZER INC  (PFE)  (CIK 0000078003),0000078003,10-K,2026-02-26,2025-12-31,"New York, NY",0000078003-26-000026
0001193125-26-094159:avir-20251231.htm,"Atea Pharmaceuticals, Inc.  (AVIR)  (CIK 0001593899)",0001593899,10-K,2026-03-05,2025-12-31,"Boston, MA",0001193125-26-094159
0001193125-26-064009:trmk-20251231.htm,TRUSTMARK CORP  (TRMK)  (CIK 0000036146),0000036146,10-K,2026-02-23,2025-12-31,"Jackson, MS",0001193125-26-064009
0001193125-26-085584:nuvb-20251231.htm,Nuvation Bio Inc.  (NUVB)  (CIK 0001811063),0001811063,10-K,2026-03-02,2025-12-31,"New York, NY",0001193125-26-085584
0001193125-26-126417:rani-20251231.htm,"Rani Therapeutics Holdings, Inc.  (RANI)  (CIK 0001856725)",0001856725,10-K,2026-03-26,2025-12-31,"San Jose, CA",0001193125-26-126417
0001571283-26-000006:rexr-20251231.htm,"Rexford Industrial Realty, Inc.  (REXR, REXR-PB, REXR-PC)  (CIK 0001571283)",0001571283,10-K,2026-02-11,2025-12-31,"Los Angeles, CA",0001571283-26-000006
0001104659-26-024659:gsbc-20251231x10k.htm,"GREAT SOUTHERN BANCORP, INC.  (GSBC)  (CIK 0000854560)",0000854560,10-K,2026-03-06,2025-12-31,"Springfield, MO",0001104659-26-024659
0001104659-26-021898:qure-20251231x10k.htm,uniQure N.V.  (QURE)  (CIK 0001590560),0001590560,10-K,2026-03-02,2025-12-31,Amsterdam,0001104659-26-021898
0001213900-26-044046:ea0282813-10k_profusa.htm,"Profusa, Inc.  (PFSA, NVACW)  (CIK 0001859807)",0001859807,10-K,2026-04-15,2025-12-31,"New York, NY",0001213900-26-044046
0001493152-26-013664:form10-k.htm,Akari Therapeutics Plc  (AKTX)  (CIK 0001541157),0001541157,10-K,2026-03-30,2025-12-31,"Tampa, FL",0001493152-26-013664
0001437749-26-006234:urgn20251231_10k.htm,UroGen Pharma Ltd.  (URGN)  (CIK 0001668243),0001668243,10-K,2026-03-02,2025-12-31,"Ra'anana, L3",0001437749-26-006234
0001193125-26-054533:idya-20251231.htm,"IDEAYA Biosciences, Inc.  (IDYA)  (CIK 0001676725)",0001676725,10-K,2026-02-17,2025-12-31,"South San Francisco, CA",0001193125-26-054533
0001664710-26-000018:kros-20251231.htm,"Keros Therapeutics, Inc.  (KROS)  (CIK 0001664710)",0001664710,10-K,2026-03-04,2025-12-31,"Lexington, MA",0001664710-26-000018
0001193125-26-126536:d82009d10k.htm,"Oaktree Acquisition Corp. III Life Sciences  (OACC, OACCU, OACCW)  (CIK 0002029769)",0002029769,10-K,2026-03-26,2025-12-31,"Los Angeles, CA",0001193125-26-126536
0001411690-26-000007:bngo-20251231.htm,"Bionano Genomics, Inc.  (BNGO)  (CIK 0001411690)",0001411690,10-K,2026-03-23,2025-12-31,"San Diego, CA",0001411690-26-000007
0001628280-26-017019:dtil-20251231.htm,PRECISION BIOSCIENCES INC  (DTIL)  (CIK 0001357874),0001357874,10-K,2026-03-12,2025-12-31,"Durham, NC",0001628280-26-017019
0001193125-26-111462:ck0001923622-20251231.htm,PGIM Private Credit Fund  (PGIM)  (CIK 0001923622),0001923622,10-K,2026-03-18,2025-12-31,"Newark, NJ",0001193125-26-111462
0000875045-26-000013:biib-20251231.htm,BIOGEN INC.  (BIIB)  (CIK 0000875045),0000875045,10-K,2026-02-06,2025-12-31,"Cambridge, MA",0000875045-26-000013
0001193125-26-107169:olma-20251231.htm,"Olema Pharmaceuticals, Inc.  (OLMA)  (CIK 0001750284)",0001750284,10-K,2026-03-16,2025-12-31,"San Francisco, CA",0001193125-26-107169
0001104659-26-024523:rbcaa-20251231x10k.htm,REPUBLIC BANCORP INC /KY/  (RBCAA)  (CIK 0000921557),0000921557,10-K,2026-03-06,2025-12-31,"Louisville, KY",0001104659-26-024523
0001792044-26-000013:vtrs-20251231.htm,Viatris Inc  (VTRS)  (CIK 0001792044),0001792044,10-K,2026-02-26,2025-12-31,"Canonsburg, PA",0001792044-26-000013
0001468174-26-000007:h-20251231.htm,Hyatt Hotels Corp  (H)  (CIK 0001468174),0001468174,10-K,2026-02-13,2025-12-31,"Chicago, IL",0001468174-26-000007
0001104659-26-037729:tvrd-20251231x10k.htm,"Tvardi Therapeutics, Inc.  (TVRD)  (CIK 0001346830)",0001346830,10-K,2026-03-31,2025-12-31,"Sugar Land, TX",0001104659-26-037729
0001827635-26-000013:mane-20251231.htm,"Veradermics, Inc  (MANE)  (CIK 0001827635)",0001827635,10-K,2026-03-30,2025-12-31,"New Haven, CT",0001827635-26-000013
0001438472-26-000023:miax-20251231.htm,"MIAMI INTERNATIONAL HOLDINGS, INC.  (MIAX)  (CIK 0001438472)",0001438472,10-K,2026-03-06,2025-12-31,"Princeton, NJ",0001438472-26-000023
0001493152-26-016854:form10-k.htm,"Vivos Therapeutics, Inc.  (VVOS)  (CIK 0001716166)",0001716166,10-K,2026-04-15,2025-12-31,"Littleton, CO",0001493152-26-016854
0001692819-26-000006:vistra-20251231.htm,Vistra Corp.  (VST)  (CIK 0001692819),0001692819,10-K,2026-02-27,2025-12-31,"Irving, TX",0001692819-26-000006
0001193311-26-000007:c311-20251231x10k.htm,ONCOR ELECTRIC DELIVERY CO LLC  (CIK 0001193311),0001193311,10-K,2026-02-26,2025-12-31,"Dallas, TX",0001193311-26-000007
0001047862-26-000031:ed-20251231.htm,"CONSOLIDATED EDISON INC  (ED)  (CIK 0001047862), CONSOLIDATED EDISON CO OF NEW YORK INC  (CIK 0000023632)","0001047862, 0000023632",10-K,2026-02-19,2025-12-31,"New York, NY, New York, NY",0001047862-26-000031
0001193125-26-115202:tsha-20251231.htm,"Taysha Gene Therapies, Inc.  (TSHA)  (CIK 0001806310)",0001806310,10-K,2026-03-19,2025-12-31,"Dallas, TX",0001193125-26-115202
0001628280-26-021580:snti-20251231.htm,"Senti Biosciences, Inc.  (SNTI)  (CIK 0001854270)",0001854270,10-K,2026-03-27,2025-12-31,"South San Francisco, CA",0001628280-26-021580
0001193125-26-084178:dyn-20251231.htm,"Dyne Therapeutics, Inc.  (DYN)  (CIK 0001818794)",0001818794,10-K,2026-03-02,2025-12-31,"Waltham, MA",0001193125-26-084178
0001193125-26-093932:evmn-20251231.htm,"Evommune, Inc.  (EVMN)  (CIK 0002044725)",0002044725,10-K,2026-03-05,2025-12-31,"Palo Alto, CA",0001193125-26-093932
0001628280-26-025238:mnk-20251231.htm,Keenova Therapeutics plc  (CIK 0001567892),0001567892,10-K,2026-04-15,2025-12-31,Dublin 15,0001628280-26-025238
0002089661-26-000016:sunc-20251231.htm,SunocoCorp LLC  (SUNC)  (CIK 0002089661),0002089661,10-K,2026-02-19,2025-12-31,"Dallas, TX",0002089661-26-000016
0001498547-26-000013:cmft-20251231.htm,"CIM REAL ESTATE FINANCE TRUST, INC.  (CMRF)  (CIK 0001498547)",0001498547,10-K,2026-03-30,2025-12-31,"Phoenix, AZ",0001498547-26-000013
0001552275-26-000021:sun-20251231.htm,Sunoco LP  (SUN)  (CIK 0001552275),0001552275,10-K,2026-02-19,2025-12-31,"Dallas, TX",0001552275-26-000021
0001999784-26-000021:ck0001999784-20251231.htm,North Haven Net REIT  (CIK 0001999784),0001999784,10-K,2026-03-05,2025-12-31,"New York, NY",0001999784-26-000021
0001104659-26-037863:tmc-20251231x10k.htm,"TMC the metals Co Inc.  (TMC, TMCWW)  (CIK 0001798562)",0001798562,10-K,2026-03-31,2025-12-31,"Vancouver, A1",0001104659-26-037863
0001356576-26-000011:supn-20251231.htm,"SUPERNUS PHARMACEUTICALS, INC.  (SUPN)  (CIK 0001356576)",0001356576,10-K,2026-03-02,2025-12-31,"Rockville, MD",0001356576-26-000011
0001193125-26-128496:ck0002012139-20251231.htm,Fortress Private Lending Fund  (CIK 0002012139),0002012139,10-K,2026-03-27,2025-12-31,"New York, NY",0001193125-26-128496
0001193125-26-110825:ck0001818643-20251231.htm,"Phoenix Energy One, LLC  (PHXE-P)  (CIK 0001818643)",0001818643,10-K,2026-03-17,2025-12-31,"Denver, CO",0001193125-26-110825
0001281761-26-000019:rf-20251231.htm,"REGIONS FINANCIAL CORP  (RF, RF-PC, RF-PE, RF-PF)  (CIK 0001281761)",0001281761,10-K,2026-02-24,2025-12-31,"Birmingham, AL",0001281761-26-000019
0001650664-26-000017:edit-20251231.htm,"Editas Medicine, Inc.  (EDIT)  (CIK 0001650664)",0001650664,10-K,2026-03-09,2025-12-31,"Cambridge, MA",0001650664-26-000017
0001104659-26-021492:scco-20251231x10k.htm,SOUTHERN COPPER CORP/  (SCCO)  (CIK 0001001838),0001001838,10-K,2026-02-27,2025-12-31,"Phoenix, AZ",0001104659-26-021492
0001628280-26-011226:arvn-20251231.htm,"ARVINAS, INC.  (ARVN)  (CIK 0001655759)",0001655759,10-K,2026-02-24,2025-12-31,"New Haven, CT",0001628280-26-011226
0001213900-26-061993:ea0287676-10k_aerkomm.htm,Aerkomm Inc.  (CIK 0001590496),0001590496,10-K,2026-05-28,2025-12-31,"Fremont, CA",0001213900-26-061993
0001628280-26-011983:cbio-20251231.htm,"CRESCENT BIOPHARMA, INC.  (CBIO)  (CIK 0001253689)",0001253689,10-K,2026-02-26,2025-12-31,"Waltham, MA",0001628280-26-011983
0001628280-26-012603:wtm-20251231.htm,WHITE MOUNTAINS INSURANCE GROUP LTD  (WTM)  (CIK 0000776867),0000776867,10-K,2026-02-27,2025-12-31,"Hanover, NH",0001628280-26-012603
0000930236-26-000007:rwt-20251231.htm,"REDWOOD TRUST INC  (RWT, RWTN, RWTO, RWTP, RWTQ, RWT-PA)  (CIK 0000930236)",0000930236,10-K,2026-02-27,2025-12-31,"Mill Valley, CA",0000930236-26-000007
0000924805-26-000012:frhc-20260331.htm,Freedom Holding Corp.  (FRHC)  (CIK 0000924805),0000924805,10-K,2026-06-01,2026-03-31,"New York, Ny, NY",0000924805-26-000012
0001628280-26-013256:rc-20251231.htm,"Ready Capital Corp  (RC, RCB, RCC, RCD, RC-PC, RC-PE)  (CIK 0001527590)",0001527590,10-K,2026-03-02,2025-12-31,"New York, NY",0001628280-26-013256
0001057706-26-000007:fbp-20251231.htm,FIRST BANCORP /PR/  (FBP)  (CIK 0001057706),0001057706,10-K,2026-02-27,2025-12-31,"San Juan, PR",0001057706-26-000007
0001193125-26-151294:aspi-20251231.htm,ASP Isotopes Inc.  (ASPI)  (CIK 0001921865),0001921865,10-K,2026-04-10,2025-12-31,"Dallas, TX",0001193125-26-151294
0001104659-26-036494:mgtx-20251231x10k.htm,MeiraGTx Holdings plc  (MGTX)  (CIK 0001735438),0001735438,10-K,2026-03-30,2025-12-31,"New York, NY",0001104659-26-036494
0000783325-26-000018:wec-20251231.htm,"WEC ENERGY GROUP, INC.  (WEC)  (CIK 0000783325)",0000783325,10-K,2026-02-20,2025-12-31,"Milwaukee, WI",0000783325-26-000018
0001232524-26-000013:jazz-20251231.htm,Jazz Pharmaceuticals plc  (JAZZ)  (CIK 0001232524),0001232524,10-K,2026-02-24,2025-12-31,Dublin,0001232524-26-000013
0001655888-26-000010:obdc-20251231.htm,Blue Owl Capital Corp  (OBDC)  (CIK 0001655888),0001655888,10-K,2026-02-18,2025-12-31,"New York, NY",0001655888-26-000010
0001770450-26-000009:xrx-20251231.htm,"Xerox Holdings Corp  (XRX, XRXDW)  (CIK 0001770450), XEROX CORP  (CIK 0000108772)","0001770450, 0000108772",10-K,2026-03-17,2025-12-31,"Norwalk, CT, Norwalk, CT",0001770450-26-000009
0001785530-26-000006:howl-20251231.htm,"Werewolf Therapeutics, Inc.  (HOWL)  (CIK 0001785530)",0001785530,10-K,2026-03-27,2025-12-31,"Watertown, MA",0001785530-26-000006
0001628280-26-013126:ebc-20251231.htm,"Eastern Bankshares, Inc.  (EBC)  (CIK 0001810546)",0001810546,10-K,2026-03-02,2025-12-31,"Boston, MA",0001628280-26-013126
0001788230-26-000046:ipst-20251231.htm,"IP STRATEGY HOLDINGS, INC.  (IPST)  (CIK 0001788230)",0001788230,10-K,2026-04-14,2025-12-31,"Gig Harbor, WA",0001788230-26-000046
0001104659-26-037121:tmb-20251231x10k.htm,New Mountain Net Lease Trust  (CIK 0002033695),0002033695,10-K,2026-03-31,2025-12-31,"New York, NY",0001104659-26-037121
0001812554-26-000011:orcic-20251231.htm,Blue Owl Credit Income Corp.  (CIK 0001812554),0001812554,10-K,2026-03-03,2025-12-31,"New York, NY",0001812554-26-000011
0002055592-26-000026:gemi-20251231.htm,"Gemini Space Station, Inc.  (GEMI)  (CIK 0002055592)",0002055592,10-K,2026-03-31,2025-12-31,"New York, NY",0002055592-26-000026
0001345126-26-000026:codi-20251231.htm,"Compass Diversified Holdings  (CODI, CODI-PA, CODI-PB, CODI-PC)  (CIK 0001345126), Compass Group Diversified Holdings LLC  (CIK 0001345122)","0001345126, 0001345122",10-K,2026-02-27,2025-12-31,"Westport, CT, Westport, CT",0001345126-26-000026
0001847367-26-000006:alms-20251231x10k.htm,ALUMIS INC.  (ALMS)  (CIK 0001847367),0001847367,10-K,2026-03-19,2025-12-31,"South San Francisco, CA",0001847367-26-000006
0001464790-26-000027:rily-20251231.htm,"BRC Group Holdings, Inc.  (RILY, RILYG, RILYK, RILYL, RILYN, RILYP, RILYT, RILYZ)  (CIK 0001464790)",0001464790,10-K/A,2026-04-01,2025-12-31,"Los Angeles, CA",0001464790-26-000027
0001213900-26-036615:ea0283537-10k_isqopen.htm,ISQ Open Infrastructure Co LLC  (CIK 0002059924),0002059924,10-K,2026-03-31,2025-12-31,"Miami, FL",0001213900-26-036615
0001061219-26-000006:epd-20251231.htm,"ENTERPRISE PRODUCTS PARTNERS L.P.  (EPD, EPDU)  (CIK 0001061219)",0001061219,10-K,2026-02-27,2025-12-31,"Houston, TX",0001061219-26-000006
0001740604-26-000020:btgo-form10xk.htm,"BITGO HOLDINGS, INC.  (BTGO)  (CIK 0001740604)",0001740604,10-K,2026-03-27,2025-12-31,"Palo Alto, CA",0001740604-26-000020
0001193125-26-092547:ivvd-20251231.htm,"Invivyd, Inc.  (IVVD)  (CIK 0001832038)",0001832038,10-K,2026-03-05,2025-12-31,"New Haven, CT",0001193125-26-092547
0001464790-26-000024:rily-20251231.htm,"BRC Group Holdings, Inc.  (RILY, RILYG, RILYK, RILYL, RILYN, RILYP, RILYT, RILYZ)  (CIK 0001464790)",0001464790,10-K,2026-03-31,2025-12-31,"Los Angeles, CA",0001464790-26-000024
0001193125-26-065201:cc-20251231.htm,Chemours Co  (CC)  (CIK 0001627223),0001627223,10-K,2026-02-24,2025-12-31,"Wilmington, DE",0001193125-26-065201
0001730463-26-000038:autl-20251231.htm,Autolus Therapeutics plc  (AUTL)  (CIK 0001730463),0001730463,10-K,2026-03-27,2025-12-31,"London, X0",0001730463-26-000038
0001331757-26-000054:fhlbd-20251231.htm,Federal Home Loan Bank of Dallas  (CIK 0001331757),0001331757,10-K,2026-03-20,2025-12-31,"Irving, TX",0001331757-26-000054
0001130310-26-000008:cnp-20251231.htm,"CENTERPOINT ENERGY INC  (CNP)  (CIK 0001130310), CENTERPOINT ENERGY HOUSTON ELECTRIC LLC  (CIK 0000048732), CENTERPOINT ENERGY RESOURCES CORP  (CIK 0001042773)","0001130310, 0000048732, 0001042773",10-K,2026-02-19,2025-12-31,"Houston, TX, Houston, TX, Houston, TX",0001130310-26-000008
0001816590-26-000020:cmps-20251231.htm,COMPASS Pathways plc  (CMPS)  (CIK 0001816590),0001816590,10-K,2026-03-24,2025-12-31,"Chesire, X0",0001816590-26-000020
0001944366-26-000020:osnl-20251231.htm,Blue Owl Real Estate Net Lease Trust  (CIK 0001944366),0001944366,10-K,2026-03-13,2025-12-31,"Chicago, IL",0001944366-26-000020
0001104659-26-017575:tmb-20251231x10k.htm,"PTC THERAPEUTICS, INC.  (PTCT)  (CIK 0001070081)",0001070081,10-K,2026-02-19,2025-12-31,"Warren, NJ",0001104659-26-017575
0000072971-26-000133:wfc-20251231.htm,"WELLS FARGO & COMPANY/MN  (WFC, WFCNP, WFC-PA, WFC-PC, WFC-PD, WFC-PL, WFC-PY, WFC-PZ)  (CIK 0000072971)",0000072971,10-K,2026-02-24,2025-12-31,"San Francisco, CA",0000072971-26-000133
0001825248-26-000007:fbcc-20251231.htm,Franklin BSP Capital Corp  (FRBP)  (CIK 0001825248),0001825248,10-K,2026-03-16,2025-12-31,"New York, NY",0001825248-26-000007
0001026214-26-000021:fmcc-20251231.htm,"FEDERAL HOME LOAN MORTGAGE CORP  (FMCC, FMCCG, FMCCI, FMCCJ, FMCCL, FMCCN, FMCCO, FMCCS, FMCCT, FMCKI, FMCKL, FMCKN, FREJN, FREJO)  (CIK 0001026214)",0001026214,10-K,2026-02-12,2025-12-31,"Mclean, VA",0001026214-26-000021
0000040729-26-000005:ally-20251231.htm,Ally Financial Inc.  (ALLY)  (CIK 0000040729),0000040729,10-K,2026-02-25,2025-12-31,"Detroit, MI",0000040729-26-000005
0001276187-26-000013:et-20251231.htm,"Energy Transfer LP  (ET, ET-PI)  (CIK 0001276187)",0001276187,10-K,2026-02-19,2025-12-31,"Dallas, TX",0001276187-26-000013
0001556593-26-000012:nrz-20251231.htm,"Rithm Capital Corp.  (RITM, RITM-PA, RITM-PB, RITM-PC, RITM-PD, RITM-PE, RITM-PF)  (CIK 0001556593)",0001556593,10-K,2026-02-19,2025-12-31,"New York, NY",0001556593-26-000012
0001326160-26-000014:duk-20251231.htm,"Duke Energy CORP  (DUK, DUKB, DUK-PA)  (CIK 0001326160), Duke Energy Ohio, Inc.  (CIK 0000020290), Duke Energy Carolinas, LLC  (CIK 0000030371), PIEDMONT NATURAL GAS CO INC  (CIK 0000078460), Duke Energy Indiana, LLC  (CIK 0000081020), PROGRESS ENERGY INC  (CIK 0001094093), DUKE ENERGY PROGRESS, LLC.  (CIK 0000017797), DUKE ENERGY FLORIDA, LLC  (CIK 0000037637)","0001326160, 0000020290, 0000030371, 0000078460, 0000081020, 0001094093, 0000017797, 0000037637",10-K,2026-02-26,2025-12-31,"Charlotte, NC, Cincinnati, OH, Charlotte, NC, Charlotte, NC, Plainfield, IN, Raleigh, NC, Raleigh, NC, St. Petersburg, FL",0001326160-26-000014
0001775734-26-000018:ben-20260331.htm,"Beneficient  (BENF, BENFW)  (CIK 0001775734)",0001775734,10-K,2026-06-30,2026-03-31,"Dallas, TX",0001775734-26-000018
0001081316-26-000003:bhe-20251231.htm,"BERKSHIRE HATHAWAY ENERGY CO  (CIK 0001081316), PACIFICORP /OR/  (CIK 0000075594), SIERRA PACIFIC POWER CO  (CIK 0000090144), EASTERN GAS TRANSMISSION & STORAGE, INC.  (CIK 0001936737), MIDAMERICAN FUNDING LLC  (CIK 0001098296), EASTERN ENERGY GAS HOLDINGS, LLC  (CIK 0001603291), NEVADA POWER CO  (CIK 0000071180), MIDAMERICAN ENERGY CO  (CIK 0000928576)","0001081316, 0000075594, 0000090144, 0001936737, 0001098296, 0001603291, 0000071180, 0000928576",10-K,2026-03-02,2025-12-31,"Des Moines, IA, Portland, OR, Reno, NV, Richmond, VA, Des Moines, IA, Richmond, VA, Las Vegas, NV, Des Moines, IA",0001081316-26-000003
